team,poss,points,ppp,tov_rate,efg,orb_poss,avg_seconds,scope,side,split,share,rank_ppp,rank_share,percentile_ppp
ATL,8392.0,9677.0,1.1531220209723547,15.121544327931364,54.81051507872965,11.963775023832222,13.429575786463298,all_minutes,off,all,100.0,17.0,1.0,44.827586206896555
BKN,7854.0,8603.0,1.0953654188948307,15.78813343519226,51.747655583972715,11.968423733129615,15.49974535268653,all_minutes,off,all,100.0,28.0,1.0,6.896551724137931
BOS,7883.0,9527.0,1.2085500443993404,12.279588988963592,56.23217922606925,12.114677153368007,15.449448179627046,all_minutes,off,all,100.0,2.0,1.0,96.55172413793103
CHA,7977.0,8605.0,1.0787263382223893,15.870628055660022,50.432514073870664,13.463708160962767,15.23392252726589,all_minutes,off,all,100.0,29.0,1.0,3.4482758620689653
CHI,8397.0,9655.0,1.149815410265571,14.314636179587946,55.495016611295675,10.313207097773013,13.40931284982732,all_minutes,off,all,100.0,19.0,1.0,37.93103448275862
CLE,8150.0,9994.0,1.2262576687116564,13.276073619631902,57.94398815133971,11.607361963190185,13.88355828220859,all_minutes,off,all,100.0,1.0,1.0,100.0
DAL,8115.0,9357.0,1.1530499075785583,14.121996303142328,55.072463768115945,10.881084411583487,14.51829944547135,all_minutes,off,all,100.0,18.0,1.0,41.37931034482759
DEN,8194.0,9896.0,1.2077129607029533,14.254332438369538,57.56417258328782,11.459604588723456,14.193434220161093,all_minutes,off,all,100.0,4.0,1.0,89.65517241379311
DET,8149.0,9459.0,1.1607559209718985,14.922076328383852,54.90931405972999,11.940115351576882,14.347650018407167,all_minutes,off,all,100.0,14.0,1.0,55.172413793103445
GSW,8047.0,9317.0,1.157822791102274,14.30346713060768,53.77843986998917,12.8992170995402,14.623089350068348,all_minutes,off,all,100.0,15.0,1.0,51.724137931034484
HOU,8060.0,9361.0,1.1614143920595534,14.106699751861044,52.3765876653136,15.434243176178661,14.94863523573201,all_minutes,off,all,100.0,13.0,1.0,58.620689655172406
IND,8202.0,9616.0,1.1723969763472324,13.167520117044623,56.33986033137067,9.631797122653012,14.059131919044136,all_minutes,off,all,100.0,8.0,1.0,75.86206896551724
LAC,7996.0,9244.0,1.1560780390195098,15.220110055027513,55.541383219954646,10.655327663831917,15.095422711355678,all_minutes,off,all,100.0,16.0,1.0,48.275862068965516
LAL,7962.0,9293.0,1.1671690530017584,14.330570208490329,55.87856222254045,10.123084652097463,15.187390102989198,all_minutes,off,all,100.0,10.0,1.0,68.96551724137932
MEM,8387.0,9962.0,1.187790628353404,15.321330630738048,55.602939246818,12.877071658519137,13.51365208060093,all_minutes,off,all,100.0,6.0,1.0,82.75862068965517
MIA,7937.0,9063.0,1.1418672042333375,14.022930578304146,54.54801068466188,10.469950863046492,15.167947587249591,all_minutes,off,all,100.0,21.0,1.0,31.03448275862069
MIL,8116.0,9467.0,1.1664613109906359,13.491867915229177,57.01033847896898,8.994578610152784,14.584031542631838,all_minutes,off,all,100.0,11.0,1.0,65.51724137931035
MIN,7986.0,9362.0,1.1723015276734285,14.813423491109443,55.61687858041079,11.733032807412973,14.860881542699724,all_minutes,off,all,100.0,9.0,1.0,72.41379310344827
NOP,8108.0,8998.0,1.1097681302417366,14.750863344844598,51.98423484642566,12.518500246669955,14.631475086334484,all_minutes,off,all,100.0,26.0,1.0,13.793103448275861
NYK,7951.0,9474.0,1.191548232926676,13.608351150798642,55.80357142857143,11.973336687209155,15.478556156458307,all_minutes,off,all,100.0,5.0,1.0,86.20689655172413
OKC,8167.0,9866.0,1.208032325211216,11.766866658503734,56.104957805907176,11.521978694747153,13.910126117301335,all_minutes,off,all,100.0,3.0,1.0,93.10344827586206
ORL,7822.0,8631.0,1.103426233699821,14.868320122730761,51.21341898643826,12.61825620046024,15.599846586550754,all_minutes,off,all,100.0,27.0,1.0,10.344827586206897
PHI,7979.0,8984.0,1.1259556335380374,13.99924802606843,52.878957691230035,11.580398546183732,15.248527384384008,all_minutes,off,all,100.0,22.0,1.0,27.586206896551722
PHX,8008.0,9313.0,1.162962037962038,14.398101898101897,56.202209005947324,10.314685314685315,15.267732267732267,all_minutes,off,all,100.0,12.0,1.0,62.06896551724138
POR,8104.0,9080.0,1.1204343534057255,16.152517275419545,52.25915875169606,13.906712734452123,14.475197433366239,all_minutes,off,all,100.0,23.0,1.0,24.137931034482758
SAC,8074.0,9478.0,1.173891503591776,13.462967550161013,54.96670743307514,11.567996036660887,14.563289571463958,all_minutes,off,all,100.0,7.0,1.0,79.3103448275862
SAS,8135.0,9330.0,1.1468961278426553,13.97664413030117,54.552889858233364,11.284572833435771,14.355500921942225,all_minutes,off,all,100.0,20.0,1.0,34.48275862068966
TOR,8182.0,9086.0,1.1104864336348081,15.362991933512587,52.462656439241016,12.869714006355416,14.069054021021755,all_minutes,off,all,100.0,25.0,1.0,17.24137931034483
UTA,8195.0,9171.0,1.1190970103721782,17.12019524100061,53.46848710522687,12.702867602196461,15.019524100061012,all_minutes,off,all,100.0,24.0,1.0,20.689655172413794
WAS,8237.0,8849.0,1.0742988952288455,15.442515478936505,51.32725292676287,11.33907976204929,14.27194366881146,all_minutes,off,all,100.0,30.0,1.0,0.0
ATL,8397.0,9763.0,1.1626771465999761,15.624627843277361,56.178784590341834,10.801476717875431,14.737882577110874,all_minutes,def,all,100.0,19.0,1.0,37.93103448275862
BKN,7852.0,9189.0,1.1702750891492613,15.601120733571063,55.902020642535255,11.500254712175243,14.625445746306674,all_minutes,def,all,100.0,23.0,1.0,24.137931034482758
BOS,7858.0,8781.0,1.1174599134639858,13.311275133621786,52.37997537956504,11.606006617459913,14.689488419445151,all_minutes,def,all,100.0,5.0,1.0,86.20689655172413
CHA,7967.0,9352.0,1.17384209865696,13.643780594954185,54.938016528925615,12.062256809338521,14.401405798920548,all_minutes,def,all,100.0,24.0,1.0,20.689655172413794
CHI,8419.0,9783.0,1.162014491032189,12.198598408362038,54.066924066924074,11.414657322722412,14.662430217365483,all_minutes,def,all,100.0,18.0,1.0,41.37931034482759
CLE,8152.0,9204.0,1.1290480863591756,14.53631010794897,52.92059219380888,12.463199214916584,15.107703631010795,all_minutes,def,all,100.0,8.0,1.0,75.86206896551724
DAL,8115.0,9443.0,1.1636475662353667,13.382624768946396,54.02666666666667,12.48305606900801,14.55317313616759,all_minutes,def,all,100.0,20.0,1.0,34.48275862068966
DEN,8219.0,9573.0,1.1647402360384476,12.860445309648375,54.26845285001314,12.191264144056454,14.736829297968123,all_minutes,def,all,100.0,21.0,1.0,31.03448275862069
DET,8152.0,9304.0,1.141315014720314,15.088321884200194,54.0125173852573,11.616781157998037,14.711236506378803,all_minutes,def,all,100.0,11.0,1.0,65.51724137931035
GSW,8055.0,9046.0,1.1230291744258225,15.990068280571073,54.24289332958063,11.11111111111111,14.675853507138424,all_minutes,def,all,100.0,7.0,1.0,79.3103448275862
HOU,8050.0,8982.0,1.115776397515528,14.571428571428571,52.993348115299334,11.267080745341614,14.42832298136646,all_minutes,def,all,100.0,4.0,1.0,89.65517241379311
IND,8226.0,9433.0,1.1467298808655482,14.940432774130805,54.69876240990072,11.646000486263068,14.841964502796012,all_minutes,def,all,100.0,13.0,1.0,58.620689655172406
LAC,7989.0,8868.0,1.1100262861434473,15.421204155714108,53.81706621004566,10.602077857053448,14.53673801477031,all_minutes,def,all,100.0,3.0,1.0,93.10344827586206
LAL,7974.0,9189.0,1.152370203160271,14.008026084775521,54.12667946257198,12.114371708051166,14.422372711311763,all_minutes,def,all,100.0,15.0,1.0,51.724137931034484
MEM,8401.0,9574.0,1.1396262349720272,14.783954291155815,53.49673637937925,12.331865254136412,14.555172003332936,all_minutes,def,all,100.0,10.0,1.0,68.96551724137932
MIA,7939.0,9013.0,1.135281521602217,14.27131880589495,54.436152570480935,11.134903640256958,14.849225343242223,all_minutes,def,all,100.0,9.0,1.0,72.41379310344827
MIL,8090.0,9264.0,1.1451174289245982,12.978986402966624,53.505237711522966,11.557478368355994,14.57132262051916,all_minutes,def,all,100.0,12.0,1.0,62.06896551724138
MIN,7990.0,8953.0,1.120525657071339,15.09386733416771,53.40845854201447,11.827284105131413,14.819399249061327,all_minutes,def,all,100.0,6.0,1.0,82.75862068965517
NOP,8091.0,9771.0,1.2076381164256582,14.163885799035967,56.616154782844,12.507724632307502,14.552960079100234,all_minutes,def,all,100.0,29.0,1.0,3.4482758620689653
NYK,7971.0,9151.0,1.1480366327938778,14.904027098231087,55.01952035694367,11.441475348136997,14.368962489022707,all_minutes,def,all,100.0,14.0,1.0,55.172413793103445
OKC,8148.0,8822.0,1.0827196858124692,17.083946980854197,51.534346846846844,12.407952871870398,14.967476681394206,all_minutes,def,all,100.0,1.0,1.0,100.0
ORL,7817.0,8641.0,1.105411283100934,16.975821926570294,53.96277394175924,10.643469361647691,14.574517078162978,all_minutes,def,all,100.0,2.0,1.0,96.55172413793103
PHI,7969.0,9493.0,1.191241059104028,16.38850545865228,57.19419391206313,12.19726439954825,14.443217467687289,all_minutes,def,all,100.0,26.0,1.0,13.793103448275861
PHX,8007.0,9556.0,1.1934557262395404,12.476582989883852,55.36005434782608,11.802173098538779,14.358311477457224,all_minutes,def,all,100.0,27.0,1.0,10.344827586206897
POR,8087.0,9334.0,1.1541980957091629,15.691851119080006,54.47616407982262,12.192407567701249,14.742055150241129,all_minutes,def,all,100.0,17.0,1.0,44.827586206896555
SAC,8071.0,9443.0,1.1699913269731137,14.075083632759261,55.842978664063594,10.853673646388303,14.885392144715649,all_minutes,def,all,100.0,22.0,1.0,27.586206896551722
SAS,8113.0,9556.0,1.1778626895106619,13.76802662393689,55.31816377827755,12.387526192530506,14.689880438801923,all_minutes,def,all,100.0,25.0,1.0,17.24137931034483
TOR,8188.0,9436.0,1.152418172936004,15.107474352711284,54.27522172949002,11.834391792867612,14.865779189057157,all_minutes,def,all,100.0,16.0,1.0,48.275862068965516
UTA,8210.0,9930.0,1.2095006090133984,11.741778319123021,56.16104375329467,11.875761266747869,13.847990255785627,all_minutes,def,all,100.0,30.0,1.0,0.0
WAS,8249.0,9871.0,1.1966298945326705,13.21372287550006,54.95056031641398,12.728815614013818,14.347193599224148,all_minutes,def,all,100.0,28.0,1.0,6.896551724137931
ATL,1379.0,1984.0,1.438723712835388,20.594633792603336,89.95656894679695,0.0,4.623640319071791,all_minutes,off,quick_live_7s,16.432316491897044,25.0,2.0,17.24137931034483
BKN,1119.0,1594.0,1.4244861483467381,20.285969615728327,88.21954484605087,0.0,4.512064343163539,all_minutes,off,quick_live_7s,14.24751718869366,26.0,22.0,13.793103448275861
BOS,952.0,1462.0,1.5357142857142858,17.54201680672269,93.46210995542347,0.0,4.83718487394958,all_minutes,off,quick_live_7s,12.076620575922872,5.0,30.0,86.20689655172413
CHA,1025.0,1365.0,1.3317073170731708,23.219512195121954,85.70336391437309,0.0,4.757073170731707,all_minutes,off,quick_live_7s,12.84944214617024,30.0,28.0,0.0
CHI,1372.0,2003.0,1.4599125364431487,19.533527696793,90.13230429988974,0.0,4.663265306122449,all_minutes,off,quick_live_7s,16.339168750744314,18.0,4.0,41.37931034482759
CLE,1166.0,1844.0,1.58147512864494,18.096054888507716,96.94132334581774,0.0,4.84991423670669,all_minutes,off,quick_live_7s,14.306748466257668,1.0,20.0,100.0
DAL,1196.0,1782.0,1.4899665551839465,20.066889632107024,92.76807980049875,0.0,4.719063545150502,all_minutes,off,quick_live_7s,14.738139248305608,9.0,16.0,72.41379310344827
DEN,1394.0,2031.0,1.456958393113343,19.010043041606885,89.30851063829788,0.0,4.523672883787661,all_minutes,off,quick_live_7s,17.012448132780083,19.0,1.0,37.93103448275862
DET,1335.0,1962.0,1.4696629213483146,18.50187265917603,88.41594827586206,0.0,4.464419475655431,all_minutes,off,quick_live_7s,16.382378205914836,14.0,3.0,55.172413793103445
GSW,1130.0,1629.0,1.4415929203539823,20.61946902654867,90.62909567496723,0.0,4.669026548672567,all_minutes,off,quick_live_7s,14.042500310674786,22.0,23.0,27.586206896551722
HOU,1215.0,1778.0,1.463374485596708,18.43621399176955,89.28571428571429,0.0,4.503703703703704,all_minutes,off,quick_live_7s,15.074441687344914,17.0,12.0,44.827586206896555
IND,1272.0,1918.0,1.5078616352201257,17.61006289308176,91.58192090395481,0.0,4.5581761006289305,all_minutes,off,quick_live_7s,15.508412582297002,6.0,8.0,82.75862068965517
LAC,1252.0,1814.0,1.4488817891373802,21.3258785942492,91.40914709517924,0.0,4.457667731629393,all_minutes,off,quick_live_7s,15.657828914457228,21.0,7.0,31.03448275862069
LAL,1154.0,1662.0,1.440207972270364,20.797227036395146,90.69462647444298,0.0,4.420277296360485,all_minutes,off,quick_live_7s,14.493845767395127,23.0,17.0,24.137931034482758
MEM,1347.0,2096.0,1.5560504825538233,20.56421677802524,98.43400447427292,0.0,4.63177431328879,all_minutes,off,quick_live_7s,16.060569929653035,3.0,5.0,93.10344827586206
MIA,1091.0,1613.0,1.4784601283226397,19.706691109074242,92.05020920502092,0.0,4.585701191567369,all_minutes,off,quick_live_7s,13.745747763638654,12.0,25.0,62.06896551724138
MIL,1228.0,1782.0,1.4511400651465798,20.11400651465798,90.05037783375315,0.0,4.608306188925082,all_minutes,off,quick_live_7s,15.130606209955644,20.0,11.0,34.48275862068966
MIN,1069.0,1566.0,1.4649204864359213,20.39289055191768,91.12676056338029,0.0,4.617399438727783,all_minutes,off,quick_live_7s,13.385925369396443,16.0,27.0,48.275862068965516
NOP,1222.0,1812.0,1.4828150572831424,19.394435351882162,93.43558282208589,0.0,4.623567921440262,all_minutes,off,quick_live_7s,15.071534287123828,11.0,13.0,65.51724137931035
NYK,1143.0,1710.0,1.4960629921259843,17.84776902887139,89.58594730238394,0.0,4.678040244969379,all_minutes,off,quick_live_7s,14.37555024525217,7.0,19.0,79.3103448275862
OKC,1254.0,1979.0,1.5781499202551834,15.311004784688995,92.36509758897819,0.0,4.705741626794258,all_minutes,off,quick_live_7s,15.354475327537651,2.0,9.0,96.55172413793103
ORL,1069.0,1574.0,1.4724041159962582,18.52198316183349,89.44759206798867,0.0,4.371375116931712,all_minutes,off,quick_live_7s,13.666581436972642,13.0,26.0,58.620689655172406
PHI,1137.0,1667.0,1.4661389621811785,20.052770448548813,90.02751031636865,0.0,4.434476693051891,all_minutes,off,quick_live_7s,14.249906003258554,15.0,21.0,51.724137931034484
PHX,987.0,1473.0,1.4924012158054711,19.959473150962513,93.22916666666666,0.0,4.609929078014185,all_minutes,off,quick_live_7s,12.325174825174825,8.0,29.0,75.86206896551724
POR,1243.0,1695.0,1.3636363636363635,21.238938053097346,85.70528967254408,0.0,4.423169750603379,all_minutes,off,quick_live_7s,15.338104639684106,29.0,10.0,3.4482758620689653
SAC,1110.0,1648.0,1.4846846846846846,20.09009009009009,92.2237380627558,0.0,4.511711711711712,all_minutes,off,quick_live_7s,13.747832548922467,10.0,24.0,68.96551724137932
SAS,1225.0,1885.0,1.5387755102040817,19.75510204081633,95.36817102137766,0.0,4.593469387755102,all_minutes,off,quick_live_7s,15.05838967424708,4.0,14.0,89.65517241379311
TOR,1303.0,1838.0,1.4105909439754414,19.723714504988486,88.07077625570776,0.0,4.607060629316961,all_minutes,off,quick_live_7s,15.925201662185284,28.0,6.0,6.896551724137931
UTA,1181.0,1670.0,1.414055884843353,23.624047417442846,91.68831168831169,0.0,4.5723962743437765,all_minutes,off,quick_live_7s,14.411226357535082,27.0,18.0,10.344827586206897
WAS,1235.0,1777.0,1.4388663967611337,18.704453441295545,88.62028301886792,0.0,4.553846153846154,all_minutes,off,quick_live_7s,14.99332281170329,24.0,15.0,20.689655172413794
ATL,1256.0,1876.0,1.4936305732484076,21.4171974522293,94.36964504283965,0.0,4.373407643312102,all_minutes,def,quick_live_7s,14.957722996308206,18.0,14.0,41.37931034482759
BKN,1231.0,1854.0,1.5060926076360683,20.064987814784725,94.1717791411043,0.0,4.337124289195776,all_minutes,def,quick_live_7s,15.677534386143657,22.0,5.0,27.586206896551722
BOS,1104.0,1514.0,1.3713768115942029,21.920289855072465,87.48299319727892,0.0,4.836956521739131,all_minutes,def,quick_live_7s,14.049376431662001,2.0,23.0,96.55172413793103
CHA,1251.0,1807.0,1.4444444444444444,19.82414068745004,88.54916067146283,0.0,4.489208633093525,all_minutes,def,quick_live_7s,15.702271871469813,11.0,4.0,65.51724137931035
CHI,1170.0,1696.0,1.4495726495726495,17.094017094017094,86.3357843137255,0.0,4.743589743589744,all_minutes,def,quick_live_7s,13.897137427247891,12.0,26.0,62.06896551724138
CLE,1170.0,1658.0,1.4170940170940172,21.367521367521366,89.01170351105333,0.0,4.538461538461538,all_minutes,def,quick_live_7s,14.352306182531894,7.0,18.0,79.3103448275862
DAL,1167.0,1692.0,1.4498714652956297,19.28020565552699,88.68660598179454,0.0,4.648671808054841,all_minutes,def,quick_live_7s,14.380776340110907,13.0,17.0,58.620689655172406
DEN,1169.0,1826.0,1.5620188195038494,16.5098374679213,92.62101534828807,0.0,4.577416595380667,all_minutes,def,quick_live_7s,14.223141501399198,29.0,21.0,3.4482758620689653
DET,1133.0,1583.0,1.3971756398940864,21.35922330097087,87.30929264909847,0.0,4.578111209179171,all_minutes,def,quick_live_7s,13.898429833169773,4.0,25.0,89.65517241379311
GSW,1152.0,1650.0,1.4322916666666667,21.09375,90.07832898172323,0.0,4.645833333333333,all_minutes,def,quick_live_7s,14.30167597765363,9.0,19.0,72.41379310344827
HOU,1103.0,1550.0,1.4052583862194017,22.30281051677244,89.21985815602837,0.0,4.699002719854941,all_minutes,def,quick_live_7s,13.701863354037267,6.0,27.0,82.75862068965517
IND,1099.0,1645.0,1.4968152866242037,16.833484986351227,89.61384820239681,0.0,4.860782529572338,all_minutes,def,quick_live_7s,13.360077802090931,19.0,30.0,37.93103448275862
LAC,1198.0,1771.0,1.478297161936561,19.36560934891486,92.15686274509804,0.0,4.549248747913189,all_minutes,def,quick_live_7s,14.995618976092127,17.0,13.0,44.827586206896555
LAL,1241.0,1901.0,1.531829170024174,17.7276390008058,93.26241134751773,0.0,4.5656728444802575,all_minutes,def,quick_live_7s,15.563080010032607,25.0,6.0,17.24137931034483
MEM,1290.0,1895.0,1.4689922480620154,22.093023255813954,94.64922711058263,0.0,4.470542635658915,all_minutes,def,quick_live_7s,15.355314843471016,15.0,9.0,51.724137931034484
MIA,1112.0,1728.0,1.5539568345323742,16.81654676258993,93.2020330368488,0.0,4.747302158273381,all_minutes,def,quick_live_7s,14.006801864214635,28.0,24.0,6.896551724137931
MIL,1164.0,1748.0,1.5017182130584192,16.752577319587626,89.27250308261405,0.0,4.597079037800687,all_minutes,def,quick_live_7s,14.388133498145859,21.0,16.0,31.03448275862069
MIN,1137.0,1675.0,1.473175021987687,20.932277924362356,93.59313077939234,0.0,4.66490765171504,all_minutes,def,quick_live_7s,14.23028785982478,16.0,20.0,48.275862068965516
NOP,1295.0,1958.0,1.5119691119691119,17.606177606177607,92.3076923076923,0.0,4.416216216216216,all_minutes,def,quick_live_7s,16.00543814114448,23.0,2.0,24.137931034482758
NYK,1130.0,1584.0,1.4017699115044249,22.212389380530972,89.18205804749341,0.0,4.6601769911504425,all_minutes,def,quick_live_7s,14.176389411617112,5.0,22.0,86.20689655172413
OKC,1092.0,1438.0,1.3168498168498168,26.373626373626376,88.07266982622433,0.0,4.637362637362638,all_minutes,def,quick_live_7s,13.402061855670103,1.0,29.0,100.0
ORL,1188.0,1656.0,1.393939393939394,24.326599326599325,92.16783216783216,0.0,4.515151515151516,all_minutes,def,quick_live_7s,15.197646155814251,3.0,11.0,93.10344827586206
PHI,1219.0,1886.0,1.5471698113207548,18.457752255947497,94.21487603305785,0.0,4.545529122231337,all_minutes,def,quick_live_7s,15.296775003137157,27.0,10.0,10.344827586206897
PHX,1215.0,1899.0,1.5629629629629629,16.954732510288064,94.37125748502993,0.0,4.621399176954733,all_minutes,def,quick_live_7s,15.174222555264144,30.0,12.0,0.0
POR,1292.0,1832.0,1.4179566563467492,21.36222910216718,90.09661835748793,0.0,4.462074303405573,all_minutes,def,quick_live_7s,15.976258192160255,8.0,3.0,75.86206896551724
SAC,1097.0,1581.0,1.4412032816773017,18.596171376481312,87.19008264462809,0.0,4.66362807657247,all_minutes,def,quick_live_7s,13.591872134803618,10.0,28.0,68.96551724137932
SAS,1189.0,1824.0,1.534062237174096,18.502943650126156,93.05064782096584,0.0,4.679562657695542,all_minutes,def,quick_live_7s,14.655491186983854,26.0,15.0,13.793103448275861
TOR,1266.0,1841.0,1.4541864139020537,19.510268562401265,90.26442307692307,0.0,4.590047393364929,all_minutes,def,quick_live_7s,15.461651196873474,14.0,8.0,55.172413793103445
UTA,1392.0,2085.0,1.4978448275862069,17.025862068965516,90.55727554179566,0.0,4.434626436781609,all_minutes,def,quick_live_7s,16.954933008526186,20.0,1.0,34.48275862068966
WAS,1283.0,1960.0,1.5276695245518317,17.614964925954794,92.48291571753985,0.0,4.640685892439595,all_minutes,def,quick_live_7s,15.553400412171174,24.0,7.0,20.689655172413794
ATL,3782.0,4340.0,1.1475409836065573,14.357482813326284,54.015771028037385,12.057112638815441,15.805658381808566,all_minutes,off,after_make,45.066730219256435,11.0,8.0,65.51724137931035
BKN,3528.0,3786.0,1.0731292517006803,16.41156462585034,51.65488431876607,11.394557823129253,18.569160997732425,all_minutes,off,after_make,44.919786096256686,25.0,10.0,17.24137931034483
BOS,3455.0,4214.0,1.2196816208393633,12.098408104196816,56.11963190184049,12.56150506512301,18.52011577424023,all_minutes,off,after_make,43.82849169098059,1.0,21.0,100.0
CHA,3548.0,3771.0,1.0628523111612176,16.149943630214207,49.81406879454602,13.049605411499437,17.961386696730553,all_minutes,off,after_make,44.47787388742635,27.0,14.0,10.344827586206897
CHI,3826.0,4237.0,1.1074228959749086,14.767381076842657,53.759836782279216,10.167276529012023,15.650026136957658,all_minutes,off,after_make,45.56389186614267,18.0,6.0,41.37931034482759
CLE,3560.0,4274.0,1.200561797752809,13.342696629213483,57.47970018738289,10.44943820224719,16.275,all_minutes,off,after_make,43.68098159509202,2.0,23.0,96.55172413793103
DAL,3734.0,4112.0,1.101231922870916,14.167113015532939,52.39313666465984,10.578468130690947,17.484199250133905,all_minutes,off,after_make,46.01355514479359,21.0,2.0,31.03448275862069
DEN,3631.0,4236.0,1.1666207656293033,14.62407050399339,55.96669750231268,10.85100523271826,17.54502891765354,all_minutes,off,after_make,44.3129118867464,6.0,16.0,82.75862068965517
DET,3585.0,4044.0,1.1280334728033472,15.536959553695956,53.66614664586583,11.548117154811715,17.55760111576011,all_minutes,off,after_make,43.99312799116456,16.0,18.0,48.275862068965516
GSW,3423.0,3870.0,1.1305872042068361,13.672217353198949,52.054794520547944,12.766579024247736,17.322524101665206,all_minutes,off,after_make,42.53759164906176,15.0,28.0,51.724137931034484
HOU,3511.0,3975.0,1.1321560808886357,13.614354884648247,50.58979652020054,15.60808886357163,18.23013386499573,all_minutes,off,after_make,43.560794044665016,14.0,24.0,55.172413793103445
IND,3589.0,4152.0,1.1568682084146003,12.92839230983561,55.6704260651629,9.250487601003064,16.654778489830036,all_minutes,off,after_make,43.757620092660325,8.0,22.0,75.86206896551724
LAC,3386.0,3749.0,1.1072061429415239,15.711754282339044,53.781228899392296,9.716479621972828,18.88629651506202,all_minutes,off,after_make,42.346173086543274,19.0,29.0,37.93103448275862
LAL,3569.0,4116.0,1.1532642196693752,13.58924068366489,54.484944532488115,9.862706640515551,18.35724292518913,all_minutes,off,after_make,44.825420748555636,10.0,12.0,68.96551724137932
MEM,3680.0,4310.0,1.171195652173913,14.483695652173914,54.7071129707113,12.309782608695652,15.939130434782609,all_minutes,off,after_make,43.877429354954096,4.0,20.0,89.65517241379311
MIA,3405.0,3780.0,1.1101321585903083,14.008810572687224,53.21160743397457,10.102790014684288,18.07430249632893,all_minutes,off,after_make,42.900340178908905,17.0,27.0,44.827586206896555
MIL,3567.0,4121.0,1.1553125876086348,13.400616764788337,55.749519538757205,9.335576114381833,17.902158676759182,all_minutes,off,after_make,43.950221784130115,9.0,19.0,72.41379310344827
MIN,3448.0,4024.0,1.1670533642691416,14.269141531322504,55.206985769728334,11.1368909512761,17.71171693735499,all_minutes,off,after_make,43.175557225144004,5.0,26.0,86.20689655172413
NOP,3727.0,3918.0,1.0512476522672392,15.21330829085055,49.334713187463045,12.557016367051247,17.500939093104375,all_minutes,off,after_make,45.96694622594968,29.0,3.0,3.4482758620689653
NYK,3569.0,4137.0,1.1591482207901374,13.196973942280751,53.463855421686745,12.356402353600448,18.924628747548333,all_minutes,off,after_make,44.88743554269903,7.0,11.0,79.3103448275862
OKC,3381.0,3989.0,1.1798284531203787,12.09701271813073,55.46850015989766,11.06181603076013,16.686187518485657,all_minutes,off,after_make,41.39831027305008,3.0,30.0,93.10344827586206
ORL,3385.0,3604.0,1.0646971935007385,15.568685376661742,49.5242782152231,12.58493353028065,18.960709010339734,all_minutes,off,after_make,43.275377141396056,26.0,25.0,13.793103448275861
PHI,3648.0,4039.0,1.1071820175438596,13.760964912280702,52.44723156928725,11.211622807017543,18.27330043859649,all_minutes,off,after_make,45.72001503947863,20.0,5.0,34.48275862068966
PHX,3681.0,4212.0,1.1442542787286063,14.26242868785656,55.049261083743836,10.241782124422711,17.880195599022006,all_minutes,off,after_make,45.96653346653346,12.0,4.0,62.06896551724138
POR,3644.0,3986.0,1.0938529088913282,16.657519209659714,51.59302675082657,13.52908891328211,17.542261251372118,all_minutes,off,after_make,44.96544916090819,22.0,9.0,27.586206896551722
SAC,3588.0,4063.0,1.1323857302118172,13.54515050167224,52.833638025594155,12.01226309921962,17.344202898550726,all_minutes,off,after_make,44.43893980678722,13.0,15.0,58.620689655172406
SAS,3636.0,3965.0,1.0904840484048406,13.22882288228823,50.599880023995205,11.66116611661166,17.230198019801982,all_minutes,off,after_make,44.69575906576521,23.0,13.0,24.137931034482758
TOR,3615.0,3882.0,1.0738589211618257,15.961272475795296,51.09601728928682,11.867219917012447,16.959336099585062,all_minutes,off,after_make,44.18235150329993,24.0,17.0,20.689655172413794
UTA,3894.0,4131.0,1.0608628659476118,16.82074987159733,50.07248477819658,12.378017462763227,18.29969183359014,all_minutes,off,after_make,47.51677852348993,28.0,1.0,6.896551724137931
WAS,3734.0,3851.0,1.0313336904124264,15.827530798071773,49.56033959975743,10.89983931440814,16.97911087305838,all_minutes,off,after_make,45.33203836348185,30.0,7.0,0.0
ATL,3762.0,4180.0,1.1111111111111112,15.922381711855396,53.71875940981632,11.084529505582138,17.782296650717704,all_minutes,def,after_make,44.80171489817792,11.0,12.0,65.51724137931035
BKN,3283.0,3711.0,1.1303685653365825,16.204690831556505,54.762741652021084,10.72190070057874,17.915016752969844,all_minutes,def,after_make,41.81100356597046,18.0,29.0,41.37931034482759
BOS,3476.0,3872.0,1.1139240506329113,12.658227848101266,52.370689655172406,10.960874568469507,17.540563866513235,all_minutes,def,after_make,44.23517434461695,12.0,17.0,62.06896551724138
CHA,3324.0,3808.0,1.1456077015643802,12.785800240673886,52.760736196319016,12.63537906137184,17.522262334536702,all_minutes,def,after_make,41.72210367767039,22.0,30.0,27.586206896551722
CHI,3707.0,4271.0,1.1521445913137307,11.896412193148098,53.87323943661971,10.43970865929323,17.52630159158349,all_minutes,def,after_make,44.031357643425586,25.0,18.0,17.24137931034483
CLE,3799.0,4095.0,1.077915240852856,14.293235061858384,50.257069408740364,12.503290339563042,18.084759147143984,all_minutes,def,after_make,46.60206084396467,4.0,2.0,89.65517241379311
DAL,3618.0,4179.0,1.1550580431177446,12.962962962962962,54.08132977144553,11.967938087341071,17.492537313432837,all_minutes,def,after_make,44.58410351201479,26.0,14.0,13.793103448275861
DEN,3934.0,4526.0,1.1504829689883072,12.887646161667515,53.05785123966942,12.277580071174377,17.522114895780376,all_minutes,def,after_make,47.8647037352476,24.0,1.0,20.689655172413794
DET,3662.0,4126.0,1.1267067176406336,15.756417258328781,53.81738859457775,11.114145275805571,17.489350081922446,all_minutes,def,after_make,44.92149165848872,17.0,9.0,44.827586206896555
GSW,3499.0,3816.0,1.0905973135181481,16.033152329236923,52.25370251126851,11.346098885395827,17.636467562160618,all_minutes,def,after_make,43.43885785226567,7.0,24.0,79.3103448275862
HOU,3642.0,3948.0,1.0840197693574958,14.332784184514002,51.2321265591725,11.367380560131796,16.980230642504118,all_minutes,def,after_make,45.24223602484472,5.0,7.0,86.20689655172413
IND,3707.0,4167.0,1.1240895602913408,15.376315079579175,54.05770964833183,11.410844348529809,17.7159428108983,all_minutes,def,after_make,45.064429856552394,15.0,8.0,51.724137931034484
LAC,3582.0,3823.0,1.0672808486878838,16.192071468453378,51.96583951015147,10.134003350083752,17.39670575097711,all_minutes,def,after_make,44.83665039429215,3.0,10.0,93.10344827586206
LAL,3573.0,3964.0,1.109431849986006,13.71396585502379,52.054169202678025,11.586901763224182,17.371676462356564,all_minutes,def,after_make,44.808126410835214,10.0,11.0,68.96551724137932
MEM,3843.0,4207.0,1.0947176684881603,13.739266198282593,50.41606886657102,12.542284673432214,17.607338017174083,all_minutes,def,after_make,45.74455421973575,8.0,5.0,75.86206896551724
MIA,3462.0,3759.0,1.08578856152513,14.558058925476603,51.971383147853736,10.860774119006354,17.77094165222415,all_minutes,def,after_make,43.60750724272579,6.0,21.0,82.75862068965517
MIL,3597.0,4115.0,1.1440088963024744,12.621629135390602,53.299492385786806,11.287183764247985,17.355296080066722,all_minutes,def,after_make,44.46229913473424,21.0,15.0,31.03448275862069
MIN,3538.0,3902.0,1.1028829847371395,15.29112492933861,52.619122751656676,11.758055398530242,17.624929338609384,all_minutes,def,after_make,44.28035043804756,9.0,16.0,72.41379310344827
NOP,3525.0,4189.0,1.188368794326241,13.900709219858157,55.25261860751694,12.170212765957448,17.709787234042555,all_minutes,def,after_make,43.5669262143122,30.0,22.0,0.0
NYK,3705.0,4155.0,1.1214574898785425,14.385964912280702,53.347343140198134,11.039136302294198,17.088259109311743,all_minutes,def,after_make,46.480993601806546,14.0,4.0,55.172413793103445
OKC,3791.0,4046.0,1.0672645739910314,16.328145608018993,50.85765874210051,11.870218939593775,17.70377209179636,all_minutes,def,after_make,46.52675503190967,2.0,3.0,96.55172413793103
ORL,3368.0,3573.0,1.0608669833729216,17.81472684085511,52.41935483870967,10.184085510688837,17.46080760095012,all_minutes,def,after_make,43.08558270436229,1.0,26.0,100.0
PHI,3464.0,3936.0,1.136258660508083,17.147806004618936,54.851973684210535,11.836027713625866,17.316974595842957,all_minutes,def,after_make,43.468440205797464,20.0,23.0,34.48275862068966
PHX,3575.0,4138.0,1.1574825174825174,12.475524475524475,53.6060606060606,11.636363636363637,17.32111888111888,all_minutes,def,after_make,44.64843262145622,27.0,13.0,10.344827586206897
POR,3503.0,3912.0,1.1167570653725378,16.071938338566945,53.05991669336751,11.989723094490436,17.938909506137595,all_minutes,def,after_make,43.31643378261407,13.0,25.0,58.620689655172406
SAC,3683.0,4167.0,1.1314146076568015,14.852022807493892,54.4935145151328,10.100461580233505,17.69399945696443,all_minutes,def,after_make,45.63251146078553,19.0,6.0,37.93103448275862
SAS,3569.0,4098.0,1.1482207901372934,14.093583636873074,53.872814948764315,12.63659288316055,17.625105071448584,all_minutes,def,after_make,43.99112535436953,23.0,19.0,24.137931034482758
TOR,3587.0,4039.0,1.1260105938109841,15.444661276833008,52.44522070498571,11.987733482018399,17.887649846668527,all_minutes,def,after_make,43.808011724474845,16.0,20.0,48.275862068965516
UTA,3489.0,4126.0,1.1825738033820579,11.292633992548009,54.848203221809165,11.149326454571511,17.04700487245629,all_minutes,def,after_make,42.496954933008524,29.0,27.0,3.4482758620689653
WAS,3462.0,4040.0,1.1669555170421722,12.96938186019642,53.548994974874375,12.333911034084345,17.465915655690353,all_minutes,def,after_make,41.968723481634136,28.0,28.0,6.896551724137931
ATL,770.0,989.0,1.2844155844155845,13.766233766233766,61.67146974063401,12.857142857142856,8.276623376623377,all_minutes,off,after_steal,9.175405147759772,22.0,4.0,27.586206896551722
BKN,618.0,756.0,1.2233009708737863,12.7831715210356,55.536028119507904,12.459546925566343,8.750809061488674,all_minutes,off,after_steal,7.868601986249045,27.0,18.0,10.344827586206897
BOS,574.0,755.0,1.3153310104529616,14.111498257839722,64.9312377210216,9.581881533101045,9.134146341463415,all_minutes,off,after_steal,7.281491817835849,20.0,26.0,34.48275862068966
CHA,592.0,735.0,1.241554054054054,12.66891891891892,57.19489981785064,13.344594594594595,8.631756756756756,all_minutes,off,after_steal,7.421336341983202,25.0,24.0,17.24137931034483
CHI,598.0,815.0,1.362876254180602,12.54180602006689,65.0,10.367892976588628,7.996655518394649,all_minutes,off,after_steal,7.121591044420626,11.0,29.0,65.51724137931035
CLE,651.0,938.0,1.4408602150537635,10.599078341013826,65.5144694533762,14.439324116743471,8.494623655913978,all_minutes,off,after_steal,7.987730061349693,2.0,16.0,96.55172413793103
DAL,622.0,858.0,1.3794212218649518,13.826366559485532,69.85018726591761,9.003215434083602,8.22347266881029,all_minutes,off,after_steal,7.664818237831176,6.0,22.0,82.75862068965517
DEN,635.0,878.0,1.3826771653543306,12.283464566929133,65.96119929453262,11.023622047244094,7.700787401574803,all_minutes,off,after_steal,7.749572858188919,5.0,20.0,86.20689655172413
DET,638.0,894.0,1.401253918495298,11.598746081504702,66.6958041958042,10.344827586206897,7.614420062695925,all_minutes,off,after_steal,7.829181494661921,4.0,19.0,89.65517241379311
GSW,755.0,1019.0,1.3496688741721854,13.245033112582782,64.4927536231884,12.980132450331125,9.245033112582782,all_minutes,off,after_steal,9.382378526158817,13.0,3.0,58.620689655172406
HOU,670.0,887.0,1.3238805970149254,13.73134328358209,61.80904522613066,13.28358208955224,7.917910447761194,all_minutes,off,after_steal,8.312655086848634,18.0,9.0,41.37931034482759
IND,677.0,908.0,1.341211225997046,12.998522895125554,65.30782029950083,8.714918759231907,7.824224519940916,all_minutes,off,after_steal,8.254084369665936,14.0,10.0,55.172413793103445
LAC,758.0,1035.0,1.3654353562005277,12.137203166226913,64.24501424501425,10.817941952506596,8.390501319261213,all_minutes,off,after_steal,9.479739869934969,10.0,2.0,68.96551724137932
LAL,615.0,787.0,1.2796747967479676,15.284552845528454,65.55343511450383,8.780487804878048,8.721951219512196,all_minutes,off,after_steal,7.724189902034665,23.0,21.0,24.137931034482758
MEM,713.0,951.0,1.3338008415147264,15.848527349228611,62.945736434108525,13.604488078541374,8.518934081346423,all_minutes,off,after_steal,8.501251937522355,16.0,7.0,48.275862068965516
MIA,648.0,782.0,1.2067901234567902,12.808641975308642,58.04701627486437,9.104938271604938,9.046296296296296,all_minutes,off,after_steal,8.164293813783544,29.0,13.0,3.4482758620689653
MIL,583.0,791.0,1.3567753001715266,10.120068610634648,64.42307692307693,9.262435677530018,8.644939965694682,all_minutes,off,after_steal,7.183341547560375,12.0,27.0,62.06896551724138
MIN,640.0,843.0,1.3171875,14.21875,61.58432708688245,13.125,8.6234375,all_minutes,off,after_steal,8.014024542950162,19.0,15.0,37.93103448275862
NOP,685.0,881.0,1.2861313868613138,13.284671532846716,63.84228187919463,9.197080291970803,7.7635036496350365,all_minutes,off,after_steal,8.448445979279724,21.0,8.0,31.03448275862069
NYK,652.0,936.0,1.4355828220858895,12.269938650306749,67.81045751633987,12.423312883435583,8.170245398773005,all_minutes,off,after_steal,8.200226386618036,3.0,12.0,93.10344827586206
OKC,823.0,1126.0,1.3681652490887,11.907654921020656,65.28871391076116,9.963547995139733,8.352369380315917,all_minutes,off,after_steal,10.077139708583323,8.0,1.0,75.86206896551724
ORL,709.0,947.0,1.3356840620592383,12.270803949224259,64.36507936507937,10.860366713681241,8.74330042313117,all_minutes,off,after_steal,9.064177959601125,15.0,6.0,51.724137931034484
PHI,730.0,933.0,1.2780821917808218,13.424657534246576,59.86342943854325,10.95890410958904,8.442465753424658,all_minutes,off,after_steal,9.149016167439529,24.0,5.0,20.689655172413794
PHX,574.0,831.0,1.4477351916376306,11.149825783972126,68.29944547134936,12.020905923344948,8.594076655052264,all_minutes,off,after_steal,7.167832167832168,1.0,28.0,100.0
POR,665.0,818.0,1.2300751879699248,15.639097744360903,58.402662229617306,13.984962406015036,8.123308270676691,all_minutes,off,after_steal,8.205824284304047,26.0,11.0,13.793103448275861
SAC,602.0,824.0,1.3687707641196014,11.627906976744185,63.45811051693404,10.631229235880399,8.820598006644518,all_minutes,off,after_steal,7.456031706712905,7.0,23.0,79.3103448275862
SAS,659.0,900.0,1.3657056145675266,13.201820940819422,65.86378737541528,11.836115326251896,8.192716236722307,all_minutes,off,after_steal,8.10079901659496,9.0,14.0,72.41379310344827
TOR,652.0,864.0,1.3251533742331287,12.73006134969325,61.24401913875598,15.337423312883436,7.697852760736196,all_minutes,off,after_steal,7.968711806404302,17.0,17.0,44.827586206896555
UTA,540.0,650.0,1.2037037037037037,14.25925925925926,60.416666666666664,10.185185185185185,7.772222222222222,all_minutes,off,after_steal,6.589383770591824,30.0,30.0,0.0
WAS,608.0,742.0,1.2203947368421053,13.651315789473683,58.532110091743114,11.677631578947368,7.9917763157894735,all_minutes,off,after_steal,7.381328153453927,28.0,25.0,6.896551724137931
ATL,736.0,1002.0,1.361413043478261,14.130434782608695,65.4434250764526,10.733695652173914,8.441576086956522,all_minutes,def,after_steal,8.765035131594617,21.0,7.0,31.03448275862069
BKN,651.0,890.0,1.3671274961597542,12.442396313364055,64.37074829931973,12.59600614439324,8.497695852534562,all_minutes,def,after_steal,8.290881304126337,24.0,13.0,20.689655172413794
BOS,552.0,683.0,1.2373188405797102,14.130434782608695,59.67741935483871,10.869565217391305,7.945652173913044,all_minutes,def,after_steal,7.0246882158310004,3.0,28.0,93.10344827586206
CHA,695.0,948.0,1.3640287769784172,11.942446043165468,64.50858034321372,11.654676258992806,8.732374100719424,all_minutes,def,after_steal,8.723484373038785,23.0,8.0,24.137931034482758
CHI,650.0,886.0,1.363076923076923,10.307692307692308,63.42062193126022,11.076923076923077,8.39076923076923,all_minutes,def,after_steal,7.7206319040266065,22.0,21.0,27.586206896551722
CLE,621.0,825.0,1.328502415458937,14.331723027375201,62.97909407665505,12.88244766505636,8.68599033816425,all_minutes,def,after_steal,7.617762512266929,15.0,22.0,51.724137931034484
DAL,651.0,862.0,1.3241167434715821,11.674347158218126,60.11513157894737,13.978494623655912,8.831029185867896,all_minutes,def,after_steal,8.022181146025877,13.0,16.0,58.620689655172406
DEN,703.0,971.0,1.3812233285917497,11.095305832147938,63.95173453996983,12.233285917496444,7.926031294452347,all_minutes,def,after_steal,8.553351989293102,28.0,10.0,6.896551724137931
DET,705.0,914.0,1.29645390070922,13.75886524822695,62.0,11.914893617021278,8.499290780141845,all_minutes,def,after_steal,8.648184494602551,10.0,9.0,68.96551724137932
GSW,605.0,760.0,1.256198347107438,14.214876033057852,60.49270072992701,12.066115702479339,8.543801652892562,all_minutes,def,after_steal,7.510862818125388,4.0,24.0,89.65517241379311
HOU,637.0,770.0,1.2087912087912087,15.2276295133438,58.71143375680581,10.675039246467819,8.87441130298273,all_minutes,def,after_steal,7.91304347826087,2.0,18.0,96.55172413793103
IND,572.0,740.0,1.2937062937062938,13.636363636363635,61.328125,12.062937062937063,8.23951048951049,all_minutes,def,after_steal,6.953561876975443,8.0,29.0,75.86206896551724
LAC,704.0,926.0,1.3153409090909092,13.494318181818182,65.15873015873017,10.511363636363637,8.335227272727273,all_minutes,def,after_steal,8.81211666040806,11.0,5.0,65.51724137931035
LAL,657.0,869.0,1.3226788432267884,12.02435312024353,62.47933884297521,12.1765601217656,7.856925418569254,all_minutes,def,after_steal,8.239277652370202,12.0,15.0,62.06896551724138
MEM,693.0,940.0,1.3564213564213565,14.862914862914863,66.28664495114006,11.255411255411255,8.033189033189034,all_minutes,def,after_steal,8.249017974050709,19.0,14.0,37.93103448275862
MIA,597.0,800.0,1.340033500837521,12.060301507537687,64.62093862815884,10.217755443886096,8.532663316582914,all_minutes,def,after_steal,7.5198387706260235,16.0,23.0,48.275862068965516
MIL,584.0,793.0,1.3578767123287672,11.643835616438356,64.06844106463878,11.301369863013697,8.575342465753424,all_minutes,def,after_steal,7.218788627935722,20.0,26.0,34.48275862068966
MIN,665.0,902.0,1.356390977443609,11.729323308270677,64.37908496732027,11.428571428571429,8.62406015037594,all_minutes,def,after_steal,8.32290362953692,18.0,12.0,41.37931034482759
NOP,714.0,990.0,1.3865546218487395,13.445378151260504,66.77115987460816,10.644257703081232,7.8655462184873945,all_minutes,def,after_steal,8.82461994809047,29.0,4.0,3.4482758620689653
NYK,560.0,713.0,1.2732142857142856,14.642857142857144,61.70825335892515,13.035714285714286,8.344642857142857,all_minutes,def,after_steal,7.025467319031489,5.0,27.0,86.20689655172413
OKC,532.0,627.0,1.1785714285714286,17.857142857142858,57.795100222717146,11.654135338345863,8.398496240601503,all_minutes,def,after_steal,6.529209621993128,1.0,30.0,100.0
ORL,616.0,786.0,1.275974025974026,15.0974025974026,60.147601476014756,11.363636363636363,8.855519480519481,all_minutes,def,after_steal,7.880260969681463,6.0,19.0,82.75862068965517
PHI,596.0,791.0,1.3271812080536913,14.597315436241612,62.92134831460674,12.416107382550337,8.35234899328859,all_minutes,def,after_steal,7.478981051574853,14.0,25.0,55.172413793103445
PHX,680.0,932.0,1.3705882352941177,11.176470588235295,66.25615763546799,9.558823529411764,7.673529411764706,all_minutes,def,after_steal,8.492569002123142,26.0,11.0,13.793103448275861
POR,760.0,985.0,1.2960526315789473,14.342105263157896,61.240875912408754,13.157894736842104,8.505263157894737,all_minutes,def,after_steal,9.397798936564856,9.0,2.0,72.41379310344827
SAC,625.0,844.0,1.3504,11.200000000000001,63.261648745519715,10.08,8.8224,all_minutes,def,after_steal,7.743774005699418,17.0,20.0,44.827586206896555
SAS,649.0,896.0,1.3805855161787366,11.556240369799692,64.60032626427406,12.01848998459168,8.480739599383668,all_minutes,def,after_steal,7.9995069641316405,27.0,17.0,10.344827586206897
TOR,742.0,948.0,1.2776280323450135,12.129380053908356,59.587020648967545,11.859838274932615,8.81132075471698,all_minutes,def,after_steal,9.062042012701514,7.0,3.0,79.3103448275862
UTA,778.0,1065.0,1.3688946015424164,12.082262210796916,69.20289855072464,8.483290488431876,7.161953727506427,all_minutes,def,after_steal,9.476248477466505,25.0,1.0,17.24137931034483
WAS,726.0,1015.0,1.3980716253443526,11.15702479338843,66.61631419939576,9.917355371900827,7.961432506887053,all_minutes,def,after_steal,8.80106679597527,30.0,6.0,0.0
ATL,2393.0,2709.0,1.1320518178019223,16.08859172586711,54.61245839277223,11.199331383201002,10.545340576681989,all_minutes,off,after_miss,28.515252621544327,25.0,25.0,17.24137931034483
BKN,2215.0,2470.0,1.1151241534988714,14.582392776523703,52.59838546922301,11.060948081264108,11.369751693002257,all_minutes,off,after_miss,28.20218996689585,26.0,27.0,13.793103448275861
BOS,2446.0,2921.0,1.1941946034341782,12.183156173344235,56.26945309026233,11.16107931316435,12.262469337694194,all_minutes,off,after_miss,31.02879614360015,5.0,7.0,86.20689655172413
CHA,2445.0,2664.0,1.0895705521472392,15.991820040899796,51.433121019108285,12.719836400817996,12.032310838445808,all_minutes,off,after_miss,30.65062053403535,30.0,10.0,0.0
CHI,2644.0,3127.0,1.18267776096823,13.199697428139185,57.13982150446238,9.833585476550681,10.50302571860817,all_minutes,off,after_miss,31.487435989043703,10.0,3.0,68.96551724137932
CLE,2557.0,3139.0,1.22761048103246,13.687915526007039,58.376288659793815,11.771607352366054,11.13296832225264,all_minutes,off,after_miss,31.374233128834355,1.0,4.0,100.0
DAL,2411.0,2772.0,1.1497304023226878,14.143508917461634,54.92890995260663,11.281625881377021,11.082953131480714,all_minutes,off,after_miss,29.710412815773257,18.0,19.0,41.37931034482759
DEN,2569.0,3149.0,1.2257687816270924,14.636045153756324,58.77577885037297,11.794472557415336,10.528610354223433,all_minutes,off,after_miss,31.352208933365876,2.0,5.0,96.55172413793103
DET,2425.0,2818.0,1.162061855670103,14.845360824742269,55.01833180568286,12.371134020618557,10.655670103092783,all_minutes,off,after_miss,29.758252546324705,16.0,18.0,48.275862068965516
GSW,2403.0,2745.0,1.142322097378277,15.563878485226802,54.69537333944113,12.109862671660425,11.715771951727008,all_minutes,off,after_miss,29.862060395178325,20.0,17.0,34.48275862068966
HOU,2497.0,2929.0,1.1730076091309571,14.617541049259112,53.80830124090714,15.218261914297157,11.725270324389268,all_minutes,off,after_miss,30.980148883374692,14.0,8.0,55.172413793103445
IND,2401.0,2819.0,1.1740941274468972,12.994585589337776,56.1624649859944,9.704289879216994,11.126197417742608,all_minutes,off,after_miss,29.273347963911238,12.0,24.0,62.06896551724138
LAC,2483.0,2877.0,1.1586790173177608,16.190092629883207,55.6655918931368,11.558598469593234,11.455094643576318,all_minutes,off,after_miss,31.053026513256626,17.0,6.0,44.827586206896555
LAL,2412.0,2856.0,1.1840796019900497,14.220563847429519,56.9351763584366,9.82587064676617,11.449419568822554,all_minutes,off,after_miss,30.293896006028636,9.0,12.0,72.41379310344827
MEM,2527.0,3032.0,1.1998417095370004,16.026909378709934,57.24061810154525,12.346656113969132,10.569054214483577,all_minutes,off,after_miss,30.129963038035058,4.0,15.0,89.65517241379311
MIA,2519.0,2876.0,1.1417229059150455,14.450178642318381,54.27369353410098,11.075823739579198,12.003175863437873,all_minutes,off,after_miss,31.73743227919869,21.0,2.0,31.03448275862069
MIL,2581.0,3042.0,1.178612940720651,13.59938008523828,59.05829596412556,8.058891902363426,11.025571483920961,all_minutes,off,after_miss,31.801379990142927,11.0,1.0,65.51724137931035
MIN,2396.0,2813.0,1.1740400667779634,15.31719532554257,56.56279508970727,11.56093489148581,11.7779632721202,all_minutes,off,after_miss,30.00250438266967,13.0,16.0,58.620689655172406
NOP,2299.0,2610.0,1.135276207046542,13.7016093953893,53.14885496183206,12.092214006089604,11.325358851674642,all_minutes,off,after_miss,28.35471139615195,23.0,26.0,24.137931034482758
NYK,2348.0,2800.0,1.192504258943782,14.69335604770017,57.11519845111326,10.90289608177172,11.546422487223168,all_minutes,off,after_miss,29.530876619293174,6.0,21.0,82.75862068965517
OKC,2481.0,3028.0,1.2204756146715035,11.28577186618299,55.62117235345582,11.76944780330512,11.252720677146312,all_minutes,off,after_miss,30.37835190400392,3.0,11.0,93.10344827586206
ORL,2198.0,2430.0,1.105550500454959,14.012738853503185,50.17811704834606,12.602365787079162,12.181073703366698,all_minutes,off,after_miss,28.10023012017387,28.0,29.0,6.896551724137931
PHI,2186.0,2495.0,1.1413540713632204,14.272644098810613,54.1515308770109,10.841720036596524,11.513266239707228,all_minutes,off,after_miss,27.396916906880563,22.0,30.0,27.586206896551722
PHX,2417.0,2743.0,1.1348779478692594,15.225486139842781,56.25,9.350434422838228,12.20852296235002,all_minutes,off,after_miss,30.182317682317684,24.0,14.0,20.689655172413794
POR,2284.0,2611.0,1.143169877408056,14.973730297723293,52.50602409638554,13.879159369527144,10.879159369527146,all_minutes,off,after_miss,28.183613030602174,19.0,28.0,37.93103448275862
SAC,2477.0,2933.0,1.1840936616875253,14.089624545821557,56.666666666666664,10.496568429551877,11.458215583366977,all_minutes,off,after_miss,30.67872182313599,8.0,9.0,75.86206896551724
SAS,2389.0,2838.0,1.1879447467559647,14.483047300125577,58.15370196813496,10.50648807032231,11.042695688572625,all_minutes,off,after_miss,29.366933005531653,7.0,22.0,79.3103448275862
TOR,2417.0,2653.0,1.09764170459247,15.184112536201901,51.89289012003694,12.908564335953661,10.556474968969797,all_minutes,off,after_miss,29.540454656563185,29.0,20.0,3.4482758620689653
UTA,2479.0,2896.0,1.1682129891085116,17.91044776119403,56.23572407492006,13.19080274304155,11.192416296893908,all_minutes,off,after_miss,30.250152532031727,15.0,13.0,51.724137931034484
WAS,2416.0,2686.0,1.1117549668874172,14.90066225165563,52.78545119705341,11.79635761589404,10.999586092715232,all_minutes,off,after_miss,29.331067136093235,27.0,23.0,10.344827586206897
ATL,2443.0,2898.0,1.186246418338109,15.963978714695045,57.52128666035951,10.560785918952108,11.332378223495702,all_minutes,def,after_miss,29.093723949029414,25.0,22.0,17.24137931034483
BKN,2432.0,2830.0,1.1636513157894737,15.830592105263158,55.741176470588236,11.225328947368421,11.080180921052632,all_minutes,def,after_miss,30.973000509424352,13.0,7.0,58.620689655172406
BOS,2486.0,2754.0,1.1078037007240547,14.279967819790828,52.3956043956044,11.62510056315366,11.40748189863234,all_minutes,def,after_miss,31.63654874013744,3.0,2.0,93.10344827586206
CHA,2443.0,2899.0,1.1866557511256652,14.244781006958657,56.37907296925195,11.379451494064675,11.132623823168236,all_minutes,def,after_miss,30.663988954437055,26.0,12.0,13.793103448275861
CHI,2585.0,2910.0,1.125725338491296,13.075435203094777,52.7907967618236,11.644100580270793,11.54274661508704,all_minutes,def,after_miss,30.704359187551965,6.0,10.0,82.75862068965517
CLE,2352.0,2716.0,1.1547619047619047,15.051020408163266,56.02207293666027,10.714285714285714,11.43452380952381,all_minutes,def,after_miss,28.85181550539745,10.0,23.0,68.96551724137932
DAL,2438.0,2779.0,1.1398687448728466,13.822805578342903,53.70539798719122,11.238720262510254,11.058244462674324,all_minutes,def,after_miss,30.043130006161427,7.0,16.0,79.3103448275862
DEN,2247.0,2617.0,1.1646639964396974,12.594570538495772,54.78697941598851,12.016021361815755,11.43213173119715,all_minutes,def,after_miss,27.339092347000854,14.0,30.0,55.172413793103445
DET,2325.0,2688.0,1.1561290322580646,14.537634408602152,54.41389290882779,12.043010752688172,11.637419354838709,all_minutes,def,after_miss,28.52060843964671,11.0,25.0,65.51724137931035
GSW,2442.0,2792.0,1.1433251433251432,15.233415233415235,55.82207731718677,10.36036036036036,11.371416871416871,all_minutes,def,after_miss,30.31657355679702,9.0,14.0,72.41379310344827
HOU,2287.0,2666.0,1.165719282903367,14.866637516397027,56.219272369714844,10.537822474857892,11.348054219501531,all_minutes,def,after_miss,28.409937888198755,15.0,28.0,51.724137931034484
IND,2525.0,2956.0,1.1706930693069306,13.14851485148515,54.61101398601399,11.643564356435645,11.621386138613861,all_minutes,def,after_miss,30.69535618769754,17.0,11.0,44.827586206896555
LAC,2343.0,2673.0,1.1408450704225352,14.89543320529236,55.409995147986415,10.755441741357235,11.160051216389245,all_minutes,def,after_miss,29.327825760420577,8.0,21.0,75.86206896551724
LAL,2354.0,2757.0,1.171197960917587,14.953271028037381,55.903271692745385,11.809685641461343,10.992778249787596,all_minutes,def,after_miss,29.520943064961124,18.0,19.0,41.37931034482759
MEM,2347.0,2714.0,1.1563698338304218,17.0004260758415,55.51238465274405,12.824882829143588,10.738389433319131,all_minutes,def,after_miss,27.937150339245324,12.0,29.0,62.06896551724138
MIA,2484.0,2905.0,1.1694847020933978,13.566827697262479,56.04640785363677,10.909822866344605,11.492753623188406,all_minutes,def,after_miss,31.288575387328375,16.0,5.0,48.275862068965516
MIL,2548.0,2836.0,1.1130298273155417,13.540031397174253,52.601908065915005,11.145996860282574,11.145604395604396,all_minutes,def,after_miss,31.495673671199008,4.0,3.0,89.65517241379311
MIN,2368.0,2604.0,1.099662162162162,15.878378378378377,53.153586904188735,11.06418918918919,11.700591216216216,all_minutes,def,after_miss,29.637046307884855,2.0,17.0,96.55172413793103
NOP,2491.0,3028.0,1.2155760738659174,14.09072661581694,57.60142666072225,12.525090325170614,11.120032115616219,all_minutes,def,after_miss,30.787294524780624,29.0,9.0,3.4482758620689653
NYK,2269.0,2683.0,1.1824592331423533,15.513442044953724,57.7037037037037,11.546936976641692,10.842661965623623,all_minutes,def,after_miss,28.465688119432947,24.0,27.0,20.689655172413794
OKC,2458.0,2660.0,1.082180634662327,18.144833197721724,51.85625892432175,12.489829129373474,11.550040683482505,all_minutes,def,after_miss,30.16691212567501,1.0,15.0,100.0
ORL,2419.0,2709.0,1.1198842496899546,16.825134353038447,54.75954387704511,10.252170318313352,11.227366680446465,all_minutes,def,after_miss,30.945375463732887,5.0,8.0,86.20689655172413
PHI,2491.0,3141.0,1.2609393817743877,15.25491770373344,60.342526690391466,12.203934162986753,11.363709353673224,all_minutes,def,after_miss,31.258627180323757,30.0,6.0,0.0
PHX,2439.0,2938.0,1.204592045920459,12.218122181221812,55.90463458110517,11.767117671176711,11.264862648626487,all_minutes,def,after_miss,30.460846759085804,28.0,13.0,6.896551724137931
POR,2329.0,2750.0,1.1807642765135251,15.371404036066982,55.726120857699804,11.678832116788321,11.167883211678832,all_minutes,def,after_miss,28.799307530604672,23.0,24.0,24.137931034482758
SAC,2388.0,2803.0,1.173785594639866,13.525963149078727,55.83411433926898,10.636515912897822,11.529313232830821,all_minutes,def,after_miss,29.587411720976338,21.0,18.0,31.03448275862069
SAS,2555.0,2997.0,1.1729941291585126,13.228962818003914,54.821802935010474,11.819960861056751,11.516634050880626,all_minutes,def,after_miss,31.492666091458155,19.0,4.0,37.93103448275862
TOR,2410.0,2827.0,1.1730290456431536,14.730290456431536,56.6824644549763,10.78838174273859,11.484232365145228,all_minutes,def,after_miss,29.433317049340495,20.0,20.0,34.48275862068966
UTA,2341.0,2804.0,1.1977787270397267,12.174284493806066,55.73085846867749,12.345151644596326,10.740281930798805,all_minutes,def,after_miss,28.514007308160778,27.0,26.0,10.344827586206897
WAS,2676.0,3147.0,1.1760089686098654,13.789237668161435,54.25010216591745,12.96711509715994,11.387518684603886,all_minutes,def,after_miss,32.440295793429506,22.0,1.0,27.586206896551722
ATL,448.0,485.0,1.0825892857142858,18.526785714285715,50.37688442211056,14.955357142857142,16.953125,all_minutes,off,after_timeout,5.338417540514776,16.0,17.0,48.275862068965516
BKN,471.0,499.0,1.059447983014862,19.32059447983015,45.77922077922078,19.745222929936308,20.03184713375796,all_minutes,off,after_timeout,5.99694423223835,21.0,3.0,31.03448275862069
BOS,354.0,401.0,1.1327683615819208,11.581920903954803,48.9010989010989,17.231638418079097,18.847457627118644,all_minutes,off,after_timeout,4.4906761385259415,8.0,30.0,75.86206896551724
CHA,476.0,478.0,1.004201680672269,19.11764705882353,46.18937644341801,16.596638655462183,17.926470588235293,all_minutes,off,after_timeout,5.967155572270277,29.0,5.0,3.4482758620689653
CHI,454.0,506.0,1.1145374449339207,16.079295154185022,50.114155251141554,15.418502202643172,17.6079295154185,all_minutes,off,after_timeout,5.40669286649994,10.0,15.0,68.96551724137932
CLE,405.0,496.0,1.2246913580246914,17.28395061728395,55.602240896358545,15.308641975308642,17.377777777777776,all_minutes,off,after_timeout,4.969325153374233,1.0,27.0,100.0
DAL,396.0,412.0,1.0404040404040404,15.151515151515152,49.01129943502825,12.878787878787879,17.318181818181817,all_minutes,off,after_timeout,4.87985212569316,25.0,28.0,17.24137931034483
DEN,461.0,534.0,1.158351409978308,13.232104121475055,51.60550458715596,15.184381778741866,17.77874186550976,all_minutes,off,after_timeout,5.626067854527704,5.0,12.0,86.20689655172413
DET,427.0,515.0,1.2060889929742389,14.285714285714285,53.86533665835411,14.754098360655737,17.82201405152225,all_minutes,off,after_timeout,5.239906737022947,2.0,20.0,96.55172413793103
GSW,462.0,532.0,1.1515151515151516,17.74891774891775,51.8957345971564,16.233766233766232,17.458874458874458,all_minutes,off,after_timeout,5.741270038523673,6.0,9.0,82.75862068965517
HOU,407.0,453.0,1.113022113022113,13.022113022113022,45.220588235294116,21.375921375921376,18.65847665847666,all_minutes,off,after_timeout,5.0496277915632755,11.0,25.0,65.51724137931035
IND,490.0,512.0,1.0448979591836736,15.306122448979592,47.71739130434783,15.918367346938775,18.963265306122448,all_minutes,off,after_timeout,5.974152645696171,24.0,4.0,20.689655172413794
LAC,438.0,463.0,1.0570776255707763,16.894977168949772,48.96103896103896,13.926940639269406,18.438356164383563,all_minutes,off,after_timeout,5.4777388694347176,22.0,14.0,27.586206896551722
LAL,421.0,463.0,1.0997624703087887,15.439429928741092,52.348066298342545,11.63895486935867,18.171021377672208,all_minutes,off,after_timeout,5.28761617683999,14.0,19.0,55.172413793103445
MEM,435.0,440.0,1.0114942528735633,20.45977011494253,44.92574257425743,17.93103448275862,17.49425287356322,all_minutes,off,after_timeout,5.186598306903542,27.0,21.0,10.344827586206897
MIA,456.0,544.0,1.1929824561403508,12.719298245614036,54.39814814814815,12.938596491228072,18.80482456140351,all_minutes,off,after_timeout,5.745243794884717,3.0,8.0,93.10344827586206
MIL,410.0,429.0,1.0463414634146342,15.121951219512194,49.586776859504134,11.707317073170733,18.046341463414635,all_minutes,off,after_timeout,5.051749630359783,23.0,24.0,24.137931034482758
MIN,488.0,542.0,1.110655737704918,16.598360655737704,51.1600928074246,13.319672131147541,17.631147540983605,all_minutes,off,after_timeout,6.110693713999499,12.0,1.0,62.06896551724138
NOP,466.0,530.0,1.1373390557939915,14.163090128755366,49.776785714285715,17.381974248927037,18.087982832618025,all_minutes,off,after_timeout,5.747409965466206,7.0,7.0,79.3103448275862
NYK,400.0,451.0,1.1275,15.5,51.733333333333334,15.5,19.18,all_minutes,off,after_timeout,5.0308137341214945,9.0,26.0,72.41379310344827
OKC,413.0,446.0,1.0799031476997578,14.285714285714285,48.39108910891089,17.433414043583532,17.61743341404358,all_minutes,off,after_timeout,5.056936451573405,18.0,23.0,41.37931034482759
ORL,398.0,412.0,1.035175879396985,16.08040201005025,46.091644204851754,19.09547738693467,19.5678391959799,all_minutes,off,after_timeout,5.088212733316287,26.0,22.0,13.793103448275861
PHI,445.0,486.0,1.0921348314606742,17.078651685393258,49.743589743589745,14.606741573033707,18.759550561797752,all_minutes,off,after_timeout,5.5771399924802605,15.0,13.0,51.724137931034484
PHX,458.0,532.0,1.1615720524017468,13.537117903930133,52.757793764988016,13.537117903930133,18.574235807860262,all_minutes,off,after_timeout,5.719280719280719,4.0,10.0,89.65517241379311
POR,435.0,461.0,1.0597701149425287,19.080459770114942,47.48110831234257,18.160919540229887,18.02528735632184,all_minutes,off,after_timeout,5.367719644619941,20.0,16.0,34.48275862068966
SAC,431.0,474.0,1.099767981438515,14.153132250580047,49.25,14.617169373549885,17.677494199535964,all_minutes,off,after_timeout,5.33812236809512,13.0,18.0,58.620689655172406
SAS,465.0,503.0,1.081720430107527,15.698924731182796,49.51690821256038,13.118279569892474,18.36774193548387,all_minutes,off,after_timeout,5.716041794714198,17.0,11.0,44.827586206896555
TOR,475.0,505.0,1.063157894736842,17.263157894736842,48.888888888888886,16.210526315789473,17.810526315789474,all_minutes,off,after_timeout,5.805426546076753,19.0,6.0,37.93103448275862
UTA,377.0,379.0,1.0053050397877985,20.954907161803714,46.79878048780488,16.180371352785148,18.03713527851459,all_minutes,off,after_timeout,4.600366076876144,28.0,29.0,6.896551724137931
WAS,498.0,494.0,0.9919678714859438,17.46987951807229,47.60820045558087,11.44578313253012,17.59036144578313,all_minutes,off,after_timeout,6.0458904941119345,30.0,2.0,0.0
ATL,441.0,519.0,1.1768707482993197,11.791383219954648,54.64547677261614,11.564625850340136,18.52607709750567,all_minutes,def,after_timeout,5.251875669882101,27.0,22.0,10.344827586206897
BKN,409.0,462.0,1.1295843520782396,15.892420537897312,50.402144772117964,16.13691931540342,18.69682151589242,all_minutes,def,after_timeout,5.208863983698421,21.0,23.0,31.03448275862069
BOS,479.0,551.0,1.150313152400835,12.734864300626306,49.895833333333336,17.954070981210858,18.01670146137787,all_minutes,def,after_timeout,6.0956986510562485,25.0,1.0,17.24137931034483
CHA,391.0,457.0,1.1687979539641944,16.879795396419436,53.39943342776204,14.578005115089516,17.843989769820972,all_minutes,def,after_timeout,4.907744445839087,26.0,29.0,13.793103448275861
CHI,423.0,482.0,1.1394799054373523,14.657210401891252,50.74626865671642,16.548463356973993,18.326241134751772,all_minutes,def,after_timeout,5.024349685235776,23.0,27.0,24.137931034482758
CLE,445.0,500.0,1.1235955056179776,14.157303370786517,48.095238095238095,18.876404494382022,18.296629213483147,all_minutes,def,after_timeout,5.458783120706575,19.0,15.0,37.93103448275862
DAL,466.0,517.0,1.109442060085837,18.025751072961373,50.70754716981132,17.381974248927037,17.678111587982833,all_minutes,def,after_timeout,5.74245224892175,17.0,6.0,44.827586206896555
DEN,439.0,451.0,1.0273348519362187,16.173120728929387,47.59036144578313,14.578587699316628,17.956719817767652,all_minutes,def,after_timeout,5.34128239445188,5.0,20.0,86.20689655172413
DET,450.0,467.0,1.0377777777777777,16.0,44.132029339853304,16.88888888888889,18.377777777777776,all_minutes,def,after_timeout,5.520117762512267,9.0,13.0,72.41379310344827
GSW,468.0,487.0,1.0405982905982907,19.230769230769234,49.87834549878345,12.82051282051282,18.05982905982906,all_minutes,def,after_timeout,5.810055865921788,10.0,3.0,68.96551724137932
HOU,473.0,460.0,0.9725158562367865,19.661733615221987,46.49122807017544,13.107822410147993,16.77167019027484,all_minutes,def,after_timeout,5.875776397515528,1.0,2.0,100.0
IND,470.0,473.0,1.0063829787234042,20.425531914893615,48.64864864864865,13.829787234042554,17.82127659574468,all_minutes,def,after_timeout,5.7135910527595435,2.0,8.0,96.55172413793103
LAC,439.0,467.0,1.0637813211845102,16.62870159453303,48.77750611246944,14.123006833712983,18.815489749430522,all_minutes,def,after_timeout,5.495055701589686,14.0,14.0,55.172413793103445
LAL,453.0,498.0,1.099337748344371,13.46578366445916,47.71689497716895,16.99779249448124,17.969094922737305,all_minutes,def,after_timeout,5.680963130173063,15.0,9.0,51.724137931034484
MEM,447.0,511.0,1.1431767337807606,14.541387024608502,51.127819548872175,12.97539149888143,18.225950782997764,all_minutes,def,after_timeout,5.320795143435305,24.0,21.0,20.689655172413794
MIA,447.0,472.0,1.0559284116331096,17.002237136465325,51.9277108433735,12.751677852348994,18.595078299776286,all_minutes,def,after_timeout,5.630432044338078,13.0,11.0,58.620689655172406
MIL,465.0,481.0,1.0344086021505376,16.344086021505376,48.23943661971831,14.193548387096774,18.191397849462366,all_minutes,def,after_timeout,5.7478368355995055,8.0,5.0,75.86206896551724
MIN,442.0,456.0,1.0316742081447965,17.873303167420815,47.79951100244499,15.384615384615385,18.330316742081447,all_minutes,def,after_timeout,5.531914893617021,7.0,12.0,79.3103448275862
NOP,409.0,419.0,1.0244498777506112,20.293398533007334,45.91280653950954,16.87041564792176,18.508557457212714,all_minutes,def,after_timeout,5.054999382029416,3.0,26.0,93.10344827586206
NYK,461.0,484.0,1.0498915401301518,16.48590021691974,47.09443099273607,12.364425162689804,17.405639913232104,all_minutes,def,after_timeout,5.783465060845565,12.0,4.0,62.06896551724138
OKC,440.0,452.0,1.0272727272727273,18.181818181818183,45.24390243902439,18.863636363636363,18.87727272727273,all_minutes,def,after_timeout,5.400098183603339,4.0,16.0,89.65517241379311
ORL,442.0,464.0,1.0497737556561086,17.647058823529413,48.28431372549019,14.93212669683258,18.46153846153846,all_minutes,def,after_timeout,5.654343098375335,11.0,10.0,65.51724137931035
PHI,414.0,426.0,1.0289855072463767,18.115942028985508,45.86466165413533,17.632850241545896,18.130434782608695,all_minutes,def,after_timeout,5.195131133140921,6.0,24.0,82.75862068965517
PHX,432.0,518.0,1.1990740740740742,11.805555555555555,54.17690417690417,14.814814814814813,17.52777777777778,all_minutes,def,after_timeout,5.395279130760584,28.0,18.0,6.896551724137931
POR,434.0,492.0,1.1336405529953917,18.202764976958523,53.29815303430079,14.055299539170507,18.465437788018434,all_minutes,def,after_timeout,5.366637813775195,22.0,19.0,27.586206896551722
SAC,463.0,514.0,1.1101511879049677,13.174946004319654,48.775055679287306,18.57451403887689,18.58099352051836,all_minutes,def,after_timeout,5.736587783422128,18.0,7.0,41.37931034482759
SAS,414.0,467.0,1.1280193236714975,17.391304347826086,53.443877551020414,16.183574879227052,18.106280193236714,all_minutes,def,after_timeout,5.10292123752003,20.0,25.0,34.48275862068966
TOR,411.0,455.0,1.1070559610705597,15.815085158150852,48.214285714285715,15.815085158150852,18.61557177615572,all_minutes,def,after_timeout,5.019540791402052,16.0,28.0,48.275862068965516
UTA,443.0,542.0,1.2234762979683973,11.738148984198645,52.48815165876777,16.70428893905192,17.26410835214447,all_minutes,def,after_timeout,5.395858708891596,29.0,17.0,3.4482758620689653
WAS,350.0,433.0,1.237142857142857,13.428571428571429,53.28358208955224,16.28571428571429,18.28,all_minutes,def,after_timeout,4.242938538004607,30.0,30.0,0.0
ATL,1004.0,1214.0,1.2091633466135459,11.45418326693227,26.41118591403418,100.0,19.35159362549801,all_minutes,off,offensive_rebound,11.963775023832222,24.0,13.0,20.689655172413794
BKN,940.0,1091.0,1.1606382978723404,12.02127659574468,24.959038776624794,100.0,22.03723404255319,all_minutes,off,offensive_rebound,11.968423733129615,28.0,12.0,6.896551724137931
BOS,955.0,1183.0,1.2387434554973822,9.63350785340314,27.75423728813559,100.0,21.982198952879582,all_minutes,off,offensive_rebound,12.114677153368007,18.0,10.0,41.37931034482759
CHA,1074.0,1363.0,1.2690875232774674,11.266294227188082,28.218059558117194,100.0,21.502793296089386,all_minutes,off,offensive_rebound,13.463708160962767,10.0,3.0,68.96551724137932
CHI,866.0,1083.0,1.2505773672055427,10.623556581986143,27.54088785046729,100.0,20.080831408775982,all_minutes,off,offensive_rebound,10.313207097773013,16.0,27.0,48.275862068965516
CLE,946.0,1160.0,1.2262156448202959,12.26215644820296,27.463255307566687,100.0,20.157505285412263,all_minutes,off,offensive_rebound,11.607361963190185,21.0,16.0,31.03448275862069
DAL,883.0,1155.0,1.3080407701019252,10.758776896942242,30.32104637336504,100.0,20.494903737259342,all_minutes,off,offensive_rebound,10.881084411583487,4.0,23.0,89.65517241379311
DEN,939.0,1189.0,1.2662406815761449,10.010649627263046,27.66594124047878,100.0,19.87965921192758,all_minutes,off,offensive_rebound,11.459604588723456,11.0,20.0,65.51724137931035
DET,973.0,1268.0,1.303186022610483,10.277492291880781,28.63135815416885,100.0,19.99383350462487,all_minutes,off,offensive_rebound,11.940115351576882,5.0,14.0,86.20689655172413
GSW,1038.0,1303.0,1.2552986512524085,11.271676300578035,27.207696102614705,100.0,21.16281310211946,all_minutes,off,offensive_rebound,12.8992170995402,14.0,4.0,55.172413793103445
HOU,1244.0,1528.0,1.2282958199356913,12.218649517684888,26.943755169561623,100.0,21.379421221864952,all_minutes,off,offensive_rebound,15.434243176178661,20.0,1.0,34.48275862068966
IND,790.0,940.0,1.1898734177215189,11.265822784810126,26.023778071334213,100.0,20.469620253164557,all_minutes,off,offensive_rebound,9.631797122653012,26.0,29.0,13.793103448275861
LAC,852.0,1070.0,1.255868544600939,11.854460093896714,27.854567307692307,100.0,21.258215962441316,all_minutes,off,offensive_rebound,10.655327663831917,13.0,24.0,58.620689655172406
LAL,806.0,1030.0,1.2779156327543424,11.042183622828784,28.045685279187815,100.0,22.37593052109181,all_minutes,off,offensive_rebound,10.123084652097463,8.0,28.0,75.86206896551724
MEM,1080.0,1380.0,1.2777777777777777,13.61111111111111,27.537950664136623,100.0,19.762962962962963,all_minutes,off,offensive_rebound,12.877071658519137,9.0,5.0,72.41379310344827
MIA,831.0,1000.0,1.203369434416366,10.589651022864018,25.993788819875775,100.0,21.60649819494585,all_minutes,off,offensive_rebound,10.469950863046492,25.0,25.0,17.24137931034483
MIL,730.0,972.0,1.3315068493150686,11.917808219178081,30.471014492753625,100.0,21.01095890410959,all_minutes,off,offensive_rebound,8.994578610152784,2.0,30.0,96.55172413793103
MIN,937.0,1271.0,1.3564567769477054,11.312700106723586,29.47573898494144,100.0,20.849519743863393,all_minutes,off,offensive_rebound,11.733032807412973,1.0,15.0,100.0
NOP,1015.0,1313.0,1.2935960591133004,11.724137931034482,27.83715012722646,100.0,20.92512315270936,all_minutes,off,offensive_rebound,12.518500246669955,6.0,9.0,82.75862068965517
NYK,952.0,1180.0,1.2394957983193278,12.710084033613445,27.853260869565215,100.0,21.399159663865547,all_minutes,off,offensive_rebound,11.973336687209155,17.0,11.0,44.827586206896555
OKC,941.0,1241.0,1.3188097768331561,9.670563230605739,30.270270270270274,100.0,20.382571732199786,all_minutes,off,offensive_rebound,11.521978694747153,3.0,19.0,93.10344827586206
ORL,987.0,1167.0,1.182370820668693,12.462006079027356,25.671321160042964,100.0,22.01317122593718,all_minutes,off,offensive_rebound,12.61825620046024,27.0,8.0,10.344827586206897
PHI,924.0,1118.0,1.20995670995671,12.121212121212121,26.872119815668206,100.0,21.406926406926406,all_minutes,off,offensive_rebound,11.580398546183732,23.0,17.0,24.137931034482758
PHX,826.0,1033.0,1.2506053268765134,11.380145278450362,28.5623812539582,100.0,21.5,all_minutes,off,offensive_rebound,10.314685314685315,15.0,26.0,51.724137931034484
POR,1127.0,1421.0,1.2608695652173914,12.422360248447205,27.813504823151124,100.0,20.62023070097604,all_minutes,off,offensive_rebound,13.906712734452123,12.0,2.0,62.06896551724138
SAC,934.0,1202.0,1.2869379014989293,10.706638115631693,28.143876990664467,100.0,21.23661670235546,all_minutes,off,offensive_rebound,11.567996036660887,7.0,18.0,79.3103448275862
SAS,918.0,1049.0,1.1427015250544663,10.893246187363834,25.574873808188446,100.0,20.583877995642702,all_minutes,off,offensive_rebound,11.284572833435771,30.0,22.0,0.0
TOR,1053.0,1302.0,1.2364672364672364,11.77587844254511,27.28821811100292,100.0,19.558404558404558,all_minutes,off,offensive_rebound,12.869714006355416,19.0,6.0,37.93103448275862
UTA,1041.0,1262.0,1.2122958693563881,13.928914505283382,26.90954773869347,100.0,20.93467819404419,all_minutes,off,offensive_rebound,12.702867602196461,22.0,7.0,27.586206896551722
WAS,934.0,1069.0,1.1445396145610278,12.740899357601712,25.564116675839294,100.0,20.03747323340471,all_minutes,off,offensive_rebound,11.33907976204929,29.0,21.0,3.4482758620689653
ATL,907.0,1140.0,1.256890848952591,11.356119073869902,27.488558352402748,100.0,21.165380374862185,all_minutes,def,offensive_rebound,10.801476717875431,18.0,28.0,39.6551724137931
BKN,903.0,1120.0,1.2403100775193798,10.299003322259136,27.507163323782237,100.0,21.017718715393134,all_minutes,def,offensive_rebound,11.500254712175243,13.0,21.0,58.620689655172406
BOS,912.0,1066.0,1.168859649122807,11.293859649122808,25.554323725055433,100.0,20.948464912280702,all_minutes,def,offensive_rebound,11.606006617459913,3.0,19.0,93.10344827586206
CHA,961.0,1139.0,1.1852237252861602,13.631633714880333,26.751765344921242,100.0,20.62330905306972,all_minutes,def,offensive_rebound,12.062256809338521,4.0,12.0,89.65517241379311
CHI,961.0,1240.0,1.2903225806451613,10.926118626430801,28.60991379310345,100.0,20.550468262226847,all_minutes,def,offensive_rebound,11.414657322722412,25.0,23.0,17.24137931034483
CLE,1016.0,1177.0,1.1584645669291338,13.385826771653544,25.423728813559322,100.0,21.846456692913385,all_minutes,def,offensive_rebound,12.463199214916584,1.0,4.0,100.0
DAL,1013.0,1284.0,1.267522211253702,10.760118460019743,27.82278481012658,100.0,20.425468904244816,all_minutes,def,offensive_rebound,12.48305606900801,22.0,3.0,27.586206896551722
DEN,1002.0,1246.0,1.2435129740518962,11.077844311377245,27.728918779099843,100.0,20.59880239520958,all_minutes,def,offensive_rebound,12.191264144056454,14.0,10.0,55.172413793103445
DET,947.0,1212.0,1.279831045406547,11.08764519535375,28.595041322314053,100.0,20.882787750791973,all_minutes,def,offensive_rebound,11.616781157998037,24.0,18.0,20.689655172413794
GSW,895.0,1077.0,1.2033519553072625,14.18994413407821,26.317313259988417,100.0,20.950837988826816,all_minutes,def,offensive_rebound,11.11111111111111,7.0,26.0,79.3103448275862
HOU,907.0,1140.0,1.256890848952591,13.45093715545755,27.904328018223236,100.0,20.72105843439912,all_minutes,def,offensive_rebound,11.267080745341614,18.0,24.0,39.6551724137931
IND,958.0,1147.0,1.197286012526096,10.647181628392484,26.56668452062132,100.0,21.12839248434238,all_minutes,def,offensive_rebound,11.646000486263068,5.0,17.0,86.20689655172413
LAC,847.0,1026.0,1.2113341204250294,10.38961038961039,27.363636363636363,100.0,20.962219598583236,all_minutes,def,offensive_rebound,10.602077857053448,10.0,30.0,68.96551724137932
LAL,966.0,1219.0,1.2619047619047619,11.180124223602485,27.506702412868634,100.0,20.334368530020704,all_minutes,def,offensive_rebound,12.114371708051166,21.0,11.0,31.03448275862069
MEM,1036.0,1252.0,1.2084942084942085,12.065637065637064,27.180527383367142,100.0,20.69787644787645,all_minutes,def,offensive_rebound,12.331865254136412,9.0,7.0,72.41379310344827
MIA,884.0,1068.0,1.2081447963800904,11.085972850678733,27.070063694267514,100.0,20.964932126696834,all_minutes,def,offensive_rebound,11.134903640256958,8.0,25.0,75.86206896551724
MIL,935.0,1149.0,1.2288770053475935,10.695187165775401,26.902025177887246,100.0,20.25561497326203,all_minutes,def,offensive_rebound,11.557478368355994,12.0,20.0,62.06896551724138
MIN,945.0,1137.0,1.2031746031746031,11.851851851851853,26.937877954920285,100.0,21.17142857142857,all_minutes,def,offensive_rebound,11.827284105131413,6.0,15.0,82.75862068965517
NOP,1012.0,1345.0,1.3290513833992095,12.154150197628459,29.257752923233348,100.0,20.83201581027668,all_minutes,def,offensive_rebound,12.507724632307502,29.0,2.0,3.4482758620689653
NYK,912.0,1063.0,1.1655701754385965,12.390350877192983,26.30106323447118,100.0,19.973684210526315,all_minutes,def,offensive_rebound,11.441475348136997,2.0,22.0,96.55172413793103
OKC,1011.0,1261.0,1.2472799208704253,11.671612265084075,27.050882658359292,100.0,21.270029673590503,all_minutes,def,offensive_rebound,12.407952871870398,15.0,5.0,51.724137931034484
ORL,832.0,1008.0,1.2115384615384615,14.182692307692307,26.832377310388782,100.0,21.165865384615383,all_minutes,def,offensive_rebound,10.643469361647691,11.0,29.0,65.51724137931035
PHI,972.0,1274.0,1.3106995884773662,11.522633744855968,28.781512605042014,100.0,20.93312757201646,all_minutes,def,offensive_rebound,12.19726439954825,27.0,8.0,10.344827586206897
PHX,945.0,1183.0,1.2518518518518518,11.534391534391535,27.576754385964914,100.0,20.22962962962963,all_minutes,def,offensive_rebound,11.802173098538779,16.0,16.0,48.275862068965516
POR,986.0,1241.0,1.2586206896551724,12.373225152129818,27.536231884057973,100.0,21.530425963488845,all_minutes,def,offensive_rebound,12.192407567701249,20.0,9.0,34.48275862068966
SAC,876.0,1101.0,1.2568493150684932,11.301369863013697,27.94292508917955,100.0,21.075342465753426,all_minutes,def,offensive_rebound,10.853673646388303,17.0,27.0,44.827586206896555
SAS,1005.0,1310.0,1.3034825870646767,10.34825870646766,29.105976896032143,100.0,21.058706467661693,all_minutes,def,offensive_rebound,12.387526192530506,26.0,6.0,13.793103448275861
TOR,969.0,1237.0,1.2765737874097007,10.42311661506708,27.255739455419114,100.0,21.792569659442723,all_minutes,def,offensive_rebound,11.834391792867612,23.0,14.0,24.137931034482758
UTA,975.0,1309.0,1.3425641025641026,10.051282051282051,30.19463440294582,100.0,19.96,all_minutes,def,offensive_rebound,11.875761266747869,30.0,13.0,0.0
WAS,1050.0,1386.0,1.32,10.19047619047619,28.40352595494613,100.0,20.5,all_minutes,def,offensive_rebound,12.728815614013818,28.0,1.0,6.896551724137931
ATL,1646.0,1353.0,0.8219927095990279,12.636695018226002,43.604651162790695,0.0,21.456257594167678,all_minutes,off,late_clock_18s_plus,19.6139180171592,29.0,29.0,3.4482758620689653
BKN,2424.0,2092.0,0.863036303630363,13.366336633663368,46.18072890664004,0.0,22.257838283828384,all_minutes,off,late_clock_18s_plus,30.863254392666157,22.0,4.0,27.586206896551722
BOS,2353.0,2356.0,1.0012749681257969,8.627284317892054,51.60256410256411,0.0,21.826604334891627,all_minutes,off,late_clock_18s_plus,29.849042242800966,1.0,8.0,100.0
CHA,2201.0,1921.0,0.8727850976828714,11.54020899591095,46.008629989212515,0.0,21.692866878691504,all_minutes,off,late_clock_18s_plus,27.591826501190926,18.0,12.0,41.37931034482759
CHI,1650.0,1410.0,0.8545454545454545,12.121212121212121,45.89928057553957,0.0,21.443636363636365,all_minutes,off,late_clock_18s_plus,19.649874955341193,25.0,28.0,17.24137931034483
CLE,1602.0,1513.0,0.9444444444444444,10.79900124843945,50.43988269794721,0.0,21.55056179775281,all_minutes,off,late_clock_18s_plus,19.656441717791413,6.0,27.0,82.75862068965517
DAL,2101.0,1897.0,0.9029033793431699,11.375535459305093,47.139588100686495,0.0,21.683484055211803,all_minutes,off,late_clock_18s_plus,25.890326555760936,13.0,15.0,58.620689655172406
DEN,2047.0,2033.0,0.9931607230092818,10.161211529066927,51.889534883720934,0.0,21.84269662921348,all_minutes,off,late_clock_18s_plus,24.98169392238223,3.0,19.0,93.10344827586206
DET,2142.0,1963.0,0.9164332399626517,11.344537815126051,48.81673087506879,0.0,21.50373482726424,all_minutes,off,late_clock_18s_plus,26.28543379555774,9.0,14.0,72.41379310344827
GSW,1964.0,1782.0,0.9073319755600815,11.456211812627291,47.708082026537994,0.0,21.720468431771895,all_minutes,off,late_clock_18s_plus,24.4066111594383,12.0,23.0,62.06896551724138
HOU,2038.0,1870.0,0.9175662414131501,10.794896957801766,48.16860465116279,0.0,21.72767419038273,all_minutes,off,late_clock_18s_plus,25.285359801488834,8.0,18.0,75.86206896551724
IND,2003.0,1780.0,0.8886669995007489,10.833749375936096,46.862289366647296,0.0,21.7708437343984,all_minutes,off,late_clock_18s_plus,24.420872957815167,15.0,22.0,51.724137931034484
LAC,2472.0,2346.0,0.9490291262135923,11.44822006472492,49.95171414775471,0.0,22.063106796116504,all_minutes,off,late_clock_18s_plus,30.915457728864432,5.0,3.0,86.20689655172413
LAL,2413.0,2220.0,0.9200165768752591,10.982179859096561,48.21782178217822,0.0,21.978450062163283,all_minutes,off,late_clock_18s_plus,30.30645566440593,7.0,5.0,79.3103448275862
MEM,1589.0,1340.0,0.8432976714915041,12.020138451856512,45.25411061285501,0.0,21.439899307740717,all_minutes,off,late_clock_18s_plus,18.945987838321212,27.0,30.0,10.344827586206897
MIA,2352.0,2078.0,0.8835034013605442,10.96938775510204,46.28700451580532,0.0,22.08503401360544,all_minutes,off,late_clock_18s_plus,29.633362731510648,17.0,9.0,44.827586206896555
MIL,2269.0,2032.0,0.8955486998677832,8.946672542970472,46.93721286370597,0.0,21.88056412516527,all_minutes,off,late_clock_18s_plus,27.957121734844755,14.0,11.0,55.172413793103445
MIN,2150.0,1954.0,0.9088372093023256,11.30232558139535,48.214285714285715,0.0,21.60325581395349,all_minutes,off,late_clock_18s_plus,26.922113698973206,11.0,13.0,65.51724137931035
NOP,2068.0,1743.0,0.84284332688588,10.541586073500966,43.972445464982776,0.0,21.790618955512574,all_minutes,off,late_clock_18s_plus,25.505673408978787,28.0,16.0,6.896551724137931
NYK,2560.0,2556.0,0.9984375,11.2109375,52.93843283582089,0.0,22.151953125,all_minutes,off,late_clock_18s_plus,32.19720789837756,2.0,1.0,96.55172413793103
OKC,1658.0,1421.0,0.8570566948130277,9.7708082026538,44.75157452764171,0.0,21.258142340168877,all_minutes,off,late_clock_18s_plus,20.301212195420597,24.0,26.0,20.689655172413794
ORL,2472.0,2138.0,0.8648867313915858,12.702265372168284,46.21726479146459,0.0,22.238673139158575,all_minutes,off,late_clock_18s_plus,31.603170544617743,21.0,2.0,31.03448275862069
PHI,2418.0,2097.0,0.8672456575682382,10.587262200165426,45.45896066051481,0.0,22.078990901571547,all_minutes,off,late_clock_18s_plus,30.304549442286,20.0,6.0,34.48275862068966
PHX,2410.0,2290.0,0.950207468879668,11.618257261410788,50.79365079365079,0.0,22.05643153526971,all_minutes,off,late_clock_18s_plus,30.094905094905094,4.0,7.0,89.65517241379311
POR,1927.0,1663.0,0.8629994810586403,12.869745718733782,46.39724310776943,0.0,21.669434353918007,all_minutes,off,late_clock_18s_plus,23.77838104639684,23.0,24.0,24.137931034482758
SAC,2009.0,1830.0,0.9109009457441514,10.701841712294675,47.667638483965014,0.0,21.816824290691887,all_minutes,off,late_clock_18s_plus,24.88233837007679,10.0,20.0,68.96551724137932
SAS,2062.0,1828.0,0.8865179437439379,10.37827352085354,46.73295454545455,0.0,21.77497575169738,all_minutes,off,late_clock_18s_plus,25.347264904732636,16.0,17.0,48.275862068965516
TOR,1900.0,1610.0,0.8473684210526315,12.210526315789473,45.21546261089988,0.0,21.770526315789475,all_minutes,off,late_clock_18s_plus,23.221706184307013,26.0,25.0,13.793103448275861
UTA,2328.0,2028.0,0.8711340206185567,12.671821305841924,46.37033140452394,0.0,21.968213058419245,all_minutes,off,late_clock_18s_plus,28.407565588773643,19.0,10.0,37.93103448275862
WAS,2022.0,1640.0,0.811078140454995,11.32542037586548,42.911098198721675,0.0,21.47675568743818,all_minutes,off,late_clock_18s_plus,24.54777224717737,30.0,21.0,0.0
ATL,2322.0,2092.0,0.9009474590869939,11.455641688199828,47.60692464358452,0.0,21.927648578811368,all_minutes,def,late_clock_18s_plus,27.652733118971064,15.0,2.0,51.724137931034484
BKN,2131.0,1997.0,0.9371187236039418,11.168465509150634,48.724489795918366,0.0,21.96715157203191,all_minutes,def,late_clock_18s_plus,27.1395822720326,28.0,8.0,6.896551724137931
BOS,2044.0,1817.0,0.8889432485322897,10.078277886497064,46.380090497737555,0.0,21.831213307240706,all_minutes,def,late_clock_18s_plus,26.011707813693054,13.0,18.0,58.620689655172406
CHA,2004.0,1835.0,0.9156686626746507,10.479041916167663,48.333333333333336,0.0,21.682634730538922,all_minutes,def,late_clock_18s_plus,25.153759256934855,21.0,25.0,31.03448275862069
CHI,2187.0,2011.0,0.9195244627343393,9.647919524462734,47.998932764140875,0.0,21.742112482853223,all_minutes,def,late_clock_18s_plus,25.976956883240288,23.0,19.0,24.137931034482758
CLE,2292.0,2056.0,0.8970331588132635,10.99476439790576,47.35082304526749,0.0,21.986474694589877,all_minutes,def,late_clock_18s_plus,28.115799803729146,14.0,1.0,55.172413793103445
DAL,2064.0,1907.0,0.9239341085271318,10.319767441860465,48.529411764705884,0.0,21.676356589147286,all_minutes,def,late_clock_18s_plus,25.43438077634011,24.0,22.0,20.689655172413794
DEN,2175.0,1991.0,0.9154022988505747,10.068965517241379,47.89983844911147,0.0,21.866206896551724,all_minutes,def,late_clock_18s_plus,26.463073366589608,20.0,13.0,34.48275862068966
DET,2157.0,1878.0,0.8706536856745479,10.987482614742698,45.605306799336645,0.0,21.90032452480297,all_minutes,def,late_clock_18s_plus,26.459764474975465,6.0,14.0,82.75862068965517
GSW,2140.0,1945.0,0.9088785046728972,12.242990654205608,48.99046550757151,0.0,21.829906542056076,all_minutes,def,late_clock_18s_plus,26.567349472377405,19.0,10.0,37.93103448275862
HOU,1949.0,1676.0,0.8599281682914315,11.390456644433042,45.689655172413794,0.0,21.642893791688046,all_minutes,def,late_clock_18s_plus,24.211180124223603,3.0,28.0,93.10344827586206
IND,2197.0,1984.0,0.9030496131087847,11.606736458807465,48.327939590075516,0.0,21.81156121984524,all_minutes,def,late_clock_18s_plus,26.70799902747386,17.0,9.0,44.827586206896555
LAC,2105.0,1744.0,0.8285035629453682,13.349168646080761,44.418739155581264,0.0,21.848456057007127,all_minutes,def,late_clock_18s_plus,26.348729503066714,1.0,15.0,100.0
LAL,2007.0,1764.0,0.8789237668161435,11.609367214748382,46.02137767220903,0.0,21.806178375685104,all_minutes,def,late_clock_18s_plus,25.169300225733632,10.0,24.0,68.96551724137932
MEM,2160.0,1866.0,0.8638888888888889,9.583333333333334,44.14806750136091,0.0,21.737037037037037,all_minutes,def,late_clock_18s_plus,25.711224854184028,5.0,21.0,86.20689655172413
MIA,2176.0,1900.0,0.8731617647058824,11.810661764705882,46.56199242014077,0.0,21.863970588235293,all_minutes,def,late_clock_18s_plus,27.40899357601713,7.0,4.0,79.3103448275862
MIL,2116.0,1851.0,0.8747637051039697,9.877126654064272,45.68306010928962,0.0,21.829867674858225,all_minutes,def,late_clock_18s_plus,26.1557478368356,8.0,16.0,75.86206896551724
MIN,2119.0,1861.0,0.8782444549315715,11.420481359131667,46.50447427293065,0.0,21.92402076451156,all_minutes,def,late_clock_18s_plus,26.520650813516895,9.0,11.0,72.41379310344827
NOP,2112.0,1980.0,0.9375,11.647727272727272,50.19673974142776,0.0,21.736268939393938,all_minutes,def,late_clock_18s_plus,26.103077493511307,29.0,17.0,3.4482758620689653
NYK,2016.0,1882.0,0.933531746031746,11.607142857142858,49.70449172576832,0.0,21.68105158730159,all_minutes,def,late_clock_18s_plus,25.291682348513362,27.0,23.0,10.344827586206897
OKC,2157.0,1852.0,0.8585999072786277,13.027352804821513,46.05855855855856,0.0,21.835883171070932,all_minutes,def,late_clock_18s_plus,26.47275405007364,2.0,12.0,96.55172413793103
ORL,2129.0,1833.0,0.8609675904180366,13.762329732268672,46.04880883207437,0.0,21.95537811178957,all_minutes,def,late_clock_18s_plus,27.235512344889344,4.0,7.0,89.65517241379311
PHI,1959.0,1766.0,0.9014803471158754,14.39509954058193,48.88959390862944,0.0,21.74170495150587,all_minutes,def,late_clock_18s_plus,24.582758187978413,16.0,27.0,48.275862068965516
PHX,1984.0,1823.0,0.9188508064516129,9.778225806451612,48.350029463759576,0.0,21.713205645161292,all_minutes,def,late_clock_18s_plus,24.77831897090046,22.0,26.0,27.586206896551722
POR,2210.0,2056.0,0.930316742081448,11.76470588235294,49.219590958019374,0.0,21.8868778280543,all_minutes,def,late_clock_18s_plus,27.327810065537285,26.0,6.0,13.793103448275861
SAC,2223.0,2129.0,0.957714799820063,10.3463787674314,50.658587987355105,0.0,21.893387314439945,all_minutes,def,late_clock_18s_plus,27.54305538347169,30.0,3.0,0.0
SAS,2086.0,1930.0,0.925215723873442,11.073825503355705,49.328107502799554,0.0,21.77181208053691,all_minutes,def,late_clock_18s_plus,25.711820534943918,25.0,20.0,17.24137931034483
TOR,2244.0,1976.0,0.8805704099821747,11.853832442067738,46.00536193029491,0.0,21.891711229946523,all_minutes,def,late_clock_18s_plus,27.405959941377628,11.0,5.0,65.51724137931035
UTA,1809.0,1593.0,0.8805970149253731,9.065782200110558,45.83600256245996,0.0,21.58540630182421,all_minutes,def,late_clock_18s_plus,22.034104750304508,12.0,30.0,62.06896551724138
WAS,1976.0,1789.0,0.9053643724696356,10.425101214574898,46.93452380952381,0.0,21.760121457489877,all_minutes,def,late_clock_18s_plus,23.954418717420292,18.0,29.0,41.37931034482759
ATL,319.0,400.0,1.2539184952978057,11.598746081504702,53.03030303030303,14.106583072100312,13.664576802507836,all_minutes,off,clutch,3.8012392755004765,3.0,6.0,93.10344827586206
BKN,265.0,284.0,1.0716981132075472,18.867924528301888,49.7737556561086,11.69811320754717,15.962264150943396,all_minutes,off,clutch,3.374076903488668,28.0,16.0,6.896551724137931
BOS,280.0,351.0,1.2535714285714286,10.714285714285714,56.99152542372882,11.428571428571429,16.039285714285715,all_minutes,off,clutch,3.55194722821261,4.0,13.0,89.65517241379311
CHA,293.0,319.0,1.0887372013651877,18.43003412969283,47.16599190283401,16.723549488054605,14.80887372013652,all_minutes,off,clutch,3.6730600476369566,24.0,9.0,20.689655172413794
CHI,232.0,281.0,1.2112068965517242,15.086206896551724,54.1025641025641,13.793103448275861,13.112068965517242,all_minutes,off,clutch,2.762891508872216,11.0,28.0,65.51724137931035
CLE,268.0,349.0,1.3022388059701493,12.313432835820896,53.08370044052864,14.925373134328357,14.436567164179104,all_minutes,off,clutch,3.2883435582822083,2.0,18.0,96.55172413793103
DAL,290.0,351.0,1.210344827586207,12.758620689655173,51.89075630252101,12.413793103448276,14.444827586206896,all_minutes,off,clutch,3.5736290819470113,12.0,12.0,62.06896551724138
DEN,291.0,389.0,1.3367697594501717,11.683848797250858,61.20331950207469,13.058419243986256,14.027491408934708,all_minutes,off,clutch,3.551379057847205,1.0,14.0,100.0
DET,299.0,332.0,1.1103678929765886,17.725752508361204,51.91489361702127,12.040133779264215,13.474916387959865,all_minutes,off,clutch,3.6691618603509633,21.0,10.0,31.03448275862069
GSW,290.0,348.0,1.2,12.758620689655173,46.35627530364373,17.24137931034483,15.168965517241379,all_minutes,off,clutch,3.6038275133590156,13.0,11.0,58.620689655172406
HOU,305.0,349.0,1.1442622950819672,13.442622950819672,44.96124031007752,16.721311475409838,15.59344262295082,all_minutes,off,clutch,3.784119106699752,16.0,7.0,48.275862068965516
IND,331.0,408.0,1.2326283987915407,10.876132930513595,55.01858736059479,10.27190332326284,13.773413897280967,all_minutes,off,clutch,4.035601072909047,7.0,4.0,79.3103448275862
LAC,256.0,282.0,1.1015625,19.140625,50.255102040816325,11.71875,15.48828125,all_minutes,off,clutch,3.2016008004002,23.0,20.0,24.137931034482758
LAL,232.0,288.0,1.2413793103448276,11.637931034482758,59.35828877005348,8.620689655172415,15.551724137931034,all_minutes,off,clutch,2.913840743531776,5.0,26.0,86.20689655172413
MEM,258.0,294.0,1.1395348837209303,12.015503875968992,50.23255813953489,11.24031007751938,14.116279069767442,all_minutes,off,clutch,3.076189340646238,17.0,22.0,44.827586206896555
MIA,355.0,361.0,1.0169014084507042,12.676056338028168,45.794392523364486,12.394366197183098,16.092957746478874,all_minutes,off,clutch,4.472722691193146,30.0,1.0,0.0
MIL,327.0,352.0,1.0764525993883791,14.067278287461773,48.6328125,8.868501529051988,13.776758409785932,all_minutes,off,clutch,4.029078363725973,27.0,5.0,10.344827586206897
MIN,328.0,354.0,1.079268292682927,15.24390243902439,48.175182481751825,12.804878048780488,14.981707317073171,all_minutes,off,clutch,4.107187578261958,26.0,3.0,13.793103448275861
NOP,251.0,283.0,1.1274900398406376,10.756972111553784,50.943396226415096,12.350597609561753,14.49003984063745,all_minutes,off,clutch,3.09570794277257,19.0,21.0,37.93103448275862
NYK,297.0,349.0,1.1750841750841752,10.437710437710438,51.470588235294116,12.121212121212121,16.175084175084177,all_minutes,off,clutch,3.735379197585209,14.0,8.0,55.172413793103445
OKC,126.0,156.0,1.2380952380952381,9.523809523809524,53.960396039603964,11.904761904761903,14.396825396825397,all_minutes,off,clutch,1.5427941716664626,6.0,30.0,82.75862068965517
ORL,221.0,250.0,1.1312217194570136,9.049773755656108,48.0225988700565,10.85972850678733,15.244343891402714,all_minutes,off,clutch,2.8253643569419586,18.0,27.0,41.37931034482759
PHI,264.0,297.0,1.125,12.121212121212121,47.38095238095238,12.121212121212121,14.291666666666666,all_minutes,off,clutch,3.308685298909638,20.0,17.0,34.48275862068966
PHX,262.0,321.0,1.2251908396946565,11.83206106870229,50.0,12.977099236641221,15.48473282442748,all_minutes,off,clutch,3.271728271728272,8.0,19.0,75.86206896551724
POR,243.0,295.0,1.213991769547325,13.168724279835391,51.173708920187785,14.814814814814813,14.670781893004115,all_minutes,off,clutch,2.9985192497532083,10.0,23.0,68.96551724137932
SAC,347.0,425.0,1.2247838616714697,8.645533141210375,51.28205128205128,12.968299711815561,14.080691642651297,all_minutes,off,clutch,4.297745850879366,9.0,2.0,72.41379310344827
SAS,275.0,299.0,1.0872727272727272,16.363636363636363,50.21551724137932,12.363636363636363,14.807272727272727,all_minutes,off,clutch,3.380454824830977,25.0,15.0,17.24137931034483
TOR,239.0,256.0,1.0711297071129706,14.225941422594143,50.0,11.297071129707113,14.690376569037657,all_minutes,off,clutch,2.921046198973356,29.0,25.0,3.4482758620689653
UTA,242.0,277.0,1.1446280991735538,16.115702479338843,47.39336492890995,17.768595041322314,14.297520661157025,all_minutes,off,clutch,2.953020134228188,15.0,24.0,51.724137931034484
WAS,164.0,182.0,1.1097560975609757,10.975609756097562,52.142857142857146,7.926829268292683,14.390243902439025,all_minutes,off,clutch,1.9910161466553358,22.0,29.0,27.586206896551722
ATL,320.0,370.0,1.15625,13.750000000000002,53.9622641509434,9.6875,14.99375,all_minutes,def,clutch,3.8108848398237463,16.0,7.0,48.275862068965516
BKN,276.0,346.0,1.2536231884057971,9.782608695652174,48.706896551724135,16.304347826086957,14.33695652173913,all_minutes,def,clutch,3.5150280183392764,25.0,11.0,17.24137931034483
BOS,246.0,293.0,1.1910569105691058,13.008130081300814,50.23364485981309,15.853658536585366,14.020325203252032,all_minutes,def,clutch,3.130567574446424,20.0,20.0,34.48275862068966
CHA,310.0,370.0,1.1935483870967742,10.64516129032258,48.8235294117647,14.193548387096774,13.883870967741936,all_minutes,def,clutch,3.8910505836575875,21.0,5.0,31.03448275862069
CHI,237.0,247.0,1.0421940928270041,13.080168776371309,49.27884615384615,9.70464135021097,15.578059071729959,all_minutes,def,clutch,2.8150611711604703,3.0,27.0,93.10344827586206
CLE,255.0,280.0,1.0980392156862746,10.588235294117647,43.63636363636363,14.117647058823529,14.823529411764707,all_minutes,def,clutch,3.1280667320902844,6.0,21.0,82.75862068965517
DAL,270.0,312.0,1.1555555555555554,14.074074074074074,50.42016806722689,15.925925925925927,14.118518518518519,all_minutes,def,clutch,3.3271719038817005,15.0,17.0,51.724137931034484
DEN,288.0,329.0,1.1423611111111112,13.88888888888889,52.742616033755276,10.069444444444445,14.9375,all_minutes,def,clutch,3.504075921644969,11.0,12.0,65.51724137931035
DET,311.0,390.0,1.2540192926045015,12.861736334405144,56.395348837209305,13.504823151125404,14.672025723472668,all_minutes,def,clutch,3.8150147203140334,27.0,6.0,10.344827586206897
GSW,271.0,312.0,1.151291512915129,11.439114391143912,53.48837209302325,8.118081180811808,13.81549815498155,all_minutes,def,clutch,3.3643699565487273,13.0,15.0,58.620689655172406
HOU,290.0,327.0,1.1275862068965516,15.862068965517242,46.99570815450644,12.758620689655173,14.296551724137931,all_minutes,def,clutch,3.602484472049689,9.0,10.0,72.41379310344827
IND,332.0,355.0,1.069277108433735,14.156626506024098,46.78030303030303,10.542168674698797,15.11144578313253,all_minutes,def,clutch,4.035983467055678,5.0,4.0,86.20689655172413
LAC,271.0,303.0,1.118081180811808,14.022140221402212,50.48309178743962,10.70110701107011,14.656826568265682,all_minutes,def,clutch,3.392164225810489,8.0,14.0,75.86206896551724
LAL,215.0,253.0,1.1767441860465115,13.488372093023257,56.18279569892473,8.837209302325581,14.167441860465116,all_minutes,def,clutch,2.696262854276398,19.0,28.0,37.93103448275862
MEM,258.0,272.0,1.054263565891473,17.829457364341085,46.10091743119266,15.891472868217054,15.275193798449612,all_minutes,def,clutch,3.071062968694203,4.0,23.0,89.65517241379311
MIA,362.0,415.0,1.1464088397790055,15.469613259668508,55.12820512820513,12.430939226519337,15.284530386740332,all_minutes,def,clutch,4.559768232774909,12.0,1.0,62.06896551724138
MIL,308.0,299.0,0.9707792207792207,14.935064935064934,44.16342412451362,10.714285714285714,14.902597402597403,all_minutes,def,clutch,3.80716934487021,1.0,8.0,100.0
MIN,349.0,422.0,1.2091690544412608,10.888252148997136,51.02739726027398,12.320916905444127,14.696275071633238,all_minutes,def,clutch,4.367959949937421,22.0,2.0,27.586206896551722
NOP,251.0,279.0,1.1115537848605577,15.139442231075698,48.75,15.936254980079681,14.665338645418327,all_minutes,def,clutch,3.1022123346928687,7.0,22.0,79.3103448275862
NYK,297.0,338.0,1.138047138047138,17.50841750841751,49.795081967213115,14.14141414141414,14.814814814814815,all_minutes,def,clutch,3.7260067745577716,10.0,9.0,68.96551724137932
OKC,116.0,134.0,1.1551724137931034,17.24137931034483,47.42268041237113,16.379310344827587,15.939655172413794,all_minutes,def,clutch,1.4236622484045165,14.0,30.0,55.172413793103445
ORL,232.0,240.0,1.0344827586206897,18.103448275862068,47.540983606557376,11.637931034482758,14.724137931034482,all_minutes,def,clutch,2.967890495074837,2.0,26.0,96.55172413793103
PHI,272.0,341.0,1.2536764705882353,15.441176470588236,55.35714285714286,13.602941176470587,14.088235294117647,all_minutes,def,clutch,3.413226251725436,26.0,13.0,13.793103448275861
PHX,267.0,347.0,1.299625468164794,9.737827715355806,54.27350427350427,14.981273408239701,14.94756554307116,all_minutes,def,clutch,3.3345822405395276,29.0,16.0,3.4482758620689653
POR,246.0,314.0,1.2764227642276422,9.75609756097561,57.14285714285714,8.536585365853659,14.040650406504065,all_minutes,def,clutch,3.041919129467046,28.0,25.0,6.896551724137931
SAC,346.0,406.0,1.1734104046242775,12.716763005780345,52.40549828178695,12.138728323699421,15.413294797687861,all_minutes,def,clutch,4.286953289555197,18.0,3.0,41.37931034482759
SAS,259.0,300.0,1.1583011583011582,12.741312741312742,49.159663865546214,15.057915057915059,14.424710424710424,all_minutes,def,clutch,3.192407247627265,17.0,19.0,44.827586206896555
TOR,251.0,310.0,1.2350597609561753,8.764940239043826,49.130434782608695,14.741035856573706,15.318725099601593,all_minutes,def,clutch,3.0654616511968733,24.0,24.0,20.689655172413794
UTA,270.0,365.0,1.3518518518518519,9.62962962962963,57.438016528925615,13.703703703703704,15.625925925925927,all_minutes,def,clutch,3.2886723507917175,30.0,18.0,0.0
WAS,174.0,213.0,1.2241379310344827,10.344827586206897,51.041666666666664,12.068965517241379,14.183908045977011,all_minutes,def,clutch,2.109346587465147,23.0,29.0,24.137931034482758
ATL,7973.0,9201.0,1.1540198168819766,15.13859275053305,54.741863075196406,12.078264141477487,13.430954471340774,non_garbage,off,all,100.0,17.0,1.0,44.827586206896555
BKN,7400.0,8105.0,1.0952702702702704,15.95945945945946,51.825037707390656,12.04054054054054,15.572972972972973,non_garbage,off,all,100.0,28.0,1.0,6.896551724137931
BOS,7350.0,8898.0,1.2106122448979593,11.972789115646258,56.14086146682189,12.108843537414966,15.417551020408164,non_garbage,off,all,100.0,4.0,1.0,89.65517241379311
CHA,7404.0,7948.0,1.0734737979470557,15.89681253376553,50.19213715637009,13.479200432198812,15.237169097784982,non_garbage,off,all,100.0,29.0,1.0,3.4482758620689653
CHI,7858.0,8993.0,1.1444387884958005,14.443878849580047,55.48276844203931,10.180707559175364,13.437134130822091,non_garbage,off,all,100.0,19.0,1.0,37.93103448275862
CLE,7530.0,9286.0,1.2332005312084993,12.94820717131474,58.10299679953448,11.50066401062417,13.852722443559097,non_garbage,off,all,100.0,1.0,1.0,100.0
DAL,7468.0,8647.0,1.1578735940010711,14.113551151580076,55.28904358353511,10.913229780396358,14.536288162828066,non_garbage,off,all,100.0,15.0,1.0,51.724137931034484
DEN,7748.0,9394.0,1.2124419204956118,14.068146618482189,57.7006351039261,11.448115642746515,14.15900877645844,non_garbage,off,all,100.0,3.0,1.0,93.10344827586206
DET,7747.0,8975.0,1.1585129727636505,14.870272363495546,54.622209502003436,12.05627985026462,14.388537498386473,non_garbage,off,all,100.0,14.0,1.0,55.172413793103445
GSW,7442.0,8583.0,1.153319000268745,14.377855415210966,53.56304985337243,12.859446385380274,14.661112604138673,non_garbage,off,all,100.0,18.0,1.0,41.37931034482759
HOU,7550.0,8754.0,1.1594701986754967,14.198675496688743,52.32005590496156,15.496688741721854,15.020927152317881,non_garbage,off,all,100.0,13.0,1.0,58.620689655172406
IND,7882.0,9193.0,1.166328343060137,13.181933519411318,56.187553525549525,9.451915757421975,14.07891398122304,non_garbage,off,all,100.0,12.0,1.0,62.06896551724138
LAC,7381.0,8521.0,1.1544506164476358,15.1740956509958,55.438945916960314,10.662511854762228,15.112179921419862,non_garbage,off,all,100.0,16.0,1.0,48.275862068965516
LAL,7526.0,8840.0,1.1745947382407653,14.097794313048102,56.09110169491526,10.071751262290725,15.162503321817699,non_garbage,off,all,100.0,9.0,1.0,72.41379310344827
MEM,7785.0,9247.0,1.1877970456005138,14.887604367373154,55.33277050794992,12.819524727039177,13.442260757867695,non_garbage,off,all,100.0,6.0,1.0,82.75862068965517
MIA,7567.0,8629.0,1.1403462402537332,13.99497819479318,54.26891991182954,10.625082595480375,15.22624553984406,non_garbage,off,all,100.0,21.0,1.0,31.03448275862069
MIL,7696.0,9042.0,1.17489604989605,13.253638253638252,57.3397913561848,8.93970893970894,14.631107068607069,non_garbage,off,all,100.0,7.0,1.0,79.3103448275862
MIN,7653.0,8990.0,1.174702730955181,14.68705082973997,55.51759232334981,11.864628250359337,14.916503332026656,non_garbage,off,all,100.0,8.0,1.0,75.86206896551724
NOP,7453.0,8264.0,1.1088152421843553,14.63840064403596,51.81992337164751,12.531866362538574,14.671139138601905,non_garbage,off,all,100.0,25.0,1.0,17.24137931034483
NYK,7258.0,8686.0,1.1967484155414714,13.364563240562138,55.95792637114951,11.945439515017911,15.449986222099753,non_garbage,off,all,100.0,5.0,1.0,86.20689655172413
OKC,7343.0,8916.0,1.2142176222252485,11.739071224295246,56.49455722271256,11.38499250987335,13.883426392482637,non_garbage,off,all,100.0,2.0,1.0,96.55172413793103
ORL,7273.0,8075.0,1.1102708648425683,14.780695723910354,51.49516945253796,12.60827718960539,15.652825519043036,non_garbage,off,all,100.0,24.0,1.0,20.689655172413794
PHI,7604.0,8551.0,1.1245397159389794,14.09784324039979,52.89566755083997,11.559705418200947,15.253945291951604,non_garbage,off,all,100.0,23.0,1.0,24.137931034482758
PHX,7611.0,8883.0,1.1671265273945606,14.347654710287742,56.40452785224903,10.30088030482197,15.318486401261332,non_garbage,off,all,100.0,11.0,1.0,65.51724137931035
POR,7476.0,8410.0,1.1249331193151417,15.877474585339755,52.43813149802313,13.857677902621724,14.571294810058856,non_garbage,off,all,100.0,22.0,1.0,27.586206896551722
SAC,7686.0,9022.0,1.1738225344782722,13.45303148581837,54.880136986301366,11.60551652354931,14.557246942492844,non_garbage,off,all,100.0,10.0,1.0,68.96551724137932
SAS,7726.0,8817.0,1.1412114936577789,13.914056432824228,54.29760367341082,11.183018379497799,14.39244110794719,non_garbage,off,all,100.0,20.0,1.0,34.48275862068966
TOR,7593.0,8405.0,1.106940603187146,15.395759251942579,52.36266125525438,12.840774397471355,14.140787567496378,non_garbage,off,all,100.0,27.0,1.0,10.344827586206897
UTA,7518.0,8333.0,1.1084064910880553,17.25192870444267,53.13298271975958,12.795956371375366,15.047220005320565,non_garbage,off,all,100.0,26.0,1.0,13.793103448275861
WAS,7460.0,7947.0,1.0652815013404826,15.67024128686327,51.36583157259281,11.032171581769438,14.252815013404826,non_garbage,off,all,100.0,30.0,1.0,0.0
ATL,7989.0,9305.0,1.164726498936037,15.533859056202278,56.33209594517419,10.752284391037676,14.70972587307548,non_garbage,def,all,100.0,20.0,1.0,34.48275862068966
BKN,7448.0,8743.0,1.1738721804511278,15.33297529538131,55.823170731707314,11.627282491944147,14.650107411385607,non_garbage,def,all,100.0,24.0,1.0,20.689655172413794
BOS,7282.0,8138.0,1.1175501235924197,13.444108761329304,52.56068679692125,11.507827519912112,14.677698434496017,non_garbage,def,all,100.0,5.0,1.0,86.20689655172413
CHA,7435.0,8694.0,1.169334229993275,13.503698722259582,54.654078772680336,12.010759919300606,14.423940820443846,non_garbage,def,all,100.0,22.0,1.0,27.586206896551722
CHI,7922.0,9213.0,1.162963898005554,12.206513506690229,54.25415122821463,11.285029033072457,14.70474627619288,non_garbage,def,all,100.0,18.0,1.0,41.37931034482759
CLE,7447.0,8366.0,1.1234053981469048,14.771048744460858,52.77039007092199,12.515106754397745,15.160198737746743,non_garbage,def,all,100.0,8.0,1.0,75.86206896551724
DAL,7460.0,8688.0,1.1646112600536194,13.378016085790884,54.00813244263723,12.412868632707774,14.575067024128685,non_garbage,def,all,100.0,19.0,1.0,37.93103448275862
DEN,7754.0,9058.0,1.168171266443126,12.716017539334537,54.35325107444891,12.22594789785917,14.767474851689451,non_garbage,def,all,100.0,21.0,1.0,31.03448275862069
DET,7734.0,8846.0,1.143780708559607,14.946987328678564,54.09283936154634,11.546418412205844,14.677269200930954,non_garbage,def,all,100.0,11.0,1.0,65.51724137931035
GSW,7437.0,8316.0,1.118192819685357,15.906951727847249,54.13614163614163,10.797364528707812,14.688987494957644,non_garbage,def,all,100.0,6.0,1.0,82.75862068965517
HOU,7512.0,8344.0,1.1107561235356762,14.656549520766774,52.88432946773713,11.168796592119277,14.486687965921194,non_garbage,def,all,100.0,3.0,1.0,93.10344827586206
IND,7920.0,9086.0,1.1472222222222221,14.835858585858585,54.686840253342716,11.717171717171718,14.869570707070707,non_garbage,def,all,100.0,13.0,1.0,58.620689655172406
LAC,7362.0,8185.0,1.1117902743819614,15.30834012496604,53.89129092032119,10.622113556098887,14.573892963868515,non_garbage,def,all,100.0,4.0,1.0,89.65517241379311
LAL,7544.0,8708.0,1.1542948038176033,13.971367974549311,54.26767310204674,12.089077412513255,14.437301166489926,non_garbage,def,all,100.0,16.0,1.0,48.275862068965516
MEM,7752.0,8822.0,1.1380288957688338,14.860681114551083,53.45226058067312,12.332301341589268,14.591976264189887,non_garbage,def,all,100.0,9.0,1.0,72.41379310344827
MIA,7575.0,8634.0,1.1398019801980197,14.204620462046206,54.6911252900232,11.04950495049505,14.829042904290429,non_garbage,def,all,100.0,10.0,1.0,68.96551724137932
MIL,7641.0,8785.0,1.1497186232168564,12.707760764297868,53.56282759597677,11.56916633948436,14.589582515377568,non_garbage,def,all,100.0,14.0,1.0,55.172413793103445
MIN,7618.0,8524.0,1.1189288527172485,15.095825676030456,53.3270100685831,11.81412444211079,14.812024153321081,non_garbage,def,all,100.0,7.0,1.0,79.3103448275862
NOP,7511.0,9103.0,1.2119557981626947,13.939555318865663,56.69863411798895,12.541605645053922,14.555984555984557,non_garbage,def,all,100.0,30.0,1.0,0.0
NYK,7230.0,8284.0,1.1457814661134162,14.923928077455049,54.76226993865031,11.562932226832642,14.485477178423237,non_garbage,def,all,100.0,12.0,1.0,62.06896551724138
OKC,7217.0,7725.0,1.0703893584591935,17.431065539697936,51.17590974098204,12.484411805459333,15.106969654981294,non_garbage,def,all,100.0,1.0,1.0,100.0
ORL,7260.0,8043.0,1.1078512396694216,16.92837465564738,54.20310981535471,10.509641873278238,14.596556473829201,non_garbage,def,all,100.0,2.0,1.0,96.55172413793103
PHI,7612.0,9080.0,1.1928533893851814,16.38202837624803,57.27661456797405,12.217551234892275,14.43536521282186,non_garbage,def,all,100.0,26.0,1.0,13.793103448275861
PHX,7622.0,9118.0,1.1962739438467593,12.332721070585148,55.43044469783352,11.742324849120966,14.38743112044083,non_garbage,def,all,100.0,27.0,1.0,10.344827586206897
POR,7474.0,8632.0,1.154937115333155,15.614128980465614,54.43778110944528,12.162162162162163,14.778298100080278,non_garbage,def,all,100.0,17.0,1.0,44.827586206896555
SAC,7685.0,9010.0,1.1724137931034482,13.962264150943396,55.94088381621305,10.81327260897853,14.882498373454782,non_garbage,def,all,100.0,23.0,1.0,24.137931034482758
SAS,7747.0,9142.0,1.180069704401704,13.747257002710727,55.39324286901135,12.378985413708532,14.702207306053957,non_garbage,def,all,100.0,25.0,1.0,17.24137931034483
TOR,7639.0,8787.0,1.1502814504516299,15.05432648252389,53.95303908455937,11.860191124492735,14.870009163503076,non_garbage,def,all,100.0,15.0,1.0,51.724137931034484
UTA,7586.0,9135.0,1.20419193250725,11.62668072765621,55.71611617312073,11.969417347745848,13.836145531241762,non_garbage,def,all,100.0,29.0,1.0,3.4482758620689653
WAS,7546.0,9041.0,1.1981182083222899,12.8412403922608,54.78410558026108,12.695467797508615,14.307580174927114,non_garbage,def,all,100.0,28.0,1.0,6.896551724137931
ATL,1315.0,1890.0,1.4372623574144487,20.53231939163498,89.82954545454545,0.0,4.629657794676806,non_garbage,off,quick_live_7s,16.493164429951086,23.0,2.0,24.137931034482758
BKN,1042.0,1484.0,1.4241842610364683,20.72936660268714,88.61671469740634,0.0,4.50383877159309,non_garbage,off,quick_live_7s,14.08108108108108,27.0,22.0,10.344827586206897
BOS,880.0,1356.0,1.540909090909091,17.045454545454543,93.01765650080257,0.0,4.834090909090909,non_garbage,off,quick_live_7s,11.972789115646258,4.0,30.0,89.65517241379311
CHA,943.0,1244.0,1.3191940615058324,23.435843054082714,84.88372093023256,0.0,4.741251325556734,non_garbage,off,quick_live_7s,12.736358725013504,30.0,28.0,0.0
CHI,1280.0,1882.0,1.4703125,19.53125,90.93050647820967,0.0,4.67890625,non_garbage,off,quick_live_7s,16.289132094680582,14.0,4.0,55.172413793103445
CLE,1073.0,1722.0,1.6048462255358806,17.42777260018639,97.71197846567968,0.0,4.883504193849022,non_garbage,off,quick_live_7s,14.249667994687915,1.0,20.0,100.0
DAL,1089.0,1628.0,1.494949494949495,19.742883379247015,92.71117166212534,0.0,4.737373737373737,non_garbage,off,quick_live_7s,14.582217461167648,9.0,16.0,72.41379310344827
DEN,1323.0,1916.0,1.4482237339380197,19.12320483749055,88.70786516853933,0.0,4.517762660619804,non_garbage,off,quick_live_7s,17.075374290139393,21.0,1.0,31.03448275862069
DET,1263.0,1853.0,1.4671417260490895,18.52731591448931,88.25541619156215,0.0,4.4821852731591445,non_garbage,off,quick_live_7s,16.303085065186522,16.0,3.0,48.275862068965516
GSW,1032.0,1481.0,1.435077519379845,20.44573643410853,90.33189033189034,0.0,4.6647286821705425,non_garbage,off,quick_live_7s,13.867239989250201,25.0,24.0,17.24137931034483
HOU,1109.0,1625.0,1.4652840396753832,18.48512173128945,89.31506849315069,0.0,4.501352569882777,non_garbage,off,quick_live_7s,14.688741721854303,17.0,15.0,44.827586206896555
IND,1220.0,1837.0,1.5057377049180327,17.704918032786885,91.54929577464789,0.0,4.55,non_garbage,off,quick_live_7s,15.478304998731288,7.0,8.0,79.3103448275862
LAC,1149.0,1672.0,1.4551784160139252,21.32288946910357,91.75675675675676,0.0,4.4838990426457785,non_garbage,off,quick_live_7s,15.566996341959083,20.0,7.0,34.48275862068966
LAL,1094.0,1572.0,1.436928702010969,20.6581352833638,90.41379310344828,0.0,4.407678244972578,non_garbage,off,quick_live_7s,14.536274249269198,24.0,17.0,20.689655172413794
MEM,1267.0,1972.0,1.5564325177584846,20.441988950276244,98.33134684147795,0.0,4.62509865824783,non_garbage,off,quick_live_7s,16.274887604367372,3.0,5.0,93.10344827586206
MIA,1030.0,1523.0,1.478640776699029,19.80582524271845,92.14814814814815,0.0,4.574757281553398,non_garbage,off,quick_live_7s,13.611735165851723,11.0,26.0,65.51724137931035
MIL,1152.0,1691.0,1.4678819444444444,19.70486111111111,90.37184594953519,0.0,4.611979166666667,non_garbage,off,quick_live_7s,14.96881496881497,15.0,13.0,51.724137931034484
MIN,1016.0,1495.0,1.4714566929133859,20.374015748031496,91.29464285714286,0.0,4.630905511811024,non_garbage,off,quick_live_7s,13.275839540049652,13.0,27.0,58.620689655172406
NOP,1136.0,1703.0,1.4991197183098592,19.014084507042252,93.90563564875491,0.0,4.622359154929577,non_garbage,off,quick_live_7s,15.24218435529317,8.0,10.0,75.86206896551724
NYK,1051.0,1568.0,1.4919124643196955,17.79257849666984,89.275956284153,0.0,4.68220742150333,non_garbage,off,quick_live_7s,14.480573160650318,10.0,18.0,68.96551724137932
OKC,1121.0,1770.0,1.5789473684210527,15.878679750223016,93.41590612777053,0.0,4.719892952720785,non_garbage,off,quick_live_7s,15.266239956421082,2.0,9.0,96.55172413793103
ORL,999.0,1460.0,1.4614614614614614,18.61861861861862,88.93129770992367,0.0,4.372372372372372,non_garbage,off,quick_live_7s,13.735734909940877,18.0,25.0,41.37931034482759
PHI,1082.0,1580.0,1.4602587800369686,19.77818853974122,89.46608946608947,0.0,4.444547134935305,non_garbage,off,quick_live_7s,14.229352972119939,19.0,21.0,37.93103448275862
PHX,931.0,1405.0,1.5091299677765844,19.978517722878625,94.33070866141732,0.0,4.597207303974221,non_garbage,off,quick_live_7s,12.232295361976087,6.0,29.0,82.75862068965517
POR,1126.0,1553.0,1.3792184724689165,20.515097690941385,86.1760660247593,0.0,4.460035523978686,non_garbage,off,quick_live_7s,15.061530230069556,29.0,11.0,3.4482758620689653
SAC,1067.0,1573.0,1.4742268041237114,20.33739456419869,91.79743223965762,0.0,4.505154639175258,non_garbage,off,quick_live_7s,13.882383554514702,12.0,23.0,62.06896551724138
SAS,1156.0,1774.0,1.5346020761245676,19.80968858131488,95.56962025316456,0.0,4.615916955017301,non_garbage,off,quick_live_7s,14.962464405902148,5.0,14.0,86.20689655172413
TOR,1202.0,1704.0,1.4176372712146423,19.550748752079866,88.56613102595797,0.0,4.629783693843594,non_garbage,off,quick_live_7s,15.830370077703149,28.0,6.0,6.896551724137931
UTA,1088.0,1554.0,1.4283088235294117,23.161764705882355,92.31843575418995,0.0,4.595588235294118,non_garbage,off,quick_live_7s,14.47193402500665,26.0,19.0,13.793103448275861
WAS,1123.0,1615.0,1.438112199465717,19.145146927871775,89.18393782383419,0.0,4.5770258236865535,non_garbage,off,quick_live_7s,15.053619302949063,22.0,12.0,27.586206896551722
ATL,1186.0,1782.0,1.5025295109612142,21.079258010118043,94.93506493506494,0.0,4.37858347386172,non_garbage,def,quick_live_7s,14.845412442107897,20.0,14.0,34.48275862068966
BKN,1159.0,1744.0,1.5047454702329595,19.75841242450388,93.62808842652795,0.0,4.3356341673856775,non_garbage,def,quick_live_7s,15.561224489795919,21.0,4.0,31.03448275862069
BOS,1038.0,1429.0,1.3766859344894027,21.965317919075144,87.98561151079136,0.0,4.866088631984586,non_garbage,def,quick_live_7s,14.254325734688273,2.0,19.0,96.55172413793103
CHA,1156.0,1678.0,1.4515570934256055,19.80968858131488,89.09921671018277,0.0,4.493944636678201,non_garbage,def,quick_live_7s,15.548083389374579,13.0,5.0,58.620689655172406
CHI,1082.0,1559.0,1.4408502772643252,17.56007393715342,86.4,0.0,4.745841035120148,non_garbage,def,quick_live_7s,13.65816712951275,10.0,26.0,68.96551724137932
CLE,1066.0,1507.0,1.4136960600375235,21.294559099437148,88.82521489971347,0.0,4.531894934333959,non_garbage,def,quick_live_7s,14.314489055995702,6.0,18.0,82.75862068965517
DAL,1059.0,1536.0,1.4504249291784703,19.452313503305003,89.06474820143885,0.0,4.657223796033994,non_garbage,def,quick_live_7s,14.195710455764074,12.0,22.0,62.06896551724138
DEN,1102.0,1731.0,1.5707803992740472,16.06170598911071,92.66169154228857,0.0,4.586206896551724,non_garbage,def,quick_live_7s,14.212019602785658,30.0,21.0,0.0
DET,1090.0,1532.0,1.4055045871559633,21.192660550458715,87.62589928057554,0.0,4.588073394495413,non_garbage,def,quick_live_7s,14.093612619601759,5.0,25.0,86.20689655172413
GSW,1068.0,1519.0,1.4222846441947565,21.254681647940075,89.67468175388967,0.0,4.642322097378277,non_garbage,def,quick_live_7s,14.360629286002421,8.0,17.0,75.86206896551724
HOU,1019.0,1455.0,1.4278704612365063,21.786064769381746,90.1526717557252,0.0,4.702649656526006,non_garbage,def,quick_live_7s,13.56496272630458,9.0,28.0,72.41379310344827
IND,1052.0,1577.0,1.4990494296577948,17.110266159695815,90.25069637883009,0.0,4.86787072243346,non_garbage,def,quick_live_7s,13.282828282828282,19.0,30.0,37.93103448275862
LAC,1099.0,1636.0,1.4886260236578708,19.381255686988172,92.76228419654714,0.0,4.557779799818016,non_garbage,def,quick_live_7s,14.928008693289868,17.0,13.0,44.827586206896555
LAL,1170.0,1793.0,1.5324786324786326,17.863247863247864,93.42105263157895,0.0,4.591452991452991,non_garbage,def,quick_live_7s,15.509013785790032,25.0,7.0,17.24137931034483
MEM,1190.0,1744.0,1.4655462184873949,22.18487394957983,94.58762886597938,0.0,4.4487394957983195,non_garbage,def,quick_live_7s,15.350877192982457,15.0,9.0,51.724137931034484
MIA,1071.0,1666.0,1.5555555555555556,16.99346405228758,93.52708058124173,0.0,4.743230625583567,non_garbage,def,quick_live_7s,14.138613861386137,28.0,24.0,6.896551724137931
MIL,1099.0,1654.0,1.5050045495905369,16.469517743403095,89.30899608865711,0.0,4.6105550500454955,non_garbage,def,quick_live_7s,14.382934170920036,22.0,16.0,27.586206896551722
MIN,1083.0,1593.0,1.4709141274238227,20.8679593721145,93.45403899721448,0.0,4.649122807017544,non_garbage,def,quick_live_7s,14.216329745339984,16.0,20.0,48.275862068965516
NOP,1195.0,1818.0,1.5213389121338912,17.154811715481173,92.35436893203884,0.0,4.4418410041841,non_garbage,def,quick_live_7s,15.909998668619357,23.0,2.0,24.137931034482758
NYK,1023.0,1428.0,1.3958944281524928,22.58064516129032,89.19708029197079,0.0,4.672531769305963,non_garbage,def,quick_live_7s,14.149377593360995,4.0,23.0,89.65517241379311
OKC,961.0,1260.0,1.3111342351716961,26.638917793964623,87.79174147217235,0.0,4.660770031217481,non_garbage,def,quick_live_7s,13.31578218096162,1.0,29.0,100.0
ORL,1095.0,1522.0,1.3899543378995434,24.200913242009133,91.56534954407294,0.0,4.494977168949772,non_garbage,def,quick_live_7s,15.082644628099173,3.0,11.0,93.10344827586206
PHI,1164.0,1809.0,1.5541237113402062,18.470790378006875,94.67162329615861,0.0,4.5395189003436425,non_garbage,def,quick_live_7s,15.291644771413557,27.0,10.0,10.344827586206897
PHX,1139.0,1780.0,1.562774363476734,16.769095697980685,94.26020408163265,0.0,4.62774363476734,non_garbage,def,quick_live_7s,14.943584361060088,29.0,12.0,3.4482758620689653
POR,1178.0,1667.0,1.4151103565365026,21.052631578947366,89.1160949868074,0.0,4.471137521222411,non_garbage,def,quick_live_7s,15.76130586031576,7.0,3.0,79.3103448275862
SAC,1049.0,1520.0,1.4489990467111535,18.589132507149667,87.64285714285714,0.0,4.680648236415634,non_garbage,def,quick_live_7s,13.649967469095643,11.0,27.0,65.51724137931035
SAS,1122.0,1723.0,1.535650623885918,18.805704099821746,93.64779874213836,0.0,4.696078431372549,non_garbage,def,quick_live_7s,14.483025687362849,26.0,15.0,13.793103448275861
TOR,1182.0,1729.0,1.4627749576988156,19.120135363790187,90.45161290322581,0.0,4.592216582064298,non_garbage,def,quick_live_7s,15.473229480298468,14.0,8.0,55.172413793103445
UTA,1290.0,1922.0,1.489922480620155,17.286821705426355,90.45758928571429,0.0,4.430232558139535,non_garbage,def,quick_live_7s,17.005009227524386,18.0,1.0,41.37931034482759
WAS,1172.0,1789.0,1.5264505119453924,17.49146757679181,92.19725343320849,0.0,4.662969283276451,non_garbage,def,quick_live_7s,15.53140736814206,24.0,6.0,20.689655172413794
ATL,3594.0,4149.0,1.154424040066778,14.440734557595993,54.272978788810335,12.21480244852532,15.793266555370062,non_garbage,off,after_make,45.077135331744635,10.0,7.0,68.96551724137932
BKN,3316.0,3548.0,1.0699638118214716,16.58624849215923,51.5919205751455,11.429433051869722,18.662243667068758,non_garbage,off,after_make,44.81081081081081,24.0,10.0,20.689655172413794
BOS,3235.0,3962.0,1.2247295208655333,11.808346213292117,56.135471204188484,12.5193199381762,18.45224111282844,non_garbage,off,after_make,44.013605442176875,1.0,19.0,100.0
CHA,3269.0,3468.0,1.0608748852860201,16.15172835729581,49.848484848484844,12.970327317222392,17.950443560721933,non_garbage,off,after_make,44.15180983252296,27.0,17.0,10.344827586206897
CHI,3561.0,3902.0,1.0957596180848077,15.023869699522606,53.578184110970994,9.856781802864365,15.716933445661331,non_garbage,off,after_make,45.31687452277933,21.0,6.0,31.03448275862069
CLE,3314.0,3988.0,1.2033796016898008,13.186481593240796,57.3751257123701,10.410380205190101,16.230537115268557,non_garbage,off,after_make,44.01062416998672,2.0,20.0,96.55172413793103
DAL,3427.0,3821.0,1.1149693609571054,14.239859935803912,53.11373320222877,10.62153487014882,17.451707032389844,non_garbage,off,after_make,45.88912694161757,17.0,3.0,44.827586206896555
DEN,3454.0,4051.0,1.1728430804863925,14.504921829762592,56.320907617504055,10.799073537927041,17.506948465547193,non_garbage,off,after_make,44.5792462570986,4.0,13.0,89.65517241379311
DET,3415.0,3853.0,1.1282576866764276,15.373352855051245,53.539967373572594,11.625183016105417,17.569546120058565,non_garbage,off,after_make,44.081579966438625,14.0,18.0,55.172413793103445
GSW,3137.0,3516.0,1.1208160663053872,13.802996493465095,51.52777777777777,12.846668791839337,17.367867389225374,non_garbage,off,after_make,42.15264713786617,16.0,29.0,48.275862068965516
HOU,3277.0,3677.0,1.1220628623741227,13.7320720170888,50.142225031605555,15.746109246261824,18.28989929813854,non_garbage,off,after_make,43.40397350993378,15.0,25.0,51.724137931034484
IND,3446.0,3972.0,1.1526407428903076,12.971561230412071,55.639097744360896,9.053975623911782,16.71329077190946,non_garbage,off,after_make,43.719868053793455,11.0,23.0,65.51724137931035
LAC,3125.0,3445.0,1.1024,15.840000000000002,53.68131868131868,9.536,18.88448,non_garbage,off,after_make,42.33843652621596,20.0,28.0,34.48275862068966
LAL,3373.0,3933.0,1.1660243107026387,13.281944856211089,54.92297387809779,9.813222650459531,18.360509931811443,non_garbage,off,after_make,44.81796439011427,7.0,9.0,79.3103448275862
MEM,3417.0,4006.0,1.1723734269827335,13.95961369622476,54.59053103007038,12.174422007609014,15.840210711150132,non_garbage,off,after_make,43.89210019267823,5.0,21.0,86.20689655172413
MIA,3260.0,3600.0,1.1042944785276074,14.11042944785276,52.804214819850436,10.245398773006135,18.10368098159509,non_garbage,off,after_make,43.08180256376371,19.0,27.0,37.93103448275862
MIL,3406.0,3950.0,1.1597181444509688,13.211978860833822,55.987923515598794,9.219025249559602,17.918379330593073,non_garbage,off,after_make,44.25675675675676,9.0,16.0,72.41379310344827
MIN,3317.0,3865.0,1.1652095266807356,14.380464274947242,55.12605042016807,11.275248718721736,17.766053662948448,non_garbage,off,after_make,43.34248007317392,8.0,26.0,75.86206896551724
NOP,3388.0,3541.0,1.045159386068477,15.141676505312867,48.96440129449838,12.603305785123966,17.600059031877215,non_garbage,off,after_make,45.458204749765194,28.0,5.0,6.896551724137931
NYK,3251.0,3794.0,1.1670255306059674,12.949861581051984,53.55614092854791,12.61150415256844,18.90649031067364,non_garbage,off,after_make,44.791953706255164,6.0,12.0,82.75862068965517
OKC,3043.0,3606.0,1.1850147880381203,11.96187972395662,55.8288770053476,10.778836674334539,16.640157739073285,non_garbage,off,after_make,41.440827999455266,3.0,30.0,93.10344827586206
ORL,3160.0,3365.0,1.0648734177215189,15.569620253164556,49.45671223273747,12.658227848101266,18.989556962025315,non_garbage,off,after_make,43.44837068609927,26.0,24.0,13.793103448275861
PHI,3474.0,3848.0,1.107656879677605,13.874496257915947,52.52330440372871,11.197466896948763,18.290443293033967,non_garbage,off,after_make,45.68648079957917,18.0,4.0,41.37931034482759
PHX,3498.0,4020.0,1.1492281303602059,14.150943396226415,55.280207321023646,10.205831903945112,17.91852487135506,non_garbage,off,after_make,45.959795033504136,12.0,2.0,62.06896551724138
POR,3350.0,3649.0,1.0892537313432835,16.83582089552239,51.63185378590078,13.492537313432837,17.689850746268657,non_garbage,off,after_make,44.81005885500268,22.0,11.0,27.586206896551722
SAC,3412.0,3867.0,1.1333528722157094,13.393903868698711,52.797314578005114,12.075029308323563,17.361664712778428,non_garbage,off,after_make,44.39240176945095,13.0,15.0,58.620689655172406
SAS,3441.0,3690.0,1.0723626852659112,13.251961639058413,49.74675530231086,11.595466434176112,17.3025283347864,non_garbage,off,after_make,44.53792389334714,23.0,14.0,24.137931034482758
TOR,3329.0,3560.0,1.0693902072694503,16.161009312105737,50.97413503527041,11.805346951036347,17.06578552117753,non_garbage,off,after_make,43.84301330172528,25.0,22.0,17.24137931034483
UTA,3533.0,3682.0,1.0421737899801868,17.124257005377867,49.29645027182603,12.51061420888763,18.377299745258988,non_garbage,off,after_make,46.99388135142325,29.0,1.0,3.4482758620689653
WAS,3356.0,3411.0,1.016388557806913,16.418355184743742,49.473684210526315,10.66746126340882,16.960369487485103,non_garbage,off,after_make,44.98659517426273,30.0,8.0,0.0
ATL,3586.0,3989.0,1.1123814835471277,15.895147796988288,53.885188709165874,10.875627440044617,17.72308979364194,non_garbage,def,after_make,44.88671923895356,11.0,8.0,65.51724137931035
BKN,3144.0,3570.0,1.1354961832061068,16.06234096692112,54.74452554744526,10.973282442748092,17.89980916030534,non_garbage,def,after_make,42.21267454350161,20.0,28.0,34.48275862068966
BOS,3193.0,3536.0,1.1074224866896336,12.965862824929534,52.30020147750169,10.898841215158159,17.58941434387723,non_garbage,def,after_make,43.847843998901396,10.0,20.0,68.96551724137932
CHA,3093.0,3487.0,1.1273844164241837,12.96475913352732,51.997221257381035,12.51212415130941,17.518913676042676,non_garbage,def,after_make,41.600537995965034,17.0,30.0,44.827586206896555
CHI,3490.0,4036.0,1.1564469914040114,11.80515759312321,54.170571696344894,10.229226361031518,17.55157593123209,non_garbage,def,after_make,44.0545316839182,25.0,17.0,17.24137931034483
CLE,3443.0,3688.0,1.071158873075806,14.638396747022945,50.20621827411168,12.547197211733954,18.162939297124602,non_garbage,def,after_make,46.233382570162476,4.0,3.0,89.65517241379311
DAL,3323.0,3841.0,1.1558832380379176,12.940114354498947,53.972114137483786,11.886849232621126,17.52302136623533,non_garbage,def,after_make,44.54423592493298,24.0,14.0,20.689655172413794
DEN,3720.0,4274.0,1.1489247311827957,12.822580645161292,52.98051759232335,12.204301075268816,17.529032258064515,non_garbage,def,after_make,47.97523858653598,22.0,1.0,27.586206896551722
DET,3461.0,3918.0,1.1320427622074545,15.544640277376482,54.13372859025033,10.95059231436001,17.490031782721758,non_garbage,def,after_make,44.75045254719421,19.0,12.0,37.93103448275862
GSW,3205.0,3494.0,1.0901716068642746,15.881435257410295,52.35418130709768,11.045241809672387,17.66021840873635,non_garbage,def,after_make,43.09533414011026,7.0,26.0,79.3103448275862
HOU,3368.0,3618.0,1.074228028503563,14.637767220902612,51.1577902745617,11.104513064133016,17.04542755344418,non_garbage,def,after_make,44.83493077742279,5.0,9.0,86.20689655172413
IND,3549.0,3983.0,1.1222879684418146,15.187376725838265,53.84615384615385,11.496196111580726,17.759087066779376,non_garbage,def,after_make,44.81060606060606,16.0,11.0,48.275862068965516
LAC,3282.0,3487.0,1.0624619134673978,16.24009750152346,51.717490361023486,10.23765996343693,17.471054235222425,non_garbage,def,after_make,44.58027709861451,3.0,13.0,93.10344827586206
LAL,3389.0,3773.0,1.1133077604012984,13.868397757450577,52.28149100257069,11.655355562112717,17.370905871938625,non_garbage,def,after_make,44.92311770943797,12.0,7.0,62.06896551724138
MEM,3529.0,3845.0,1.0895437801076793,13.79994332672145,50.20369790034472,12.52479455936526,17.66987815245112,non_garbage,def,after_make,45.52373581011352,6.0,6.0,82.75862068965517
MIA,3300.0,3599.0,1.0906060606060606,14.545454545454545,52.289438502673804,10.787878787878787,17.754848484848484,non_garbage,def,after_make,43.56435643564357,8.0,22.0,75.86206896551724
MIL,3400.0,3932.0,1.1564705882352941,12.264705882352942,53.657770800627944,11.411764705882353,17.369411764705884,non_garbage,def,after_make,44.49679361340139,26.0,15.0,13.793103448275861
MIN,3357.0,3699.0,1.1018766756032172,15.460232350312781,52.71304926764314,11.73666964551683,17.629133154602325,non_garbage,def,after_make,44.06668416907325,9.0,16.0,72.41379310344827
NOP,3294.0,3892.0,1.1815421979356406,13.812993321190042,54.80958634274459,12.264723740133576,17.71250758955677,non_garbage,def,after_make,43.85567833843696,30.0,19.0,0.0
NYK,3360.0,3758.0,1.118452380952381,14.226190476190476,53.02830809743252,11.190476190476192,17.21964285714286,non_garbage,def,after_make,46.47302904564315,14.0,2.0,55.172413793103445
OKC,3331.0,3486.0,1.0465325728009607,16.931852296607623,50.10256410256411,12.15851095767037,17.921945361753227,non_garbage,def,after_make,46.154912013301924,1.0,4.0,100.0
ORL,3145.0,3339.0,1.061685214626391,17.83783783783784,52.54141566265061,10.14308426073132,17.462639109697932,non_garbage,def,after_make,43.31955922865014,2.0,25.0,96.55172413793103
PHI,3309.0,3767.0,1.138410395889997,17.104865518283468,54.89522500858811,11.937141130250831,17.303717135086128,non_garbage,def,after_make,43.47083552285864,21.0,23.0,31.03448275862069
PHX,3416.0,3956.0,1.1580796252927401,12.441451990632318,53.46518987341772,11.73887587822014,17.355679156908664,non_garbage,def,after_make,44.81763316714773,27.0,10.0,10.344827586206897
POR,3239.0,3618.0,1.1170114232787898,16.23958011732016,53.353022932592076,11.762889780796543,17.972213646187093,non_garbage,def,after_make,43.33690125769334,13.0,24.0,58.620689655172406
SAC,3506.0,3965.0,1.1309184255561895,14.746149458071878,54.47761194029851,10.039931545921279,17.67912150598973,non_garbage,def,after_make,45.6213402732596,18.0,5.0,41.37931034482759
SAS,3407.0,3921.0,1.1508658643968301,14.059289697681244,54.07582938388625,12.474317581449956,17.59847373055474,non_garbage,def,after_make,43.97831418613657,23.0,18.0,24.137931034482758
TOR,3348.0,3755.0,1.1215651135005973,15.56152927120669,52.0769492679605,12.066905615292713,17.853643966547192,non_garbage,def,after_make,43.827726142165204,15.0,21.0,51.724137931034484
UTA,3225.0,3800.0,1.178294573643411,11.10077519379845,54.48310471729676,11.162790697674419,17.047751937984497,non_garbage,def,after_make,42.51252306881097,29.0,27.0,3.4482758620689653
WAS,3166.0,3713.0,1.1727732154137713,12.381554011370815,53.61898258791397,12.192040429564118,17.409349336702462,non_garbage,def,after_make,41.95600318049298,28.0,29.0,6.896551724137931
ATL,734.0,938.0,1.2779291553133516,13.623978201634879,60.8433734939759,13.215258855585832,8.291553133514986,non_garbage,off,after_steal,9.206070487896651,23.0,5.0,24.137931034482758
BKN,574.0,715.0,1.245644599303136,12.543554006968641,56.109022556390975,12.89198606271777,8.82752613240418,non_garbage,off,after_steal,7.756756756756757,25.0,18.0,17.24137931034483
BOS,530.0,696.0,1.3132075471698113,14.150943396226415,64.57446808510639,9.622641509433963,9.211320754716981,non_garbage,off,after_steal,7.210884353741497,19.0,26.0,37.93103448275862
CHA,545.0,670.0,1.2293577981651376,13.211009174311927,56.52173913043478,13.577981651376147,8.647706422018349,non_garbage,off,after_steal,7.3608860075634786,26.0,25.0,13.793103448275861
CHI,561.0,772.0,1.376114081996435,12.4777183600713,65.3921568627451,10.87344028520499,8.044563279857398,non_garbage,off,after_steal,7.139221175871723,8.0,27.0,75.86206896551724
CLE,598.0,871.0,1.4565217391304348,10.367892976588628,66.66666666666666,14.046822742474916,8.54180602006689,non_garbage,off,after_steal,7.941567065073041,2.0,17.0,96.55172413793103
DAL,569.0,777.0,1.3655536028119508,14.059753954305801,69.15983606557377,8.963093145869948,8.260105448154658,non_garbage,off,after_steal,7.619175147295127,11.0,22.0,65.51724137931035
DEN,596.0,822.0,1.3791946308724832,12.416107382550337,65.63088512241055,11.073825503355705,7.709731543624161,non_garbage,off,after_steal,7.6923076923076925,7.0,20.0,79.3103448275862
DET,597.0,832.0,1.3936348408710217,11.390284757118927,66.04823747680891,10.552763819095476,7.651591289782244,non_garbage,off,after_steal,7.706208855040661,4.0,19.0,89.65517241379311
GSW,688.0,929.0,1.3502906976744187,13.372093023255813,65.08064516129032,12.645348837209303,9.286337209302326,non_garbage,off,after_steal,9.244826659500134,13.0,4.0,58.620689655172406
HOU,620.0,818.0,1.3193548387096774,13.870967741935484,61.62162162162163,13.548387096774196,8.040322580645162,non_garbage,off,after_steal,8.211920529801324,18.0,10.0,41.37931034482759
IND,647.0,861.0,1.330757341576507,13.446676970633694,65.1567944250871,8.809891808346213,7.769706336939722,non_garbage,off,after_steal,8.208576503425528,16.0,11.0,48.275862068965516
LAC,686.0,932.0,1.358600583090379,12.39067055393586,63.91509433962265,11.078717201166182,8.346938775510203,non_garbage,off,after_steal,9.294133586234928,12.0,2.0,62.06896551724138
LAL,578.0,744.0,1.28719723183391,14.878892733564014,65.09054325955734,9.342560553633218,8.762975778546712,non_garbage,off,after_steal,7.680042519266543,21.0,21.0,31.03448275862069
MEM,658.0,873.0,1.3267477203647415,15.653495440729484,62.394603709949415,13.221884498480243,8.463525835866262,non_garbage,off,after_steal,8.452151573538856,17.0,8.0,44.827586206896555
MIA,616.0,755.0,1.2256493506493507,12.175324675324676,58.50661625708885,9.090909090909092,8.987012987012987,non_garbage,off,after_steal,8.140610545790935,27.0,12.0,10.344827586206897
MIL,540.0,742.0,1.374074074074074,9.444444444444445,65.12345679012346,9.25925925925926,8.714814814814815,non_garbage,off,after_steal,7.016632016632017,9.0,29.0,72.41379310344827
MIN,610.0,801.0,1.3131147540983608,14.262295081967213,60.89285714285714,13.442622950819672,8.765573770491804,non_garbage,off,after_steal,7.970730432510127,20.0,16.0,34.48275862068966
NOP,638.0,821.0,1.286833855799373,13.636363636363635,63.974591651542646,8.934169278996865,7.714733542319749,non_garbage,off,after_steal,8.560311284046692,22.0,7.0,27.586206896551722
NYK,590.0,851.0,1.4423728813559322,12.033898305084746,68.04308797127469,12.372881355932204,8.166101694915254,non_garbage,off,after_steal,8.1289611463213,3.0,13.0,93.10344827586206
OKC,748.0,1032.0,1.3796791443850267,12.032085561497325,66.06628242074927,10.026737967914439,8.397058823529411,non_garbage,off,after_steal,10.186572245676153,6.0,1.0,82.75862068965517
ORL,657.0,875.0,1.3318112633181127,12.32876712328767,64.32246998284734,10.80669710806697,8.826484018264841,non_garbage,off,after_steal,9.033411247078234,15.0,6.0,51.724137931034484
PHI,703.0,896.0,1.2745376955903271,13.229018492176387,59.527559055118104,11.095305832147938,8.477951635846372,non_garbage,off,after_steal,9.245134139926355,24.0,3.0,20.689655172413794
PHX,535.0,787.0,1.4710280373831777,10.46728971962617,68.66404715127702,12.149532710280374,8.697196261682244,non_garbage,off,after_steal,7.029299697805808,1.0,28.0,100.0
POR,615.0,752.0,1.2227642276422763,15.284552845528454,57.450628366247756,14.308943089430896,8.278048780487804,non_garbage,off,after_steal,8.226324237560192,28.0,9.0,6.896551724137931
SAC,571.0,789.0,1.381786339754816,11.208406304728546,63.977485928705434,10.507880910683012,8.795096322241681,non_garbage,off,after_steal,7.429091855321364,5.0,24.0,86.20689655172413
SAS,622.0,852.0,1.369774919614148,12.540192926045016,65.47202797202797,12.057877813504824,8.313504823151126,non_garbage,off,after_steal,8.050737768573647,10.0,14.0,68.96551724137932
TOR,607.0,810.0,1.3344316309719935,12.191103789126853,61.016949152542374,15.815485996705107,7.815485996705107,non_garbage,off,after_steal,7.994205188989858,14.0,15.0,55.172413793103445
UTA,494.0,604.0,1.222672064777328,13.562753036437247,61.224489795918366,9.919028340080972,7.7591093117408905,non_garbage,off,after_steal,6.570896515030593,29.0,30.0,3.4482758620689653
WAS,555.0,663.0,1.1945945945945946,14.594594594594595,58.080808080808076,11.531531531531531,8.131531531531532,non_garbage,off,after_steal,7.439678284182305,30.0,23.0,0.0
ATL,703.0,968.0,1.3769559032716927,13.513513513513514,65.71428571428571,10.953058321479373,8.485064011379801,non_garbage,def,after_steal,8.79959944924271,26.0,5.0,13.793103448275861
BKN,617.0,838.0,1.3581847649918963,12.155591572123177,63.482142857142854,13.12803889789303,8.515397082658023,non_garbage,def,after_steal,8.284103114930183,22.0,13.0,27.586206896551722
BOS,514.0,642.0,1.2490272373540856,13.618677042801556,60.23454157782516,11.284046692607005,8.03307392996109,non_garbage,def,after_steal,7.058500411974731,4.0,27.0,89.65517241379311
CHA,637.0,860.0,1.3500784929356358,11.302982731554161,63.82252559726962,11.145996860282574,8.690737833594977,non_garbage,def,after_steal,8.567585743106926,18.0,8.0,41.37931034482759
CHI,611.0,829.0,1.3567921440261865,10.638297872340425,63.61256544502618,11.129296235679215,8.461538461538462,non_garbage,def,after_steal,7.7126988134309515,20.0,21.0,34.48275862068966
CLE,564.0,744.0,1.3191489361702127,14.361702127659576,62.4282982791587,12.943262411347517,8.810283687943262,non_garbage,def,after_steal,7.573519538069021,12.0,22.0,62.06896551724138
DAL,598.0,782.0,1.3076923076923077,12.040133779264215,59.42549371633752,14.046822742474916,9.040133779264215,non_garbage,def,after_steal,8.016085790884718,10.0,16.0,68.96551724137932
DEN,659.0,911.0,1.3823975720789075,11.380880121396055,63.848631239935585,12.5948406676783,8.003034901365705,non_garbage,def,after_steal,8.498839308743875,28.0,10.0,6.896551724137931
DET,677.0,878.0,1.2968980797636631,13.58936484490399,61.64725457570716,12.112259970457902,8.506646971935007,non_garbage,def,after_steal,8.753555727954488,9.0,7.0,72.41379310344827
GSW,553.0,698.0,1.2622061482820977,14.10488245931284,61.24497991967871,11.211573236889691,8.589511754068717,non_garbage,def,after_steal,7.435794002958182,5.0,25.0,86.20689655172413
HOU,598.0,734.0,1.2274247491638797,15.384615384615385,59.78682170542635,10.702341137123746,8.88628762541806,non_garbage,def,after_steal,7.960596379126731,2.0,17.0,96.55172413793103
IND,545.0,704.0,1.2917431192660551,13.761467889908257,60.98562628336756,12.293577981651376,8.311926605504587,non_garbage,def,after_steal,6.8813131313131315,8.0,29.0,75.86206896551724
LAC,653.0,866.0,1.326186830015314,13.629402756508421,65.18771331058021,11.0260336906585,8.419601837672282,non_garbage,def,after_steal,8.86987231730508,13.0,4.0,58.620689655172406
LAL,622.0,830.0,1.3344051446945338,11.736334405144696,62.56499133448874,12.540192926045016,7.855305466237942,non_garbage,def,after_steal,8.244962884411452,14.0,14.0,55.172413793103445
MEM,631.0,851.0,1.3486529318541998,15.530903328050712,65.98214285714286,11.885895404120443,8.036450079239303,non_garbage,def,after_steal,8.13983488132095,17.0,15.0,44.827586206896555
MIA,568.0,766.0,1.3485915492957747,11.971830985915492,64.86742424242425,10.211267605633804,8.517605633802816,non_garbage,def,after_steal,7.498349834983499,16.0,23.0,48.275862068965516
MIL,542.0,733.0,1.3523985239852399,11.439114391143912,64.41908713692946,10.33210332103321,8.603321033210332,non_garbage,def,after_steal,7.09331239366575,19.0,26.0,37.93103448275862
MIN,636.0,863.0,1.3569182389937107,11.635220125786164,64.29794520547945,11.477987421383649,8.635220125786164,non_garbage,def,after_steal,8.348647939091624,21.0,11.0,31.03448275862069
NOP,642.0,900.0,1.4018691588785046,13.084112149532709,67.73913043478261,10.12461059190031,7.934579439252336,non_garbage,def,after_steal,8.547463719877513,30.0,9.0,0.0
NYK,499.0,621.0,1.2444889779559118,15.631262525050099,60.91703056768559,12.825651302605209,8.382765531062125,non_garbage,def,after_steal,6.90179806362379,3.0,28.0,93.10344827586206
OKC,472.0,560.0,1.1864406779661016,17.796610169491526,58.02005012531328,11.864406779661017,8.557203389830509,non_garbage,def,after_steal,6.540113620617985,1.0,30.0,100.0
ORL,576.0,730.0,1.2673611111111112,15.277777777777779,59.683794466403164,11.458333333333332,8.8125,non_garbage,def,after_steal,7.933884297520661,6.0,18.0,82.75862068965517
PHI,570.0,761.0,1.3350877192982455,14.561403508771932,62.71844660194175,12.982456140350877,8.301754385964912,non_garbage,def,after_steal,7.488176563321073,15.0,24.0,51.724137931034484
PHX,635.0,870.0,1.3700787401574803,10.708661417322835,65.9369527145359,9.448818897637794,7.7637795275590555,non_garbage,def,after_steal,8.331146680661245,25.0,12.0,17.24137931034483
POR,684.0,899.0,1.314327485380117,13.596491228070176,61.28,13.304093567251464,8.574561403508772,non_garbage,def,after_steal,9.151725983409152,11.0,2.0,65.51724137931035
SAC,593.0,806.0,1.3591905564924114,11.467116357504215,63.946869070208734,9.949409780775717,8.779089376053962,non_garbage,def,after_steal,7.7163305139882885,23.0,20.0,24.137931034482758
SAS,607.0,836.0,1.3772652388797364,11.532125205930807,64.3979057591623,12.191103789126853,8.507413509060955,non_garbage,def,after_steal,7.835291080418226,27.0,19.0,10.344827586206897
TOR,690.0,883.0,1.2797101449275363,11.884057971014492,59.45945945945946,11.44927536231884,8.860869565217392,non_garbage,def,after_steal,9.032595889514335,7.0,3.0,79.3103448275862
UTA,725.0,993.0,1.369655172413793,12.0,68.98148148148148,8.827586206896552,7.231724137931034,non_garbage,def,after_steal,9.55707882942262,24.0,1.0,20.689655172413794
WAS,661.0,924.0,1.3978819969742813,10.59001512859304,65.50324675324676,10.741301059001513,7.925869894099849,non_garbage,def,after_steal,8.759607739199577,29.0,6.0,3.4482758620689653
ATL,2275.0,2571.0,1.13010989010989,15.956043956043956,54.345654345654346,11.20879120879121,10.532307692307691,non_garbage,off,after_miss,28.53380158033363,25.0,26.0,17.24137931034483
BKN,2092.0,2341.0,1.1190248565965584,14.674952198852772,52.736450584484594,11.376673040152964,11.447896749521988,non_garbage,off,after_miss,28.27027027027027,27.0,27.0,10.344827586206897
BOS,2262.0,2706.0,1.1962864721485411,11.803713527851459,56.07880826525709,11.2290008841733,12.191423519009726,non_garbage,off,after_miss,30.775510204081634,6.0,9.0,82.75862068965517
CHA,2294.0,2495.0,1.0876198779424586,15.998256320836965,51.35922330097087,12.641673931996515,12.08151700087184,non_garbage,off,after_miss,30.983252296056186,30.0,8.0,0.0
CHI,2484.0,2954.0,1.1892109500805152,13.043478260869565,57.54631721644826,9.782608695652174,10.476650563607086,non_garbage,off,after_miss,31.6110969712395,10.0,2.0,68.96551724137932
CLE,2334.0,2887.0,1.2369323050556984,13.153384747215084,58.66698068770607,11.568123393316196,11.017566409597258,non_garbage,off,after_miss,30.996015936254977,1.0,7.0,100.0
DAL,2215.0,2539.0,1.14627539503386,13.950338600451467,54.67700258397933,11.151241534988714,11.111963882618511,non_garbage,off,after_miss,29.659882163899304,19.0,21.0,37.93103448275862
DEN,2418.0,2973.0,1.2295285359801489,14.433416046319273,58.76456876456877,11.827956989247312,10.411910669975185,non_garbage,off,after_miss,31.20805369127517,2.0,4.0,96.55172413793103
DET,2299.0,2674.0,1.1631143975641582,14.919530230535017,54.8792270531401,12.527185732927359,10.677685950413224,non_garbage,off,after_miss,29.67600361430231,15.0,20.0,51.724137931034484
GSW,2237.0,2555.0,1.1421546714349575,15.422440768886903,54.75838264299803,11.890925346446133,11.731783638801966,non_garbage,off,after_miss,30.059123891427035,20.0,16.0,34.48275862068966
HOU,2345.0,2767.0,1.1799573560767591,14.541577825159916,54.049135577798005,15.223880597014924,11.787206823027718,non_garbage,off,after_miss,31.059602649006624,13.0,5.0,58.620689655172406
IND,2313.0,2702.0,1.1681798530047558,12.926934716817987,55.88662790697675,9.641158668396024,11.126675313445741,non_garbage,off,after_miss,29.345343821365137,14.0,24.0,55.172413793103445
LAC,2288.0,2657.0,1.1612762237762237,15.865384615384615,55.47843331680714,11.888111888111888,11.438374125874127,non_garbage,off,after_miss,30.998509687034275,16.0,6.0,48.275862068965516
LAL,2283.0,2718.0,1.19053876478318,14.060446780551905,57.22921914357683,9.636443276390715,11.346035917652213,non_garbage,off,after_miss,30.334839224023387,8.0,12.0,75.86206896551724
MEM,2341.0,2814.0,1.2020504058094832,15.506193934216148,56.97343453510436,12.345151644596326,10.490388722768047,non_garbage,off,after_miss,30.070648683365448,4.0,15.0,89.65517241379311
MIA,2391.0,2723.0,1.1388540359682142,14.345462149728148,53.89791183294663,11.25052279381012,12.045587620242577,non_garbage,off,after_miss,31.59772697238007,22.0,3.0,27.586206896551722
MIL,2446.0,2912.0,1.1905151267375307,13.450531479967292,59.35879302215936,8.176614881439084,11.038838920686835,non_garbage,off,after_miss,31.782744282744286,9.0,1.0,72.41379310344827
MIN,2290.0,2714.0,1.1851528384279475,14.890829694323143,56.77466863033873,11.65938864628821,11.780786026200873,non_garbage,off,after_miss,29.922906049915067,11.0,17.0,65.51724137931035
NOP,2139.0,2438.0,1.1397849462365592,13.32398316970547,53.312945973496426,12.108461898083217,11.385226741467976,non_garbage,off,after_miss,28.699852408426135,21.0,25.0,31.03448275862069
NYK,2132.0,2561.0,1.201219512195122,14.305816135084429,57.35919234856536,10.834896810506567,11.462945590994371,non_garbage,off,after_miss,29.374483328740702,5.0,23.0,86.20689655172413
OKC,2216.0,2723.0,1.2287906137184115,11.281588447653428,56.09636184857424,11.732851985559567,11.217057761732852,non_garbage,off,after_miss,30.178401198420264,3.0,14.0,93.10344827586206
ORL,2037.0,2283.0,1.1207658321060383,13.696612665684832,50.68643602416255,12.51840942562592,12.235640648011781,non_garbage,off,after_miss,28.007699711260827,26.0,29.0,13.793103448275861
PHI,2082.0,2366.0,1.1364073006724305,14.409221902017292,54.02298850574713,10.854947166186358,11.523054755043228,non_garbage,off,after_miss,27.380326144134663,24.0,30.0,20.689655172413794
PHX,2301.0,2617.0,1.1373315949587135,15.167318557149065,56.246864024084296,9.430682312038243,12.268144285093438,non_garbage,off,after_miss,30.23255813953488,23.0,13.0,24.137931034482758
POR,2110.0,2436.0,1.1545023696682464,14.265402843601896,52.812177502579985,13.886255924170616,10.942654028436019,non_garbage,off,after_miss,28.223649010165865,18.0,28.0,41.37931034482759
SAC,2364.0,2790.0,1.1802030456852792,14.213197969543149,56.50929899856938,10.321489001692047,11.403130287648054,non_garbage,off,after_miss,30.757220921155348,12.0,10.0,62.06896551724138
SAS,2271.0,2708.0,1.1924262439453985,14.53104359313078,58.597621407334,10.259797446059004,11.0259797446059,non_garbage,off,after_miss,29.394253171110535,7.0,22.0,79.3103448275862
TOR,2260.0,2470.0,1.092920353982301,15.176991150442479,51.831683168316836,12.787610619469024,10.604424778761063,non_garbage,off,after_miss,29.76425655208745,29.0,19.0,3.4482758620689653
UTA,2300.0,2668.0,1.16,18.130434782608695,56.3238188976378,13.130434782608697,11.224347826086957,non_garbage,off,after_miss,30.593242883745674,17.0,11.0,44.827586206896555
WAS,2229.0,2464.0,1.1054284432480934,14.939434724091521,53.01204819277109,11.17092866756393,10.999551368326603,non_garbage,off,after_miss,29.879356568364614,28.0,18.0,6.896551724137931
ATL,2315.0,2764.0,1.1939524838012958,15.8963282937365,58.008008008008005,10.583153347732182,11.321382289416846,non_garbage,def,after_miss,28.97734384779071,26.0,23.0,13.793103448275861
BKN,2265.0,2637.0,1.1642384105960264,15.364238410596027,55.583501006036215,10.993377483443709,11.040176600441502,non_garbage,def,after_miss,30.410848549946294,14.0,13.0,55.172413793103445
BOS,2343.0,2605.0,1.1118224498506188,14.425949637217242,52.7217268887846,11.481007255655143,11.37985488689714,non_garbage,def,after_miss,32.17522658610272,4.0,2.0,89.65517241379311
CHA,2275.0,2715.0,1.1934065934065934,13.802197802197803,56.3573883161512,11.516483516483516,11.16967032967033,non_garbage,def,after_miss,30.598520511096165,25.0,10.0,17.24137931034483
CHI,2418.0,2706.0,1.119106699751861,13.399503722084367,52.87092328892972,11.41439205955335,11.557071960297767,non_garbage,def,after_miss,30.522595304216104,5.0,11.0,86.20689655172413
CLE,2180.0,2510.0,1.151376146788991,15.137614678899084,55.81818181818182,10.688073394495413,11.46651376146789,non_garbage,def,after_miss,29.27353296629515,10.0,22.0,68.96551724137932
DAL,2234.0,2552.0,1.1423455684870187,13.69740376007162,53.73878364905285,11.280214861235452,11.04923903312444,non_garbage,def,after_miss,29.94638069705094,8.0,16.0,75.86206896551724
DEN,2121.0,2489.0,1.1735030645921736,12.116925978312116,54.97487437185929,12.06977840641207,11.43140028288543,non_garbage,def,after_miss,27.353623936033017,16.0,30.0,48.275862068965516
DET,2218.0,2563.0,1.1555455365193867,14.607754733994591,54.423660262891815,11.947700631199279,11.606853020739404,non_garbage,def,after_miss,28.678562192914402,11.0,26.0,65.51724137931035
GSW,2264.0,2566.0,1.13339222614841,15.150176678445229,55.31754032258065,10.159010600706713,11.357332155477032,non_garbage,def,after_miss,30.44238268118865,7.0,12.0,79.3103448275862
HOU,2135.0,2471.0,1.157377049180328,14.566744730679156,55.575916230366495,10.63231850117096,11.459016393442623,non_garbage,def,after_miss,28.42119275825346,13.0,27.0,58.620689655172406
IND,2448.0,2879.0,1.176062091503268,13.071895424836603,55.0314465408805,11.56045751633987,11.629901960784315,non_garbage,def,after_miss,30.909090909090907,20.0,7.0,34.48275862068966
LAC,2171.0,2494.0,1.1487793643482267,14.647627821280516,56.060606060606055,10.54813450023031,11.164440350069093,non_garbage,def,after_miss,29.489269220320562,9.0,19.0,72.41379310344827
LAL,2226.0,2605.0,1.1702605570530098,14.824797843665769,55.94879518072289,11.680143755615454,11.014824797843666,non_garbage,def,after_miss,29.506892895015906,15.0,18.0,51.724137931034484
MEM,2193.0,2535.0,1.155950752393981,16.963064295485637,55.497925311203325,12.767897856817145,10.767897856817145,non_garbage,def,after_miss,28.289473684210524,12.0,29.0,62.06896551724138
MIA,2368.0,2784.0,1.1756756756756757,13.555743243243242,56.381486676016834,10.97972972972973,11.483108108108109,non_garbage,def,after_miss,31.26072607260726,19.0,5.0,37.93103448275862
MIL,2411.0,2679.0,1.111157196184156,13.3139776026545,52.32664233576643,11.157196184155952,11.126088759850685,non_garbage,def,after_miss,31.553461588797276,3.0,4.0,93.10344827586206
MIN,2272.0,2499.0,1.099911971830986,15.580985915492956,52.922077922077925,11.13556338028169,11.701144366197184,non_garbage,def,after_miss,29.824100813861904,2.0,17.0,96.55172413793103
NOP,2311.0,2850.0,1.2332323669407184,13.67373431414972,58.38136407300672,12.462137602769365,11.008221549112939,non_garbage,def,after_miss,30.768206630275596,29.0,8.0,3.4482758620689653
NYK,2074.0,2454.0,1.1832208293153328,15.477338476374156,57.52833243389098,11.620057859209258,10.877531340405014,non_garbage,def,after_miss,28.686030428769016,24.0,25.0,20.689655172413794
OKC,2186.0,2362.0,1.080512351326624,18.115279048490393,51.81721004810262,12.534309240622141,11.65096065873742,non_garbage,def,after_miss,30.289594014133296,1.0,15.0,100.0
ORL,2225.0,2513.0,1.129438202247191,16.49438202247191,55.4054054054054,9.842696629213483,11.215280898876404,non_garbage,def,after_miss,30.647382920110193,6.0,9.0,82.75862068965517
PHI,2366.0,3007.0,1.2709213863060016,15.215553677092139,61.03804603100047,12.003381234150465,11.337278106508876,non_garbage,def,after_miss,31.082501313715188,30.0,6.0,0.0
PHX,2309.0,2805.0,1.2148116067561716,11.9099177132958,56.36748120300752,11.606756171502814,11.235166738847987,non_garbage,def,after_miss,30.29388611912884,28.0,14.0,6.896551724137931
POR,2159.0,2538.0,1.1755442334414081,15.377489578508568,55.27426160337553,11.76470588235294,11.09031959240389,non_garbage,def,after_miss,28.88680759967889,18.0,24.0,41.37931034482759
SAC,2266.0,2662.0,1.174757281553398,13.459841129744044,55.77963600590261,10.767872903795233,11.497793468667256,non_garbage,def,after_miss,29.48601171112557,17.0,20.0,44.827586206896555
SAS,2454.0,2889.0,1.1772616136919316,13.284433577832111,54.880174291939,12.02118989405053,11.54319478402608,non_garbage,def,after_miss,31.676778107654574,23.0,3.0,24.137931034482758
TOR,2247.0,2645.0,1.1771250556297286,14.508233199821985,56.61577608142494,10.858923008455719,11.496662216288385,non_garbage,def,after_miss,29.414844874983636,22.0,21.0,27.586206896551722
UTA,2149.0,2571.0,1.19637040483946,12.005583992554676,55.541497975708495,12.331316891577478,10.679851093531875,non_garbage,def,after_miss,28.328499868178227,27.0,28.0,10.344827586206897
WAS,2445.0,2877.0,1.1766871165644173,13.41513292433538,53.89755011135857,13.006134969325153,11.315337423312883,non_garbage,def,after_miss,32.401272197190565,21.0,1.0,31.03448275862069
ATL,427.0,466.0,1.0913348946135832,18.501170960187356,51.05540897097626,14.519906323185012,16.97658079625293,non_garbage,off,after_timeout,5.355575065847234,14.0,18.0,55.172413793103445
BKN,450.0,481.0,1.068888888888889,20.0,46.35535307517084,19.77777777777778,19.988888888888887,non_garbage,off,after_timeout,6.081081081081082,20.0,2.0,34.48275862068966
BOS,338.0,385.0,1.1390532544378698,11.538461538461538,48.99135446685879,17.75147928994083,18.940828402366865,non_garbage,off,after_timeout,4.598639455782313,7.0,30.0,79.3103448275862
CHA,439.0,433.0,0.9863325740318907,19.134396355353076,44.91315136476427,17.084282460136674,17.8997722095672,non_garbage,off,after_timeout,5.929227444624527,29.0,3.0,3.4482758620689653
CHI,427.0,469.0,1.098360655737705,16.159250585480095,49.152542372881356,15.456674473067917,17.604215456674474,non_garbage,off,after_timeout,5.43395265970985,13.0,15.0,58.620689655172406
CLE,377.0,466.0,1.2360742705570291,17.24137931034483,55.50595238095239,15.649867374005305,17.389920424403183,non_garbage,off,after_timeout,5.0066401062417,1.0,28.0,100.0
DAL,379.0,395.0,1.04221635883905,15.03957783641161,48.53372434017595,13.456464379947231,17.398416886543536,non_garbage,off,after_timeout,5.074986609534012,24.0,27.0,20.689655172413794
DEN,442.0,520.0,1.1764705882352942,12.44343891402715,52.14797136038186,14.93212669683258,17.737556561085974,non_garbage,off,after_timeout,5.704697986577181,4.0,12.0,89.65517241379311
DET,414.0,499.0,1.2053140096618358,14.251207729468598,53.470437017994854,14.975845410628018,17.82125603864734,non_garbage,off,after_timeout,5.3440041306312125,2.0,19.0,96.55172413793103
GSW,435.0,495.0,1.1379310344827587,18.39080459770115,51.01265822784811,16.32183908045977,17.45287356321839,non_garbage,off,after_timeout,5.845202902445579,8.0,6.0,75.86206896551724
HOU,388.0,434.0,1.1185567010309279,13.144329896907218,45.51282051282051,21.649484536082475,18.649484536082475,non_garbage,off,after_timeout,5.139072847682119,9.0,23.0,72.41379310344827
IND,466.0,484.0,1.03862660944206,15.021459227467812,48.148148148148145,14.592274678111588,18.914163090128756,non_garbage,off,after_timeout,5.912205024105557,25.0,4.0,17.24137931034483
LAC,409.0,438.0,1.0709046454767726,16.625916870415647,49.58563535911602,13.691931540342297,18.462102689486553,non_garbage,off,after_timeout,5.541254572551145,18.0,13.0,41.37931034482759
LAL,398.0,439.0,1.1030150753768844,15.07537688442211,52.1865889212828,11.809045226130653,18.21608040201005,non_garbage,off,after_timeout,5.28833377624236,11.0,20.0,65.51724137931035
MEM,410.0,415.0,1.0121951219512195,19.51219512195122,44.57364341085272,18.048780487804876,17.33170731707317,non_garbage,off,after_timeout,5.2665382145150925,28.0,21.0,6.896551724137931
MIA,438.0,526.0,1.2009132420091324,12.785388127853881,54.6875,13.013698630136986,18.863013698630137,non_garbage,off,after_timeout,5.7882912647019955,3.0,8.0,93.10344827586206
MIL,394.0,417.0,1.0583756345177664,14.974619289340103,50.43227665706051,11.16751269035533,17.96954314720812,non_garbage,off,after_timeout,5.11954261954262,23.0,26.0,24.137931034482758
MIN,466.0,516.0,1.1072961373390557,16.30901287553648,50.728155339805824,13.304721030042918,17.675965665236053,non_garbage,off,after_timeout,6.089115379589703,10.0,1.0,68.96551724137932
NOP,428.0,491.0,1.147196261682243,14.018691588785046,50.0,17.75700934579439,18.182242990654206,non_garbage,off,after_timeout,5.742653964846371,6.0,10.0,82.75862068965517
NYK,372.0,410.0,1.1021505376344085,15.591397849462366,51.62241887905604,14.24731182795699,19.142473118279568,non_garbage,off,after_timeout,5.12537889225682,12.0,25.0,62.06896551724138
OKC,378.0,392.0,1.037037037037037,15.079365079365079,46.73024523160763,17.195767195767196,17.584656084656086,non_garbage,off,after_timeout,5.147759771210677,26.0,22.0,13.793103448275861
ORL,373.0,399.0,1.0697050938337802,15.81769436997319,47.543352601156066,19.034852546916888,19.613941018766756,non_garbage,off,after_timeout,5.128557679087034,19.0,24.0,37.93103448275862
PHI,421.0,457.0,1.0855106888361046,17.81472684085511,49.58791208791209,14.489311163895488,18.790973871733968,non_garbage,off,after_timeout,5.536559705418201,16.0,14.0,48.275862068965516
PHX,440.0,511.0,1.1613636363636364,14.09090909090909,53.40909090909091,13.40909090909091,18.51818181818182,non_garbage,off,after_timeout,5.781106293522533,5.0,9.0,86.20689655172413
POR,401.0,426.0,1.0623441396508728,18.453865336658353,47.2972972972973,18.204488778054863,18.256857855361595,non_garbage,off,after_timeout,5.363830925628679,21.0,17.0,31.03448275862069
SAC,413.0,450.0,1.089588377723971,14.527845036319611,48.56396866840731,15.012106537530268,17.64406779661017,non_garbage,off,after_timeout,5.373406193078324,15.0,16.0,51.724137931034484
SAS,441.0,474.0,1.0748299319727892,15.419501133786847,48.97959183673469,12.698412698412698,18.294784580498867,non_garbage,off,after_timeout,5.707998964535335,17.0,11.0,44.827586206896555
TOR,442.0,468.0,1.0588235294117647,17.194570135746606,48.35294117647059,16.7420814479638,17.83710407239819,non_garbage,off,after_timeout,5.821151060187015,22.0,7.0,27.586206896551722
UTA,352.0,364.0,1.0340909090909092,20.454545454545457,48.214285714285715,16.761363636363637,17.926136363636363,non_garbage,off,after_timeout,4.682096302208034,27.0,29.0,10.344827586206897
WAS,440.0,432.0,0.9818181818181818,17.272727272727273,46.51162790697674,11.818181818181818,17.634090909090908,non_garbage,off,after_timeout,5.898123324396782,30.0,5.0,0.0
ATL,421.0,487.0,1.156769596199525,12.114014251781473,53.8560411311054,11.63895486935867,18.463182897862232,non_garbage,def,after_timeout,5.269745900613343,24.0,23.0,20.689655172413794
BKN,393.0,446.0,1.1348600508905853,15.012722646310433,49.86149584487535,16.28498727735369,18.737913486005088,non_garbage,def,after_timeout,5.276584317937702,20.0,22.0,34.48275862068966
BOS,439.0,513.0,1.1685649202733486,12.984054669703873,51.27020785219399,17.084282460136674,17.902050113895218,non_garbage,def,after_timeout,6.028563581433672,27.0,2.0,10.344827586206897
CHA,371.0,432.0,1.1644204851752022,16.9811320754717,52.967359050445104,14.824797843665769,17.857142857142858,non_garbage,def,after_timeout,4.989912575655683,26.0,29.0,13.793103448275861
CHI,400.0,464.0,1.16,14.000000000000002,51.578947368421055,16.5,18.37,non_garbage,def,after_timeout,5.049229992426155,25.0,27.0,17.24137931034483
CLE,413.0,475.0,1.1501210653753027,14.285714285714285,49.107142857142854,18.886198547215496,18.20581113801453,non_garbage,def,after_timeout,5.545857392238485,23.0,13.0,24.137931034482758
DAL,434.0,486.0,1.119815668202765,18.202764976958523,51.399491094147585,16.82027649769585,17.50921658986175,non_garbage,def,after_timeout,5.81769436997319,18.0,4.0,41.37931034482759
DEN,411.0,428.0,1.0413625304136254,15.815085158150852,47.83163265306122,15.085158150851582,18.012165450121653,non_garbage,def,after_timeout,5.300490069641476,9.0,21.0,72.41379310344827
DET,425.0,445.0,1.0470588235294118,16.235294117647058,44.61942257217848,16.705882352941178,18.254117647058823,non_garbage,def,after_timeout,5.495215929661236,10.0,15.0,68.96551724137932
GSW,438.0,447.0,1.0205479452054795,19.17808219178082,48.9769820971867,13.24200913242009,18.26027397260274,non_garbage,def,after_timeout,5.889471561113352,6.0,3.0,82.75862068965517
HOU,454.0,441.0,0.9713656387665198,20.044052863436125,46.45669291338583,12.995594713656388,16.726872246696036,non_garbage,def,after_timeout,6.043663471778488,1.0,1.0,100.0
IND,459.0,461.0,1.0043572984749456,20.47930283224401,48.49246231155779,13.725490196078432,17.736383442265794,non_garbage,def,after_timeout,5.795454545454545,2.0,5.0,96.55172413793103
LAC,407.0,438.0,1.076167076167076,15.47911547911548,48.44559585492228,14.742014742014742,19.044226044226043,non_garbage,def,after_timeout,5.528389024721543,14.0,14.0,55.172413793103445
LAL,436.0,483.0,1.1077981651376148,13.761467889908257,48.45238095238095,17.201834862385322,17.958715596330276,non_garbage,def,after_timeout,5.779427359490986,15.0,7.0,51.724137931034484
MEM,408.0,468.0,1.1470588235294117,14.460784313725492,51.23287671232877,12.990196078431374,18.323529411764707,non_garbage,def,after_timeout,5.263157894736842,22.0,24.0,27.586206896551722
MIA,427.0,449.0,1.0515222482435598,16.627634660421545,51.64556962025316,12.646370023419204,18.578454332552692,non_garbage,def,after_timeout,5.636963696369636,12.0,11.0,62.06896551724138
MIL,441.0,457.0,1.036281179138322,16.3265306122449,47.901234567901234,14.512471655328799,18.233560090702948,non_garbage,def,after_timeout,5.771495877502945,8.0,8.0,75.86206896551724
MIN,425.0,435.0,1.0235294117647058,17.88235294117647,47.56410256410256,14.823529411764705,18.345882352941178,non_garbage,def,after_timeout,5.578892097663428,7.0,12.0,79.3103448275862
NOP,385.0,388.0,1.0077922077922077,20.0,44.236311239193085,17.402597402597404,18.542857142857144,non_garbage,def,after_timeout,5.125815470643056,4.0,25.0,89.65517241379311
NYK,419.0,440.0,1.0501193317422435,17.42243436754177,47.03504043126684,12.649164677804295,17.515513126491648,non_garbage,def,after_timeout,5.795297372060857,11.0,6.0,65.51724137931035
OKC,396.0,398.0,1.005050505050505,18.68686868686869,44.5945945945946,18.939393939393938,19.0,non_garbage,def,after_timeout,5.48704447831509,3.0,16.0,93.10344827586206
ORL,413.0,435.0,1.0532687651331718,17.675544794188863,48.284960422163586,15.012106537530268,18.447941888619855,non_garbage,def,after_timeout,5.68870523415978,13.0,10.0,58.620689655172406
PHI,406.0,413.0,1.0172413793103448,17.980295566502463,45.40816326530612,17.24137931034483,18.10591133004926,non_garbage,def,after_timeout,5.333683657383079,5.0,20.0,86.20689655172413
PHX,410.0,488.0,1.1902439024390243,11.951219512195122,54.15584415584416,14.390243902439023,17.48048780487805,non_garbage,def,after_timeout,5.37916557334033,28.0,19.0,6.896551724137931
POR,407.0,465.0,1.1425061425061425,17.936117936117938,53.65168539325843,14.250614250614252,18.35872235872236,non_garbage,def,after_timeout,5.445544554455446,21.0,17.0,31.03448275862069
SAC,443.0,495.0,1.1173814898419865,13.092550790067719,48.95104895104895,18.510158013544018,18.613995485327315,non_garbage,def,after_timeout,5.764476252439818,17.0,9.0,44.827586206896555
SAS,394.0,445.0,1.1294416243654823,16.751269035532996,53.32446808510638,15.989847715736042,18.16751269035533,non_garbage,def,after_timeout,5.085839679876081,19.0,26.0,37.93103448275862
TOR,385.0,430.0,1.1168831168831168,15.064935064935064,48.09384164222874,15.584415584415584,18.649350649350648,non_garbage,def,after_timeout,5.039926691975389,16.0,28.0,48.275862068965516
UTA,409.0,494.0,1.2078239608801955,11.7359413202934,50.89285714285714,17.359413202933986,17.25672371638142,non_garbage,def,after_timeout,5.391510677563933,29.0,18.0,3.4482758620689653
WAS,329.0,406.0,1.2340425531914894,13.37386018237082,53.52564102564102,15.80547112462006,18.264437689969604,non_garbage,def,after_timeout,4.3599257884972165,30.0,30.0,0.0
ATL,963.0,1151.0,1.1952232606438213,11.838006230529595,25.987020010816657,100.0,19.328141225337486,non_garbage,off,offensive_rebound,12.078264141477487,25.0,11.0,17.24137931034483
BKN,891.0,1041.0,1.1683501683501682,11.784511784511785,25.158501440922187,100.0,22.026936026936028,non_garbage,off,offensive_rebound,12.04054054054054,28.0,13.0,6.896551724137931
BOS,890.0,1098.0,1.2337078651685394,9.550561797752808,27.774615822424586,100.0,21.913483146067417,non_garbage,off,offensive_rebound,12.108843537414966,19.0,10.0,37.93103448275862
CHA,998.0,1264.0,1.2665330661322645,11.122244488977955,28.221649484536083,100.0,21.45791583166333,non_garbage,off,offensive_rebound,13.479200432198812,10.0,3.0,68.96551724137932
CHI,800.0,1002.0,1.2525,10.875,27.601522842639593,100.0,20.0575,non_garbage,off,offensive_rebound,10.180707559175364,16.0,27.0,48.275862068965516
CLE,866.0,1064.0,1.2286374133949192,12.009237875288683,27.554636739515654,100.0,20.14780600461894,non_garbage,off,offensive_rebound,11.50066401062417,20.0,18.0,34.48275862068966
DAL,815.0,1070.0,1.312883435582822,11.042944785276074,30.516129032258064,100.0,20.514110429447854,non_garbage,off,offensive_rebound,10.913229780396358,4.0,23.0,89.65517241379311
DEN,887.0,1146.0,1.2919954904171365,9.470124013528748,28.139400921658986,100.0,19.782412626832016,non_garbage,off,offensive_rebound,11.448115642746515,6.0,19.0,82.75862068965517
DET,934.0,1207.0,1.2922912205567452,10.06423982869379,28.34967320261438,100.0,20.049250535331907,non_garbage,off,offensive_rebound,12.05627985026462,5.0,12.0,86.20689655172413
GSW,957.0,1190.0,1.2434691745036572,11.703239289446186,27.053140096618357,100.0,21.267502612330198,non_garbage,off,offensive_rebound,12.859446385380274,17.0,4.0,44.827586206896555
HOU,1170.0,1429.0,1.2213675213675215,12.393162393162394,26.80616740088106,100.0,21.439316239316238,non_garbage,off,offensive_rebound,15.496688741721854,21.0,1.0,31.03448275862069
IND,745.0,872.0,1.1704697986577182,11.409395973154362,25.6140350877193,100.0,20.473825503355705,non_garbage,off,offensive_rebound,9.451915757421975,27.0,29.0,10.344827586206897
LAC,787.0,993.0,1.2617534942820838,11.689961880559085,27.889610389610393,100.0,21.28843710292249,non_garbage,off,offensive_rebound,10.662511854762228,11.0,24.0,65.51724137931035
LAL,758.0,970.0,1.279683377308707,10.949868073878628,28.024193548387093,100.0,22.312664907651715,non_garbage,off,offensive_rebound,10.071751262290725,8.0,28.0,75.86206896551724
MEM,998.0,1256.0,1.2585170340681362,13.527054108216433,26.986160943106096,100.0,19.625250501002004,non_garbage,off,offensive_rebound,12.819524727039177,14.0,6.0,55.172413793103445
MIA,804.0,959.0,1.1927860696517414,10.44776119402985,25.56053811659193,100.0,21.645522388059703,non_garbage,off,offensive_rebound,10.625082595480375,26.0,25.0,13.793103448275861
MIL,688.0,927.0,1.3473837209302326,11.19186046511628,30.857580398162327,100.0,21.06831395348837,non_garbage,off,offensive_rebound,8.93970893970894,2.0,30.0,96.55172413793103
MIN,908.0,1234.0,1.3590308370044053,10.90308370044053,29.52981651376147,100.0,20.93281938325991,non_garbage,off,offensive_rebound,11.864628250359337,1.0,15.0,100.0
NOP,934.0,1188.0,1.271948608137045,11.670235546038544,27.35277930654926,100.0,21.07066381156317,non_garbage,off,offensive_rebound,12.531866362538574,9.0,9.0,72.41379310344827
NYK,867.0,1091.0,1.2583621683967705,12.226066897347174,28.08955223880597,100.0,21.41753171856978,non_garbage,off,offensive_rebound,11.945439515017911,15.0,14.0,51.724137931034484
OKC,836.0,1107.0,1.3241626794258374,9.92822966507177,30.53016453382084,100.0,20.223684210526315,non_garbage,off,offensive_rebound,11.38499250987335,3.0,20.0,93.10344827586206
ORL,917.0,1107.0,1.2071973827699018,12.322791712104689,26.22337363270006,100.0,22.261723009814613,non_garbage,off,offensive_rebound,12.60827718960539,22.0,8.0,27.586206896551722
PHI,879.0,1060.0,1.205915813424346,12.400455062571103,26.944106925880924,100.0,21.361774744027304,non_garbage,off,offensive_rebound,11.559705418200947,23.0,17.0,24.137931034482758
PHX,784.0,989.0,1.2614795918367347,11.224489795918368,28.885923949299535,100.0,21.522959183673468,non_garbage,off,offensive_rebound,10.30088030482197,13.0,26.0,58.620689655172406
POR,1036.0,1307.0,1.2615830115830116,11.872586872586872,27.678126557050327,100.0,20.663127413127413,non_garbage,off,offensive_rebound,13.857677902621724,12.0,2.0,62.06896551724138
SAC,892.0,1142.0,1.2802690582959642,10.874439461883407,27.88627225732338,100.0,21.31053811659193,non_garbage,off,offensive_rebound,11.60551652354931,7.0,16.0,79.3103448275862
SAS,864.0,985.0,1.1400462962962963,10.99537037037037,25.44642857142857,100.0,20.627314814814813,non_garbage,off,offensive_rebound,11.183018379497799,29.0,21.0,3.4482758620689653
TOR,975.0,1208.0,1.238974358974359,12.102564102564102,27.5144813059505,100.0,19.58871794871795,non_garbage,off,offensive_rebound,12.840774397471355,18.0,5.0,41.37931034482759
UTA,962.0,1155.0,1.2006237006237006,13.92931392931393,26.86040195545899,100.0,21.024948024948024,non_garbage,off,offensive_rebound,12.795956371375366,24.0,7.0,20.689655172413794
WAS,823.0,914.0,1.1105710814094776,13.001215066828674,24.984384759525298,100.0,20.055893074119076,non_garbage,off,offensive_rebound,11.032171581769438,30.0,22.0,0.0
ATL,859.0,1080.0,1.2572759022118742,11.175785797438882,27.555958862673926,100.0,21.11408614668219,non_garbage,def,offensive_rebound,10.752284391037676,19.0,28.0,37.93103448275862
BKN,866.0,1075.0,1.2413394919168592,9.930715935334874,27.394408090422367,100.0,21.02771362586605,non_garbage,def,offensive_rebound,11.627282491944147,16.0,18.0,48.275862068965516
BOS,838.0,977.0,1.165871121718377,11.575178997613365,25.43912780133253,100.0,20.965393794749403,non_garbage,def,offensive_rebound,11.507827519912112,3.0,22.0,93.10344827586206
CHA,893.0,1044.0,1.1690929451287795,13.773796192609183,26.40679953106682,100.0,20.60582306830907,non_garbage,def,offensive_rebound,12.010759919300606,4.0,12.0,89.65517241379311
CHI,894.0,1149.0,1.2852348993288591,10.961968680089486,28.62129144851658,100.0,20.569351230425056,non_garbage,def,offensive_rebound,11.285029033072457,24.0,23.0,20.689655172413794
CLE,932.0,1076.0,1.1545064377682404,13.733905579399142,25.43563799887577,100.0,21.801502145922747,non_garbage,def,offensive_rebound,12.515106754397745,1.0,3.0,100.0
DAL,926.0,1175.0,1.2688984881209504,11.23110151187905,27.906976744186046,100.0,20.367170626349893,non_garbage,def,offensive_rebound,12.412868632707774,22.0,5.0,27.586206896551722
DEN,948.0,1173.0,1.2373417721518987,11.286919831223628,27.574931880108995,100.0,20.670886075949365,non_garbage,def,offensive_rebound,12.22594789785917,15.0,8.0,51.724137931034484
DET,893.0,1149.0,1.2866741321388577,10.974244120940648,28.708551483420592,100.0,20.82306830907055,non_garbage,def,offensive_rebound,11.546418412205844,25.0,21.0,17.24137931034483
GSW,803.0,953.0,1.186799501867995,14.32129514321295,25.979447655748235,100.0,21.084682440846823,non_garbage,def,offensive_rebound,10.797364528707812,5.0,27.0,86.20689655172413
HOU,839.0,1035.0,1.233611442193087,13.587604290822409,27.40740740740741,100.0,20.871275327771155,non_garbage,def,offensive_rebound,11.168796592119277,13.0,24.0,58.620689655172406
IND,928.0,1113.0,1.199353448275862,10.560344827586206,26.600441501103756,100.0,21.16810344827586,non_garbage,def,offensive_rebound,11.717171717171718,6.0,17.0,82.75862068965517
LAC,782.0,949.0,1.2135549872122762,10.10230179028133,27.463863337713533,100.0,20.94757033248082,non_garbage,def,offensive_rebound,10.622113556098887,9.0,29.0,72.41379310344827
LAL,912.0,1148.0,1.2587719298245614,11.074561403508772,27.46158224245874,100.0,20.338815789473685,non_garbage,def,offensive_rebound,12.089077412513255,20.0,11.0,34.48275862068966
MEM,956.0,1151.0,1.2039748953974896,11.820083682008368,27.005494505494504,100.0,20.697698744769873,non_garbage,def,offensive_rebound,12.332301341589268,7.0,7.0,79.3103448275862
MIA,837.0,1017.0,1.2150537634408602,10.87216248506571,27.28937728937729,100.0,20.97729988052569,non_garbage,def,offensive_rebound,11.04950495049505,10.0,25.0,68.96551724137932
MIL,884.0,1084.0,1.2262443438914028,10.633484162895927,26.765046296296298,100.0,20.309954751131222,non_garbage,def,offensive_rebound,11.56916633948436,11.0,19.0,65.51724137931035
MIN,900.0,1089.0,1.21,11.666666666666666,27.047289504036907,100.0,21.197777777777777,non_garbage,def,offensive_rebound,11.81412444211079,8.0,15.0,75.86206896551724
NOP,942.0,1262.0,1.3397027600849256,12.101910828025478,29.426229508196723,100.0,20.81528662420382,non_garbage,def,offensive_rebound,12.541605645053922,29.0,2.0,3.4482758620689653
NYK,836.0,970.0,1.1602870813397128,12.200956937799043,26.06318347509113,100.0,20.18421052631579,non_garbage,def,offensive_rebound,11.562932226832642,2.0,20.0,96.55172413793103
OKC,901.0,1114.0,1.2364039955604884,11.875693673695894,26.954492415402566,100.0,21.427302996670367,non_garbage,def,offensive_rebound,12.484411805459333,14.0,4.0,55.172413793103445
ORL,763.0,936.0,1.2267365661861074,13.761467889908257,27.247579529737205,100.0,21.200524246395805,non_garbage,def,offensive_rebound,10.509641873278238,12.0,30.0,62.06896551724138
PHI,930.0,1210.0,1.3010752688172043,11.397849462365592,28.66922234392114,100.0,20.973118279569892,non_garbage,def,offensive_rebound,12.217551234892275,26.0,9.0,13.793103448275861
PHX,895.0,1115.0,1.2458100558659218,11.620111731843576,27.598152424942263,100.0,20.265921787709498,non_garbage,def,offensive_rebound,11.742324849120966,17.0,16.0,44.827586206896555
POR,909.0,1140.0,1.2541254125412542,12.32123212321232,27.369601794727988,100.0,21.553355335533553,non_garbage,def,offensive_rebound,12.162162162162163,18.0,10.0,41.37931034482759
SAC,831.0,1054.0,1.2683513838748495,11.191335740072201,28.17610062893082,100.0,21.101083032490976,non_garbage,def,offensive_rebound,10.81327260897853,21.0,26.0,31.03448275862069
SAS,959.0,1258.0,1.3117831074035453,10.114702815432743,29.22794117647059,100.0,21.06152241918665,non_garbage,def,offensive_rebound,12.378985413708532,27.0,6.0,10.344827586206897
TOR,906.0,1155.0,1.2748344370860927,10.264900662251655,27.135535307517085,100.0,21.858719646799116,non_garbage,def,offensive_rebound,11.860191124492735,23.0,14.0,24.137931034482758
UTA,908.0,1217.0,1.3403083700440528,9.691629955947137,30.011293054771315,100.0,19.8920704845815,non_garbage,def,offensive_rebound,11.969417347745848,30.0,13.0,0.0
WAS,958.0,1258.0,1.313152400835073,10.438413361169102,28.277153558052436,100.0,20.369519832985386,non_garbage,def,offensive_rebound,12.695467797508615,28.0,1.0,6.896551724137931
ATL,1557.0,1291.0,0.8291586384071933,12.780989081567116,44.02467232074017,0.0,21.466923570969815,non_garbage,off,late_clock_18s_plus,19.528408378276684,29.0,28.0,3.4482758620689653
BKN,2316.0,2019.0,0.8717616580310881,13.471502590673575,46.7032967032967,0.0,22.285405872193436,non_garbage,off,late_clock_18s_plus,31.2972972972973,20.0,3.0,34.48275862068966
BOS,2175.0,2182.0,1.0032183908045977,8.0,51.24668435013262,0.0,21.822988505747126,non_garbage,off,late_clock_18s_plus,29.591836734693878,1.0,9.0,100.0
CHA,2046.0,1773.0,0.8665689149560117,11.681329423264906,45.73170731707317,0.0,21.673020527859236,non_garbage,off,late_clock_18s_plus,27.633711507293356,22.0,12.0,27.586206896551722
CHI,1563.0,1335.0,0.8541266794625719,11.900191938579654,45.76399394856278,0.0,21.483045425463853,non_garbage,off,late_clock_18s_plus,19.890557393738863,27.0,27.0,10.344827586206897
CLE,1463.0,1397.0,0.9548872180451128,9.911141490088857,50.480000000000004,0.0,21.572795625427204,non_garbage,off,late_clock_18s_plus,19.428950863213814,5.0,29.0,86.20689655172413
DAL,1933.0,1749.0,0.9048111743404035,11.48473874806001,47.32587064676617,0.0,21.679772374547337,non_garbage,off,late_clock_18s_plus,25.88377075522228,12.0,15.0,62.06896551724138
DEN,1941.0,1946.0,1.0025759917568264,9.840288511076764,52.26023213194869,0.0,21.805255023183925,non_garbage,off,late_clock_18s_plus,25.05162622612287,2.0,19.0,96.55172413793103
DET,2048.0,1884.0,0.919921875,11.279296875,48.90741805635423,0.0,21.50439453125,non_garbage,off,late_clock_18s_plus,26.436039757325414,9.0,14.0,72.41379310344827
GSW,1827.0,1646.0,0.9009304871373837,11.658456486042693,47.30869001297017,0.0,21.72304324028462,non_garbage,off,late_clock_18s_plus,24.54985219027143,14.0,23.0,55.172413793103445
HOU,1932.0,1782.0,0.922360248447205,10.766045548654244,48.370233702337025,0.0,21.735507246376812,non_garbage,off,late_clock_18s_plus,25.589403973509935,8.0,18.0,75.86206896551724
IND,1939.0,1714.0,0.8839608045384219,10.72717895822589,46.58068386322736,0.0,21.795771015987622,non_garbage,off,late_clock_18s_plus,24.600355239786857,15.0,22.0,51.724137931034484
LAC,2291.0,2171.0,0.9476211261457879,11.348756001745961,49.97403946002077,0.0,22.063291139240505,non_garbage,off,late_clock_18s_plus,31.039154586099443,6.0,4.0,82.75862068965517
LAL,2277.0,2124.0,0.932806324110672,10.496267018006149,48.66771159874608,0.0,21.984189723320156,non_garbage,off,late_clock_18s_plus,30.25511559925591,7.0,7.0,79.3103448275862
MEM,1460.0,1237.0,0.8472602739726027,11.438356164383562,45.153473344103396,0.0,21.384246575342466,non_garbage,off,late_clock_18s_plus,18.754014129736674,28.0,30.0,6.896551724137931
MIA,2258.0,1995.0,0.8835252435783879,10.938883968113375,46.187989556135776,0.0,22.097874224977858,non_garbage,off,late_clock_18s_plus,29.840095149993388,16.0,8.0,48.275862068965516
MIL,2172.0,1964.0,0.9042357274401474,8.747697974217312,47.3361747469366,0.0,21.892725598526702,non_garbage,off,late_clock_18s_plus,28.22245322245322,13.0,11.0,58.620689655172406
MIN,2071.0,1884.0,0.9097054563013037,11.298889425398357,48.23160296634341,0.0,21.622887493964267,non_garbage,off,late_clock_18s_plus,27.06128315693192,11.0,13.0,65.51724137931035
NOP,1920.0,1640.0,0.8541666666666666,10.46875,44.53366275478691,0.0,21.828125,non_garbage,off,late_clock_18s_plus,25.761438346974373,26.0,16.0,13.793103448275861
NYK,2333.0,2324.0,0.9961423060437206,11.315902271753107,52.81473899692938,0.0,22.123017573939133,non_garbage,off,late_clock_18s_plus,32.14384127858914,3.0,1.0,93.10344827586206
OKC,1486.0,1304.0,0.8775235531628532,9.421265141318976,45.84949573312645,0.0,21.280619111709285,non_garbage,off,late_clock_18s_plus,20.23696037042081,18.0,26.0,41.37931034482759
ORL,2312.0,2008.0,0.8685121107266436,12.58650519031142,46.325051759834366,0.0,22.27984429065744,non_garbage,off,late_clock_18s_plus,31.78880791970301,21.0,2.0,31.03448275862069
PHI,2311.0,2020.0,0.8740804846386846,10.558199913457377,45.706300813008134,0.0,22.094331458243186,non_garbage,off,late_clock_18s_plus,30.391899000526042,19.0,6.0,37.93103448275862
PHX,2316.0,2219.0,0.9581174438687392,11.4853195164076,51.10939112487101,0.0,22.071243523316063,non_garbage,off,late_clock_18s_plus,30.429641308632245,4.0,5.0,89.65517241379311
POR,1813.0,1564.0,0.8626585769442913,12.630998345284059,46.28154050464807,0.0,21.704908990623277,non_garbage,off,late_clock_18s_plus,24.250936329588015,23.0,24.0,24.137931034482758
SAC,1911.0,1751.0,0.9162742019884877,10.413396127681843,47.796817625459,0.0,21.83359497645212,non_garbage,off,late_clock_18s_plus,24.863387978142075,10.0,20.0,68.96551724137932
SAS,1979.0,1743.0,0.8807478524507327,10.35876705406771,46.57817109144543,0.0,21.804446690247598,non_garbage,off,late_clock_18s_plus,25.614807144706187,17.0,17.0,44.827586206896555
TOR,1805.0,1549.0,0.8581717451523546,12.18836565096953,45.800000000000004,0.0,21.77673130193906,non_garbage,off,late_clock_18s_plus,23.771895166600817,25.0,25.0,17.24137931034483
UTA,2155.0,1852.0,0.8593967517401392,12.761020881670534,45.78587699316628,0.0,21.960092807424594,non_garbage,off,late_clock_18s_plus,28.664538441074754,24.0,10.0,20.689655172413794
WAS,1838.0,1489.0,0.8101196953210011,11.31664853101197,43.039591315453386,0.0,21.498367791077257,non_garbage,off,late_clock_18s_plus,24.638069705093834,30.0,21.0,0.0
ATL,2205.0,1997.0,0.9056689342403628,11.156462585034014,47.724839400428266,0.0,21.884807256235828,non_garbage,def,late_clock_18s_plus,27.60045061960195,16.0,2.0,48.275862068965516
BKN,2022.0,1931.0,0.9549950544015826,10.880316518298715,49.58358120166568,0.0,21.96340257171118,non_garbage,def,late_clock_18s_plus,27.148227712137484,29.0,8.0,3.4482758620689653
BOS,1897.0,1698.0,0.8950975224037955,10.015814443858725,46.619975639464066,0.0,21.875065893516076,non_garbage,def,late_clock_18s_plus,26.050535567151883,13.0,19.0,58.620689655172406
CHA,1885.0,1723.0,0.9140583554376658,10.39787798408488,48.13548788067122,0.0,21.680636604774534,non_garbage,def,late_clock_18s_plus,25.353059852051107,19.0,24.0,37.93103448275862
CHI,2077.0,1938.0,0.9330765527202696,9.67741935483871,48.73453318335208,0.0,21.772749157438614,non_garbage,def,late_clock_18s_plus,26.218126735672808,25.0,17.0,17.24137931034483
CLE,2122.0,1911.0,0.9005655042412818,11.121583411875589,47.75,0.0,22.036757775683316,non_garbage,def,late_clock_18s_plus,28.494695850678127,15.0,1.0,51.724137931034484
DAL,1905.0,1763.0,0.9254593175853019,10.131233595800525,48.408812729498166,0.0,21.69238845144357,non_garbage,def,late_clock_18s_plus,25.53619302949062,22.0,23.0,27.586206896551722
DEN,2063.0,1897.0,0.9195346582646631,9.985458070770722,48.1859410430839,0.0,21.87639360155114,non_garbage,def,late_clock_18s_plus,26.605622904307452,21.0,12.0,31.03448275862069
DET,2037.0,1764.0,0.865979381443299,10.751104565537556,45.27145359019264,0.0,21.911634756995582,non_garbage,def,late_clock_18s_plus,26.338246702870443,4.0,15.0,89.65517241379311
GSW,1999.0,1816.0,0.9084542271135568,11.805902951475739,48.65751789976134,0.0,21.848924462231114,non_garbage,def,late_clock_18s_plus,26.879117923894043,18.0,10.0,41.37931034482759
HOU,1849.0,1584.0,0.856679286100595,11.57382368848026,45.62256809338521,0.0,21.658734451054624,non_garbage,def,late_clock_18s_plus,24.61395101171459,2.0,27.0,96.55172413793103
IND,2121.0,1908.0,0.8995756718528995,11.55115511551155,48.07692307692308,0.0,21.82979726544083,non_garbage,def,late_clock_18s_plus,26.78030303030303,14.0,11.0,55.172413793103445
LAC,1957.0,1629.0,0.832396525293817,13.387838528359735,44.610591900311526,0.0,21.87991824220746,non_garbage,def,late_clock_18s_plus,26.582450421081226,1.0,13.0,100.0
LAL,1912.0,1702.0,0.8901673640167364,11.244769874476987,46.42635177128651,0.0,21.815376569037657,non_garbage,def,late_clock_18s_plus,25.344644750795336,12.0,25.0,62.06896551724138
MEM,2018.0,1753.0,0.8686818632309217,9.464816650148663,44.29901105293775,0.0,21.754707631318137,non_garbage,def,late_clock_18s_plus,26.031991744066048,7.0,20.0,79.3103448275862
MIA,2070.0,1820.0,0.8792270531400966,11.497584541062803,46.71015314804311,0.0,21.867149758454108,non_garbage,def,late_clock_18s_plus,27.32673267326733,10.0,7.0,68.96551724137932
MIL,2008.0,1766.0,0.8794820717131474,9.611553784860558,45.725760183591504,0.0,21.856573705179283,non_garbage,def,late_clock_18s_plus,26.27928281638529,11.0,16.0,65.51724137931035
MIN,2017.0,1747.0,0.866137828458106,11.502231036192365,45.889606576629475,0.0,21.950421417947446,non_garbage,def,late_clock_18s_plus,26.47676555526385,5.0,14.0,86.20689655172413
NOP,1961.0,1845.0,0.9408465068842428,11.320754716981133,50.27173913043478,0.0,21.703722590515042,non_garbage,def,late_clock_18s_plus,26.108374384236456,28.0,18.0,6.896551724137931
NYK,1871.0,1755.0,0.9380010689470871,11.811865312667024,50.191326530612244,0.0,21.732763228220204,non_garbage,def,late_clock_18s_plus,25.87828492392808,27.0,21.0,10.344827586206897
OKC,1956.0,1684.0,0.8609406952965235,13.139059304703476,46.2974486621033,0.0,21.888548057259715,non_garbage,def,late_clock_18s_plus,27.10267424137453,3.0,9.0,93.10344827586206
ORL,2001.0,1738.0,0.8685657171414293,13.44327836081959,46.41754169240272,0.0,21.974012993503248,non_garbage,def,late_clock_18s_plus,27.56198347107438,6.0,4.0,82.75862068965517
PHI,1867.0,1691.0,0.9057311194429566,14.35457953936797,49.100599600266484,0.0,21.726834493840386,non_garbage,def,late_clock_18s_plus,24.52706253284288,17.0,28.0,44.827586206896555
PHX,1903.0,1762.0,0.9259064634787179,9.668943772990016,48.58722358722359,0.0,21.702574881765635,non_garbage,def,late_clock_18s_plus,24.967200209918655,23.0,26.0,24.137931034482758
POR,2057.0,1927.0,0.9368011667476908,11.76470588235294,49.710815500289186,0.0,21.90909090909091,non_garbage,def,late_clock_18s_plus,27.522076531977525,26.0,5.0,13.793103448275861
SAC,2120.0,2035.0,0.9599056603773585,10.18867924528302,50.66188637617209,0.0,21.883018867924527,non_garbage,def,late_clock_18s_plus,27.586206896551722,30.0,3.0,0.0
SAS,1990.0,1844.0,0.9266331658291457,11.35678391959799,49.49970570924073,0.0,21.761306532663315,non_garbage,def,late_clock_18s_plus,25.687362850135536,24.0,22.0,20.689655172413794
TOR,2091.0,1829.0,0.874701099952176,11.908177905308465,45.59331797235023,0.0,21.880918220946917,non_garbage,def,late_clock_18s_plus,27.372692760832567,9.0,6.0,72.41379310344827
UTA,1677.0,1462.0,0.8717948717948718,8.825283243887895,45.21349862258953,0.0,21.5664877757901,non_garbage,def,late_clock_18s_plus,22.106511995781702,8.0,30.0,75.86206896551724
WAS,1790.0,1637.0,0.9145251396648044,9.608938547486034,46.90553745928339,0.0,21.74189944134078,non_garbage,def,late_clock_18s_plus,23.721176782401272,20.0,29.0,34.48275862068966
ATL,319.0,400.0,1.2539184952978057,11.598746081504702,53.03030303030303,14.106583072100312,13.664576802507836,non_garbage,off,clutch,4.001003386429199,3.0,8.0,93.10344827586206
BKN,265.0,284.0,1.0716981132075472,18.867924528301888,49.7737556561086,11.69811320754717,15.962264150943396,non_garbage,off,clutch,3.581081081081081,28.0,15.0,6.896551724137931
BOS,280.0,351.0,1.2535714285714286,10.714285714285714,56.99152542372882,11.428571428571429,16.039285714285715,non_garbage,off,clutch,3.8095238095238098,4.0,13.0,89.65517241379311
CHA,293.0,319.0,1.0887372013651877,18.43003412969283,47.16599190283401,16.723549488054605,14.80887372013652,non_garbage,off,clutch,3.9573203673689896,24.0,9.0,20.689655172413794
CHI,232.0,281.0,1.2112068965517242,15.086206896551724,54.1025641025641,13.793103448275861,13.112068965517242,non_garbage,off,clutch,2.9524051921608554,11.0,28.0,65.51724137931035
CLE,268.0,349.0,1.3022388059701493,12.313432835820896,53.08370044052864,14.925373134328357,14.436567164179104,non_garbage,off,clutch,3.5590969455511288,2.0,17.0,96.55172413793103
DAL,290.0,351.0,1.210344827586207,12.758620689655173,51.89075630252101,12.413793103448276,14.444827586206896,non_garbage,off,clutch,3.883235136582753,12.0,11.0,62.06896551724138
DEN,291.0,389.0,1.3367697594501717,11.683848797250858,61.20331950207469,13.058419243986256,14.027491408934708,non_garbage,off,clutch,3.7558079504388227,1.0,14.0,100.0
DET,299.0,332.0,1.1103678929765886,17.725752508361204,51.91489361702127,12.040133779264215,13.474916387959865,non_garbage,off,clutch,3.8595585387892086,21.0,12.0,31.03448275862069
GSW,290.0,348.0,1.2,12.758620689655173,46.35627530364373,17.24137931034483,15.168965517241379,non_garbage,off,clutch,3.8968019349637193,13.0,10.0,58.620689655172406
HOU,305.0,349.0,1.1442622950819672,13.442622950819672,44.96124031007752,16.721311475409838,15.59344262295082,non_garbage,off,clutch,4.039735099337748,16.0,7.0,48.275862068965516
IND,331.0,408.0,1.2326283987915407,10.876132930513595,55.01858736059479,10.27190332326284,13.773413897280967,non_garbage,off,clutch,4.199441766049226,7.0,5.0,79.3103448275862
LAC,256.0,282.0,1.1015625,19.140625,50.255102040816325,11.71875,15.48828125,non_garbage,off,clutch,3.4683647202276116,23.0,19.0,24.137931034482758
LAL,232.0,288.0,1.2413793103448276,11.637931034482758,59.35828877005348,8.620689655172415,15.551724137931034,non_garbage,off,clutch,3.08264682434228,5.0,26.0,86.20689655172413
MEM,258.0,294.0,1.1395348837209303,12.015503875968992,50.23255813953489,11.24031007751938,14.116279069767442,non_garbage,off,clutch,3.3140655105973025,17.0,22.0,44.827586206896555
MIA,355.0,361.0,1.0169014084507042,12.676056338028168,45.794392523364486,12.394366197183098,16.092957746478874,non_garbage,off,clutch,4.6914232853178275,30.0,1.0,0.0
MIL,327.0,352.0,1.0764525993883791,14.067278287461773,48.6328125,8.868501529051988,13.776758409785932,non_garbage,off,clutch,4.248960498960499,27.0,4.0,10.344827586206897
MIN,328.0,354.0,1.079268292682927,15.24390243902439,48.175182481751825,12.804878048780488,14.981707317073171,non_garbage,off,clutch,4.285900953874298,26.0,3.0,13.793103448275861
NOP,251.0,283.0,1.1274900398406376,10.756972111553784,50.943396226415096,12.350597609561753,14.49003984063745,non_garbage,off,clutch,3.3677713672346705,19.0,21.0,37.93103448275862
NYK,297.0,349.0,1.1750841750841752,10.437710437710438,51.470588235294116,12.121212121212121,16.175084175084177,non_garbage,off,clutch,4.092036373656654,14.0,6.0,55.172413793103445
OKC,126.0,156.0,1.2380952380952381,9.523809523809524,53.960396039603964,11.904761904761903,14.396825396825397,non_garbage,off,clutch,1.7159199237368923,6.0,30.0,82.75862068965517
ORL,221.0,250.0,1.1312217194570136,9.049773755656108,48.0225988700565,10.85972850678733,15.244343891402714,non_garbage,off,clutch,3.038636051148082,18.0,27.0,41.37931034482759
PHI,264.0,297.0,1.125,12.121212121212121,47.38095238095238,12.121212121212121,14.291666666666666,non_garbage,off,clutch,3.4718569174118885,20.0,18.0,34.48275862068966
PHX,262.0,321.0,1.2251908396946565,11.83206106870229,50.0,12.977099236641221,15.48473282442748,non_garbage,off,clutch,3.4423860202338723,8.0,20.0,75.86206896551724
POR,243.0,295.0,1.213991769547325,13.168724279835391,51.173708920187785,14.814814814814813,14.670781893004115,non_garbage,off,clutch,3.250401284109149,10.0,23.0,68.96551724137932
SAC,347.0,425.0,1.2247838616714697,8.645533141210375,51.28205128205128,12.968299711815561,14.080691642651297,non_garbage,off,clutch,4.514702055685662,9.0,2.0,72.41379310344827
SAS,275.0,299.0,1.0872727272727272,16.363636363636363,50.21551724137932,12.363636363636363,14.807272727272727,non_garbage,off,clutch,3.5594097851410824,25.0,16.0,17.24137931034483
TOR,239.0,256.0,1.0711297071129706,14.225941422594143,50.0,11.297071129707113,14.690376569037657,non_garbage,off,clutch,3.1476359805083627,29.0,25.0,3.4482758620689653
UTA,242.0,277.0,1.1446280991735538,16.115702479338843,47.39336492890995,17.768595041322314,14.297520661157025,non_garbage,off,clutch,3.2189412077680233,15.0,24.0,51.724137931034484
WAS,164.0,182.0,1.1097560975609757,10.975609756097562,52.142857142857146,7.926829268292683,14.390243902439025,non_garbage,off,clutch,2.1983914209115283,22.0,29.0,27.586206896551722
ATL,320.0,370.0,1.15625,13.750000000000002,53.9622641509434,9.6875,14.99375,non_garbage,def,clutch,4.005507572912755,16.0,9.0,48.275862068965516
BKN,276.0,346.0,1.2536231884057971,9.782608695652174,48.706896551724135,16.304347826086957,14.33695652173913,non_garbage,def,clutch,3.705692803437164,25.0,12.0,17.24137931034483
BOS,246.0,293.0,1.1910569105691058,13.008130081300814,50.23364485981309,15.853658536585366,14.020325203252032,non_garbage,def,clutch,3.3781928041746774,20.0,20.0,34.48275862068966
CHA,310.0,370.0,1.1935483870967742,10.64516129032258,48.8235294117647,14.193548387096774,13.883870967741936,non_garbage,def,clutch,4.169468728984533,21.0,5.0,31.03448275862069
CHI,237.0,247.0,1.0421940928270041,13.080168776371309,49.27884615384615,9.70464135021097,15.578059071729959,non_garbage,def,clutch,2.991668770512497,3.0,27.0,93.10344827586206
CLE,255.0,280.0,1.0980392156862746,10.588235294117647,43.63636363636363,14.117647058823529,14.823529411764707,non_garbage,def,clutch,3.4241976634886533,6.0,19.0,82.75862068965517
DAL,270.0,312.0,1.1555555555555554,14.074074074074074,50.42016806722689,15.925925925925927,14.118518518518519,non_garbage,def,clutch,3.6193029490616624,15.0,15.0,51.724137931034484
DEN,288.0,329.0,1.1423611111111112,13.88888888888889,52.742616033755276,10.069444444444445,14.9375,non_garbage,def,clutch,3.7142120196027855,11.0,11.0,65.51724137931035
DET,311.0,390.0,1.2540192926045015,12.861736334405144,56.395348837209305,13.504823151125404,14.672025723472668,non_garbage,def,clutch,4.021205068528575,27.0,8.0,10.344827586206897
GSW,271.0,312.0,1.151291512915129,11.439114391143912,53.48837209302325,8.118081180811808,13.81549815498155,non_garbage,def,clutch,3.6439424499125987,13.0,14.0,58.620689655172406
HOU,290.0,327.0,1.1275862068965516,15.862068965517242,46.99570815450644,12.758620689655173,14.296551724137931,non_garbage,def,clutch,3.8604898828541,9.0,10.0,72.41379310344827
IND,332.0,355.0,1.069277108433735,14.156626506024098,46.78030303030303,10.542168674698797,15.11144578313253,non_garbage,def,clutch,4.191919191919192,5.0,4.0,86.20689655172413
LAC,271.0,303.0,1.118081180811808,14.022140221402212,50.48309178743962,10.70110701107011,14.656826568265682,non_garbage,def,clutch,3.6810649280086936,8.0,13.0,75.86206896551724
LAL,215.0,253.0,1.1767441860465115,13.488372093023257,56.18279569892473,8.837209302325581,14.167441860465116,non_garbage,def,clutch,2.8499469777306468,19.0,28.0,37.93103448275862
MEM,258.0,272.0,1.054263565891473,17.829457364341085,46.10091743119266,15.891472868217054,15.275193798449612,non_garbage,def,clutch,3.3281733746130033,4.0,23.0,89.65517241379311
MIA,362.0,415.0,1.1464088397790055,15.469613259668508,55.12820512820513,12.430939226519337,15.284530386740332,non_garbage,def,clutch,4.778877887788779,12.0,1.0,62.06896551724138
MIL,308.0,299.0,0.9707792207792207,14.935064935064934,44.16342412451362,10.714285714285714,14.902597402597403,non_garbage,def,clutch,4.030886009684596,1.0,7.0,100.0
MIN,349.0,422.0,1.2091690544412608,10.888252148997136,51.02739726027398,12.320916905444127,14.696275071633238,non_garbage,def,clutch,4.58125492255185,22.0,2.0,27.586206896551722
NOP,251.0,279.0,1.1115537848605577,15.139442231075698,48.75,15.936254980079681,14.665338645418327,non_garbage,def,clutch,3.3417654107309276,7.0,22.0,79.3103448275862
NYK,297.0,338.0,1.138047138047138,17.50841750841751,49.795081967213115,14.14141414141414,14.814814814814815,non_garbage,def,clutch,4.1078838174273855,10.0,6.0,68.96551724137932
OKC,116.0,134.0,1.1551724137931034,17.24137931034483,47.42268041237113,16.379310344827587,15.939655172413794,non_garbage,def,clutch,1.60731605930442,14.0,30.0,55.172413793103445
ORL,232.0,240.0,1.0344827586206897,18.103448275862068,47.540983606557376,11.637931034482758,14.724137931034482,non_garbage,def,clutch,3.1955922865013773,2.0,26.0,96.55172413793103
PHI,272.0,341.0,1.2536764705882353,15.441176470588236,55.35714285714286,13.602941176470587,14.088235294117647,non_garbage,def,clutch,3.573305307409354,26.0,16.0,13.793103448275861
PHX,267.0,347.0,1.299625468164794,9.737827715355806,54.27350427350427,14.981273408239701,14.94756554307116,non_garbage,def,clutch,3.5030175806874833,29.0,18.0,3.4482758620689653
POR,246.0,314.0,1.2764227642276422,9.75609756097561,57.14285714285714,8.536585365853659,14.040650406504065,non_garbage,def,clutch,3.2914102221032913,28.0,24.0,6.896551724137931
SAC,346.0,406.0,1.1734104046242775,12.716763005780345,52.40549828178695,12.138728323699421,15.413294797687861,non_garbage,def,clutch,4.5022771633051395,18.0,3.0,41.37931034482759
SAS,259.0,300.0,1.1583011583011582,12.741312741312742,49.159663865546214,15.057915057915059,14.424710424710424,non_garbage,def,clutch,3.3432296372789465,17.0,21.0,44.827586206896555
TOR,251.0,310.0,1.2350597609561753,8.764940239043826,49.130434782608695,14.741035856573706,15.318725099601593,non_garbage,def,clutch,3.285770388794345,24.0,25.0,20.689655172413794
UTA,270.0,365.0,1.3518518518518519,9.62962962962963,57.438016528925615,13.703703703703704,15.625925925925927,non_garbage,def,clutch,3.5591879778539415,30.0,17.0,0.0
WAS,174.0,213.0,1.2241379310344827,10.344827586206897,51.041666666666664,12.068965517241379,14.183908045977011,non_garbage,def,clutch,2.305857407898224,23.0,29.0,24.137931034482758
