PLAYER_NAME,SHOT_ZONE_BASIC,fga,fgm,fg_pct,pps,assisted_make_pct,share
A.J. Lawson,Above the Break 3,65.0,22.0,33.84615384615385,1.0153846153846153,95.45454545454545,34.21052631578947
A.J. Lawson,In The Paint (Non-RA),17.0,7.0,41.1764705882353,0.8235294117647058,85.71428571428571,8.947368421052632
A.J. Lawson,Left Corner 3,21.0,8.0,38.095238095238095,1.1428571428571428,87.5,11.052631578947368
A.J. Lawson,Mid-Range,3.0,1.0,33.333333333333336,0.6666666666666666,100.0,1.5789473684210527
A.J. Lawson,Restricted Area,69.0,39.0,56.52173913043478,1.1304347826086956,58.97435897435897,36.31578947368421
A.J. Lawson,Right Corner 3,15.0,3.0,20.0,0.6,100.0,7.894736842105263
AJ Green,Above the Break 3,248.0,95.0,38.306451612903224,1.1491935483870968,95.78947368421052,58.490566037735846
AJ Green,Backcourt,3.0,1.0,33.333333333333336,1.0,0.0,0.7075471698113208
AJ Green,In The Paint (Non-RA),11.0,6.0,54.54545454545455,1.0909090909090908,50.0,2.5943396226415096
AJ Green,Left Corner 3,48.0,23.0,47.916666666666664,1.4375,95.65217391304348,11.320754716981133
AJ Green,Mid-Range,37.0,13.0,35.13513513513514,0.7027027027027027,76.92307692307692,8.726415094339622
AJ Green,Restricted Area,13.0,8.0,61.53846153846154,1.2307692307692308,87.5,3.0660377358490565
AJ Green,Right Corner 3,64.0,36.0,56.25,1.6875,91.66666666666667,15.09433962264151
AJ Johnson,Above the Break 3,76.0,19.0,25.0,0.75,57.89473684210526,35.68075117370892
AJ Johnson,Backcourt,2.0,0.0,0.0,0.0,,0.9389671361502347
AJ Johnson,In The Paint (Non-RA),39.0,12.0,30.76923076923077,0.6153846153846154,41.666666666666664,18.30985915492958
AJ Johnson,Left Corner 3,6.0,2.0,33.333333333333336,1.0,100.0,2.8169014084507045
AJ Johnson,Mid-Range,5.0,1.0,20.0,0.4,0.0,2.3474178403755865
AJ Johnson,Restricted Area,79.0,45.0,56.962025316455694,1.139240506329114,57.77777777777778,37.08920187793427
AJ Johnson,Right Corner 3,6.0,3.0,50.0,1.5,100.0,2.8169014084507045
Aaron Gordon,Above the Break 3,106.0,44.0,41.509433962264154,1.2452830188679245,79.54545454545455,21.32796780684105
Aaron Gordon,Backcourt,1.0,0.0,0.0,0.0,,0.2012072434607646
Aaron Gordon,In The Paint (Non-RA),58.0,24.0,41.37931034482759,0.8275862068965517,41.666666666666664,11.670020120724347
Aaron Gordon,Left Corner 3,38.0,17.0,44.73684210526316,1.3421052631578947,94.11764705882354,7.645875251509055
Aaron Gordon,Mid-Range,52.0,26.0,50.0,1.0,42.30769230769231,10.46277665995976
Aaron Gordon,Restricted Area,215.0,139.0,64.65116279069767,1.2930232558139534,61.8705035971223,43.25955734406438
Aaron Gordon,Right Corner 3,27.0,14.0,51.851851851851855,1.5555555555555556,100.0,5.432595573440644
Aaron Holiday,Above the Break 3,144.0,55.0,38.19444444444444,1.1458333333333333,76.36363636363636,53.73134328358209
Aaron Holiday,Backcourt,1.0,0.0,0.0,0.0,,0.3731343283582089
Aaron Holiday,In The Paint (Non-RA),43.0,18.0,41.86046511627907,0.8372093023255814,27.77777777777778,16.044776119402986
Aaron Holiday,Left Corner 3,24.0,13.0,54.166666666666664,1.625,100.0,8.955223880597014
Aaron Holiday,Mid-Range,22.0,11.0,50.0,1.0,54.54545454545455,8.208955223880597
Aaron Holiday,Restricted Area,22.0,16.0,72.72727272727273,1.4545454545454546,37.5,8.208955223880597
Aaron Holiday,Right Corner 3,12.0,4.0,33.333333333333336,1.0,100.0,4.477611940298507
Aaron Nesmith,Above the Break 3,117.0,45.0,38.46153846153846,1.1538461538461537,97.77777777777777,30.87071240105541
Aaron Nesmith,In The Paint (Non-RA),51.0,25.0,49.01960784313726,0.9803921568627451,84.0,13.456464379947231
Aaron Nesmith,Left Corner 3,36.0,16.0,44.44444444444444,1.3333333333333333,87.5,9.498680738786279
Aaron Nesmith,Mid-Range,33.0,15.0,45.45454545454545,0.9090909090909091,73.33333333333333,8.70712401055409
Aaron Nesmith,Restricted Area,100.0,68.0,68.0,1.36,75.0,26.385224274406333
Aaron Nesmith,Right Corner 3,42.0,23.0,54.76190476190476,1.6428571428571428,100.0,11.081794195250659
Aaron Wiggins,Above the Break 3,222.0,89.0,40.090090090090094,1.2027027027027026,89.88764044943821,30.494505494505496
Aaron Wiggins,Backcourt,1.0,0.0,0.0,0.0,,0.13736263736263737
Aaron Wiggins,In The Paint (Non-RA),113.0,45.0,39.823008849557525,0.7964601769911505,44.44444444444444,15.521978021978022
Aaron Wiggins,Left Corner 3,72.0,24.0,33.333333333333336,1.0,100.0,9.89010989010989
Aaron Wiggins,Mid-Range,36.0,14.0,38.888888888888886,0.7777777777777778,42.857142857142854,4.945054945054945
Aaron Wiggins,Restricted Area,240.0,166.0,69.16666666666667,1.3833333333333333,62.04819277108434,32.967032967032964
Aaron Wiggins,Right Corner 3,44.0,17.0,38.63636363636363,1.1590909090909092,94.11764705882354,6.043956043956044
Adam Flagler,Above the Break 3,63.0,14.0,22.22222222222222,0.6666666666666666,85.71428571428571,65.625
Adam Flagler,In The Paint (Non-RA),8.0,2.0,25.0,0.5,100.0,8.333333333333332
Adam Flagler,Left Corner 3,5.0,0.0,0.0,0.0,,5.208333333333334
Adam Flagler,Mid-Range,10.0,5.0,50.0,1.0,40.0,10.416666666666668
Adam Flagler,Restricted Area,6.0,4.0,66.66666666666667,1.3333333333333333,50.0,6.25
Adam Flagler,Right Corner 3,4.0,0.0,0.0,0.0,,4.166666666666666
Adama Sanogo,In The Paint (Non-RA),2.0,1.0,50.0,1.0,100.0,28.57142857142857
Adama Sanogo,Restricted Area,5.0,3.0,60.0,1.2,33.333333333333336,71.42857142857143
Adem Bona,In The Paint (Non-RA),26.0,16.0,61.53846153846154,1.2307692307692308,81.25,13.541666666666666
Adem Bona,Left Corner 3,1.0,0.0,0.0,0.0,,0.5208333333333333
Adem Bona,Mid-Range,2.0,0.0,0.0,0.0,,1.0416666666666665
Adem Bona,Restricted Area,163.0,119.0,73.00613496932516,1.460122699386503,68.0672268907563,84.89583333333334
Ajay Mitchell,Above the Break 3,41.0,16.0,39.02439024390244,1.170731707317073,93.75,22.282608695652172
Ajay Mitchell,Backcourt,1.0,0.0,0.0,0.0,,0.5434782608695652
Ajay Mitchell,In The Paint (Non-RA),56.0,28.0,50.0,1.0,42.857142857142854,30.434782608695656
Ajay Mitchell,Left Corner 3,13.0,5.0,38.46153846153846,1.1538461538461537,100.0,7.065217391304348
Ajay Mitchell,Mid-Range,14.0,6.0,42.857142857142854,0.8571428571428571,50.0,7.608695652173914
Ajay Mitchell,Restricted Area,54.0,34.0,62.96296296296296,1.2592592592592593,35.294117647058826,29.347826086956523
Ajay Mitchell,Right Corner 3,5.0,2.0,40.0,1.2,100.0,2.717391304347826
Al Horford,Above the Break 3,207.0,74.0,35.7487922705314,1.0724637681159421,98.64864864864865,44.90238611713666
Al Horford,Backcourt,1.0,0.0,0.0,0.0,,0.21691973969631237
Al Horford,In The Paint (Non-RA),59.0,26.0,44.067796610169495,0.8813559322033898,76.92307692307692,12.79826464208243
Al Horford,Left Corner 3,44.0,18.0,40.90909090909091,1.2272727272727273,100.0,9.544468546637743
Al Horford,Mid-Range,12.0,2.0,16.666666666666668,0.3333333333333333,100.0,2.6030368763557483
Al Horford,Restricted Area,76.0,53.0,69.73684210526316,1.394736842105263,84.90566037735849,16.48590021691974
Al Horford,Right Corner 3,62.0,22.0,35.483870967741936,1.064516129032258,100.0,13.449023861171366
Alec Burks,Above the Break 3,103.0,46.0,44.66019417475728,1.3398058252427185,93.47826086956522,38.00738007380074
Alec Burks,Backcourt,1.0,0.0,0.0,0.0,,0.36900369003690037
Alec Burks,In The Paint (Non-RA),27.0,11.0,40.74074074074074,0.8148148148148148,63.63636363636363,9.96309963099631
Alec Burks,Left Corner 3,71.0,29.0,40.84507042253521,1.2253521126760563,100.0,26.199261992619927
Alec Burks,Mid-Range,18.0,8.0,44.44444444444444,0.8888888888888888,50.0,6.642066420664207
Alec Burks,Restricted Area,19.0,8.0,42.10526315789474,0.8421052631578947,50.0,7.011070110701106
Alec Burks,Right Corner 3,32.0,13.0,40.625,1.21875,92.3076923076923,11.808118081180812
Alex Caruso,Above the Break 3,107.0,34.0,31.77570093457944,0.9532710280373832,94.11764705882354,34.07643312101911
Alex Caruso,In The Paint (Non-RA),25.0,8.0,32.0,0.64,50.0,7.961783439490445
Alex Caruso,Left Corner 3,28.0,11.0,39.285714285714285,1.1785714285714286,100.0,8.9171974522293
Alex Caruso,Mid-Range,10.0,2.0,20.0,0.4,50.0,3.1847133757961785
Alex Caruso,Restricted Area,109.0,70.0,64.22018348623853,1.2844036697247707,71.42857142857143,34.71337579617834
Alex Caruso,Right Corner 3,35.0,15.0,42.857142857142854,1.2857142857142858,86.66666666666667,11.146496815286625
Alex Ducas,Above the Break 3,12.0,5.0,41.666666666666664,1.25,100.0,40.0
Alex Ducas,In The Paint (Non-RA),3.0,0.0,0.0,0.0,,10.0
Alex Ducas,Left Corner 3,5.0,3.0,60.0,1.8,100.0,16.666666666666664
Alex Ducas,Mid-Range,2.0,1.0,50.0,1.0,100.0,6.666666666666667
Alex Ducas,Restricted Area,4.0,1.0,25.0,0.5,100.0,13.333333333333334
Alex Ducas,Right Corner 3,4.0,2.0,50.0,1.5,100.0,13.333333333333334
Alex Len,Above the Break 3,5.0,1.0,20.0,0.6,100.0,7.936507936507936
Alex Len,In The Paint (Non-RA),22.0,12.0,54.54545454545455,1.0909090909090908,75.0,34.92063492063492
Alex Len,Left Corner 3,2.0,1.0,50.0,1.5,100.0,3.1746031746031744
Alex Len,Mid-Range,4.0,1.0,25.0,0.5,100.0,6.349206349206349
Alex Len,Restricted Area,28.0,17.0,60.714285714285715,1.2142857142857142,70.58823529411765,44.44444444444444
Alex Len,Right Corner 3,2.0,0.0,0.0,0.0,,3.1746031746031744
Alex Reese,Above the Break 3,25.0,12.0,48.0,1.44,100.0,46.2962962962963
Alex Reese,Backcourt,1.0,0.0,0.0,0.0,,1.8518518518518516
Alex Reese,In The Paint (Non-RA),3.0,1.0,33.333333333333336,0.6666666666666666,100.0,5.555555555555555
Alex Reese,Left Corner 3,2.0,1.0,50.0,1.5,100.0,3.7037037037037033
Alex Reese,Mid-Range,1.0,1.0,100.0,2.0,100.0,1.8518518518518516
Alex Reese,Restricted Area,9.0,9.0,100.0,2.0,55.55555555555556,16.666666666666664
Alex Reese,Right Corner 3,13.0,2.0,15.384615384615385,0.46153846153846156,100.0,24.074074074074073
Alex Sarr,Above the Break 3,288.0,86.0,29.86111111111111,0.8958333333333334,94.18604651162791,34.78260869565217
Alex Sarr,In The Paint (Non-RA),222.0,72.0,32.432432432432435,0.6486486486486487,65.27777777777777,26.811594202898554
Alex Sarr,Left Corner 3,35.0,12.0,34.285714285714285,1.0285714285714285,100.0,4.2270531400966185
Alex Sarr,Mid-Range,73.0,27.0,36.986301369863014,0.7397260273972602,77.77777777777777,8.816425120772948
Alex Sarr,Restricted Area,192.0,122.0,63.541666666666664,1.2708333333333333,71.31147540983606,23.18840579710145
Alex Sarr,Right Corner 3,18.0,7.0,38.888888888888886,1.1666666666666667,100.0,2.1739130434782608
Alondes Williams,Above the Break 3,1.0,1.0,100.0,3.0,100.0,50.0
Alondes Williams,Restricted Area,1.0,1.0,100.0,2.0,0.0,50.0
Alperen Sengun,Above the Break 3,84.0,19.0,22.61904761904762,0.6785714285714286,94.73684210526316,7.349081364829396
Alperen Sengun,In The Paint (Non-RA),466.0,194.0,41.63090128755365,0.8326180257510729,50.0,40.76990376202975
Alperen Sengun,Left Corner 3,2.0,2.0,100.0,3.0,100.0,0.17497812773403326
Alperen Sengun,Mid-Range,106.0,40.0,37.735849056603776,0.7547169811320755,70.0,9.273840769903762
Alperen Sengun,Restricted Area,481.0,312.0,64.86486486486487,1.2972972972972974,42.62820512820513,42.082239720035
Alperen Sengun,Right Corner 3,4.0,0.0,0.0,0.0,,0.3499562554680665
Amen Thompson,Above the Break 3,35.0,5.0,14.285714285714286,0.42857142857142855,80.0,5.0215208034433285
Amen Thompson,Backcourt,2.0,0.0,0.0,0.0,,0.2869440459110474
Amen Thompson,In The Paint (Non-RA),181.0,80.0,44.19889502762431,0.8839779005524862,35.0,25.968436154949785
Amen Thompson,Left Corner 3,17.0,8.0,47.05882352941177,1.411764705882353,100.0,2.4390243902439024
Amen Thompson,Mid-Range,68.0,26.0,38.23529411764706,0.7647058823529411,46.15384615384615,9.75609756097561
Amen Thompson,Restricted Area,357.0,257.0,71.98879551820728,1.4397759103641457,58.36575875486381,51.21951219512195
Amen Thompson,Right Corner 3,37.0,12.0,32.432432432432435,0.972972972972973,100.0,5.308464849354376
Amir Coffey,Above the Break 3,153.0,58.0,37.908496732026144,1.1372549019607843,94.82758620689656,30.0
Amir Coffey,In The Paint (Non-RA),95.0,39.0,41.05263157894737,0.8210526315789474,69.23076923076923,18.627450980392158
Amir Coffey,Left Corner 3,44.0,16.0,36.36363636363637,1.0909090909090908,100.0,8.627450980392156
Amir Coffey,Mid-Range,62.0,31.0,50.0,1.0,51.61290322580645,12.156862745098039
Amir Coffey,Restricted Area,106.0,69.0,65.09433962264151,1.3018867924528301,75.3623188405797,20.784313725490197
Amir Coffey,Right Corner 3,50.0,27.0,54.0,1.62,100.0,9.803921568627452
Andre Drummond,Above the Break 3,10.0,1.0,10.0,0.3,100.0,4.273504273504273
Andre Drummond,Backcourt,2.0,0.0,0.0,0.0,,0.8547008547008548
Andre Drummond,In The Paint (Non-RA),53.0,20.0,37.735849056603776,0.7547169811320755,80.0,22.64957264957265
Andre Drummond,Left Corner 3,5.0,2.0,40.0,1.2,50.0,2.1367521367521367
Andre Drummond,Mid-Range,9.0,4.0,44.44444444444444,0.8888888888888888,100.0,3.8461538461538463
Andre Drummond,Restricted Area,152.0,90.0,59.21052631578947,1.1842105263157894,58.888888888888886,64.95726495726495
Andre Drummond,Right Corner 3,3.0,0.0,0.0,0.0,,1.282051282051282
Andre Jackson Jr.,Above the Break 3,33.0,14.0,42.42424242424242,1.2727272727272727,92.85714285714286,16.751269035532996
Andre Jackson Jr.,In The Paint (Non-RA),33.0,8.0,24.242424242424242,0.48484848484848486,62.5,16.751269035532996
Andre Jackson Jr.,Left Corner 3,17.0,6.0,35.294117647058826,1.0588235294117647,100.0,8.629441624365482
Andre Jackson Jr.,Mid-Range,10.0,5.0,50.0,1.0,100.0,5.0761421319796955
Andre Jackson Jr.,Restricted Area,78.0,51.0,65.38461538461539,1.3076923076923077,62.745098039215684,39.59390862944163
Andre Jackson Jr.,Right Corner 3,26.0,10.0,38.46153846153846,1.1538461538461537,100.0,13.19796954314721
Andrew Nembhard,Above the Break 3,127.0,37.0,29.133858267716537,0.8740157480314961,75.67567567567568,23.562152133580703
Andrew Nembhard,Backcourt,1.0,0.0,0.0,0.0,,0.1855287569573284
Andrew Nembhard,In The Paint (Non-RA),123.0,57.0,46.34146341463415,0.926829268292683,43.85964912280702,22.820037105751393
Andrew Nembhard,Left Corner 3,26.0,8.0,30.76923076923077,0.9230769230769231,100.0,4.823747680890538
Andrew Nembhard,Mid-Range,122.0,56.0,45.90163934426229,0.9180327868852459,42.857142857142854,22.634508348794064
Andrew Nembhard,Restricted Area,119.0,83.0,69.74789915966386,1.3949579831932772,53.01204819277108,22.07792207792208
Andrew Nembhard,Right Corner 3,21.0,6.0,28.571428571428573,0.8571428571428571,100.0,3.896103896103896
Andrew Wiggins,Above the Break 3,288.0,105.0,36.458333333333336,1.09375,83.80952380952381,34.32657926102503
Andrew Wiggins,In The Paint (Non-RA),203.0,95.0,46.79802955665025,0.9359605911330049,43.1578947368421,24.195470798569726
Andrew Wiggins,Left Corner 3,36.0,14.0,38.888888888888886,1.1666666666666667,100.0,4.290822407628129
Andrew Wiggins,Mid-Range,94.0,39.0,41.48936170212766,0.8297872340425532,35.8974358974359,11.203814064362335
Andrew Wiggins,Restricted Area,194.0,112.0,57.7319587628866,1.1546391752577319,61.607142857142854,23.12276519666269
Andrew Wiggins,Right Corner 3,24.0,11.0,45.833333333333336,1.375,100.0,2.860548271752086
Anfernee Simons,Above the Break 3,529.0,194.0,36.67296786389414,1.1001890359168243,58.24742268041237,47.02222222222222
Anfernee Simons,Backcourt,5.0,0.0,0.0,0.0,,0.4444444444444444
Anfernee Simons,In The Paint (Non-RA),205.0,83.0,40.48780487804878,0.8097560975609757,21.686746987951807,18.22222222222222
Anfernee Simons,Left Corner 3,38.0,13.0,34.21052631578947,1.0263157894736843,84.61538461538461,3.3777777777777773
Anfernee Simons,Mid-Range,140.0,66.0,47.142857142857146,0.9428571428571428,24.242424242424242,12.444444444444445
Anfernee Simons,Restricted Area,187.0,115.0,61.49732620320856,1.2299465240641712,13.043478260869565,16.62222222222222
Anfernee Simons,Right Corner 3,21.0,8.0,38.095238095238095,1.1428571428571428,87.5,1.866666666666667
Anthony Black,Above the Break 3,116.0,31.0,26.724137931034484,0.8017241379310345,70.96774193548387,18.70967741935484
Anthony Black,Backcourt,1.0,0.0,0.0,0.0,,0.16129032258064516
Anthony Black,In The Paint (Non-RA),154.0,59.0,38.311688311688314,0.7662337662337663,37.28813559322034,24.838709677419356
Anthony Black,Left Corner 3,34.0,10.0,29.41176470588235,0.8823529411764706,90.0,5.483870967741936
Anthony Black,Mid-Range,56.0,17.0,30.357142857142858,0.6071428571428571,41.1764705882353,9.032258064516128
Anthony Black,Restricted Area,215.0,124.0,57.674418604651166,1.1534883720930234,46.774193548387096,34.67741935483871
Anthony Black,Right Corner 3,44.0,21.0,47.72727272727273,1.4318181818181819,100.0,7.096774193548387
Anthony Davis,Above the Break 3,113.0,34.0,30.088495575221238,0.9026548672566371,88.23529411764706,12.417582417582418
Anthony Davis,In The Paint (Non-RA),272.0,119.0,43.75,0.875,61.34453781512605,29.89010989010989
Anthony Davis,Left Corner 3,8.0,1.0,12.5,0.375,100.0,0.8791208791208791
Anthony Davis,Mid-Range,186.0,79.0,42.473118279569896,0.8494623655913979,55.69620253164557,20.439560439560438
Anthony Davis,Restricted Area,328.0,237.0,72.2560975609756,1.4451219512195121,61.60337552742616,36.043956043956044
Anthony Davis,Right Corner 3,3.0,0.0,0.0,0.0,,0.32967032967032966
Anthony Edwards,Above the Break 3,701.0,277.0,39.51497860199715,1.1854493580599144,42.59927797833935,43.4863523573201
Anthony Edwards,Backcourt,10.0,0.0,0.0,0.0,,0.620347394540943
Anthony Edwards,In The Paint (Non-RA),228.0,92.0,40.35087719298246,0.8070175438596491,29.347826086956523,14.1439205955335
Anthony Edwards,Left Corner 3,61.0,26.0,42.622950819672134,1.278688524590164,73.07692307692308,3.784119106699752
Anthony Edwards,Mid-Range,210.0,79.0,37.61904761904762,0.7523809523809524,27.848101265822784,13.027295285359802
Anthony Edwards,Restricted Area,363.0,230.0,63.36088154269972,1.2672176308539944,45.65217391304348,22.51861042183623
Anthony Edwards,Right Corner 3,39.0,17.0,43.58974358974359,1.3076923076923077,88.23529411764706,2.4193548387096775
Anthony Gill,Above the Break 3,18.0,6.0,33.333333333333336,1.0,100.0,20.454545454545457
Anthony Gill,In The Paint (Non-RA),23.0,13.0,56.52173913043478,1.1304347826086956,53.84615384615385,26.136363636363637
Anthony Gill,Left Corner 3,8.0,2.0,25.0,0.75,100.0,9.090909090909092
Anthony Gill,Mid-Range,2.0,0.0,0.0,0.0,,2.272727272727273
Anthony Gill,Restricted Area,32.0,20.0,62.5,1.25,65.0,36.36363636363637
Anthony Gill,Right Corner 3,5.0,2.0,40.0,1.2,100.0,5.681818181818182
Anton Watson,Above the Break 3,1.0,0.0,0.0,0.0,,11.11111111111111
Anton Watson,In The Paint (Non-RA),3.0,0.0,0.0,0.0,,33.33333333333333
Anton Watson,Mid-Range,1.0,1.0,100.0,2.0,100.0,11.11111111111111
Anton Watson,Restricted Area,4.0,3.0,75.0,1.5,66.66666666666667,44.44444444444444
Antonio Reeves,Above the Break 3,81.0,35.0,43.20987654320987,1.2962962962962963,80.0,32.66129032258064
Antonio Reeves,Backcourt,1.0,0.0,0.0,0.0,,0.4032258064516129
Antonio Reeves,In The Paint (Non-RA),43.0,22.0,51.16279069767442,1.0232558139534884,90.9090909090909,17.338709677419356
Antonio Reeves,Left Corner 3,25.0,7.0,28.0,0.84,100.0,10.080645161290322
Antonio Reeves,Mid-Range,21.0,8.0,38.095238095238095,0.7619047619047619,62.5,8.46774193548387
Antonio Reeves,Restricted Area,55.0,32.0,58.18181818181818,1.1636363636363636,62.5,22.177419354838708
Antonio Reeves,Right Corner 3,22.0,9.0,40.90909090909091,1.2272727272727273,100.0,8.870967741935484
Ariel Hukporti,In The Paint (Non-RA),8.0,4.0,50.0,1.0,100.0,25.806451612903224
Ariel Hukporti,Restricted Area,23.0,17.0,73.91304347826087,1.4782608695652173,94.11764705882354,74.19354838709677
Armel Traoré,Above the Break 3,2.0,0.0,0.0,0.0,,10.526315789473683
Armel Traoré,In The Paint (Non-RA),2.0,0.0,0.0,0.0,,10.526315789473683
Armel Traoré,Left Corner 3,4.0,0.0,0.0,0.0,,21.052631578947366
Armel Traoré,Restricted Area,10.0,6.0,60.0,1.2,83.33333333333333,52.63157894736842
Armel Traoré,Right Corner 3,1.0,0.0,0.0,0.0,,5.263157894736842
Ausar Thompson,Above the Break 3,19.0,4.0,21.05263157894737,0.631578947368421,100.0,4.130434782608695
Ausar Thompson,Backcourt,4.0,0.0,0.0,0.0,,0.8695652173913043
Ausar Thompson,In The Paint (Non-RA),117.0,41.0,35.042735042735046,0.7008547008547008,60.97560975609756,25.43478260869565
Ausar Thompson,Left Corner 3,13.0,3.0,23.076923076923077,0.6923076923076923,100.0,2.8260869565217392
Ausar Thompson,Mid-Range,12.0,4.0,33.333333333333336,0.6666666666666666,50.0,2.608695652173913
Ausar Thompson,Restricted Area,282.0,190.0,67.37588652482269,1.3475177304964538,62.63157894736842,61.30434782608696
Ausar Thompson,Right Corner 3,13.0,4.0,30.76923076923077,0.9230769230769231,100.0,2.8260869565217392
Austin Reaves,Above the Break 3,455.0,168.0,36.92307692307692,1.1076923076923078,66.66666666666667,43.876567020250725
Austin Reaves,Backcourt,7.0,0.0,0.0,0.0,,0.6750241080038573
Austin Reaves,In The Paint (Non-RA),241.0,112.0,46.47302904564315,0.9294605809128631,39.285714285714285,23.240115718418515
Austin Reaves,Left Corner 3,39.0,15.0,38.46153846153846,1.1538461538461537,100.0,3.7608486017357765
Austin Reaves,Mid-Range,64.0,26.0,40.625,0.8125,50.0,6.171648987463838
Austin Reaves,Restricted Area,201.0,139.0,69.1542288557214,1.3830845771144278,46.76258992805755,19.382835101253615
Austin Reaves,Right Corner 3,30.0,17.0,56.666666666666664,1.7,100.0,2.892960462873674
Ayo Dosunmu,Above the Break 3,112.0,35.0,31.25,0.9375,88.57142857142857,24.94432071269488
Ayo Dosunmu,In The Paint (Non-RA),62.0,31.0,50.0,1.0,61.29032258064516,13.808463251670378
Ayo Dosunmu,Left Corner 3,35.0,12.0,34.285714285714285,1.0285714285714285,100.0,7.795100222717149
Ayo Dosunmu,Mid-Range,8.0,2.0,25.0,0.5,50.0,1.7817371937639197
Ayo Dosunmu,Restricted Area,190.0,126.0,66.3157894736842,1.3263157894736841,53.96825396825397,42.31625835189309
Ayo Dosunmu,Right Corner 3,42.0,15.0,35.714285714285715,1.0714285714285714,100.0,9.35412026726058
Bam Adebayo,Above the Break 3,155.0,49.0,31.612903225806452,0.9483870967741935,81.63265306122449,13.926325247079966
Bam Adebayo,In The Paint (Non-RA),444.0,192.0,43.24324324324324,0.8648648648648649,61.458333333333336,39.892183288409704
Bam Adebayo,Left Corner 3,42.0,19.0,45.23809523809524,1.3571428571428572,100.0,3.7735849056603774
Bam Adebayo,Mid-Range,181.0,82.0,45.30386740331492,0.9060773480662984,52.4390243902439,16.262353998203054
Bam Adebayo,Restricted Area,267.0,187.0,70.0374531835206,1.400749063670412,63.101604278074866,23.98921832884097
Bam Adebayo,Right Corner 3,24.0,11.0,45.833333333333336,1.375,100.0,2.15633423180593
Baylor Scheierman,Above the Break 3,57.0,18.0,31.57894736842105,0.9473684210526315,83.33333333333333,51.81818181818182
Baylor Scheierman,In The Paint (Non-RA),10.0,2.0,20.0,0.4,50.0,9.090909090909092
Baylor Scheierman,Left Corner 3,13.0,4.0,30.76923076923077,0.9230769230769231,100.0,11.818181818181818
Baylor Scheierman,Mid-Range,6.0,3.0,50.0,1.0,66.66666666666667,5.454545454545454
Baylor Scheierman,Restricted Area,12.0,8.0,66.66666666666667,1.3333333333333333,62.5,10.909090909090908
Baylor Scheierman,Right Corner 3,12.0,4.0,33.333333333333336,1.0,100.0,10.909090909090908
Ben Sheppard,Above the Break 3,81.0,28.0,34.5679012345679,1.037037037037037,96.42857142857143,28.222996515679444
Ben Sheppard,In The Paint (Non-RA),18.0,6.0,33.333333333333336,0.6666666666666666,66.66666666666667,6.2717770034843205
Ben Sheppard,Left Corner 3,50.0,15.0,30.0,0.9,100.0,17.421602787456447
Ben Sheppard,Mid-Range,10.0,5.0,50.0,1.0,80.0,3.484320557491289
Ben Sheppard,Restricted Area,60.0,41.0,68.33333333333333,1.3666666666666667,73.17073170731707,20.905923344947734
Ben Sheppard,Right Corner 3,68.0,25.0,36.76470588235294,1.1029411764705883,100.0,23.693379790940767
Ben Simmons,In The Paint (Non-RA),104.0,48.0,46.15384615384615,0.9230769230769231,39.583333333333336,46.63677130044843
Ben Simmons,Mid-Range,10.0,2.0,20.0,0.4,100.0,4.484304932735426
Ben Simmons,Restricted Area,109.0,66.0,60.55045871559633,1.2110091743119267,59.09090909090909,48.87892376681614
Bennedict Mathurin,Above the Break 3,240.0,80.0,33.333333333333336,1.0,66.25,28.13599062133646
Bennedict Mathurin,Backcourt,3.0,0.0,0.0,0.0,,0.3516998827667058
Bennedict Mathurin,In The Paint (Non-RA),162.0,72.0,44.44444444444444,0.8888888888888888,54.166666666666664,18.99179366940211
Bennedict Mathurin,Left Corner 3,11.0,5.0,45.45454545454545,1.3636363636363635,100.0,1.2895662368112544
Bennedict Mathurin,Mid-Range,109.0,40.0,36.69724770642202,0.7339449541284404,52.5,12.778429073856975
Bennedict Mathurin,Restricted Area,294.0,181.0,61.564625850340136,1.2312925170068028,61.32596685082873,34.46658851113716
Bennedict Mathurin,Right Corner 3,34.0,13.0,38.23529411764706,1.1470588235294117,92.3076923076923,3.985932004689332
Bilal Coulibaly,Above the Break 3,168.0,44.0,26.19047619047619,0.7857142857142857,88.63636363636364,26.923076923076923
Bilal Coulibaly,In The Paint (Non-RA),140.0,45.0,32.142857142857146,0.6428571428571429,33.333333333333336,22.435897435897438
Bilal Coulibaly,Left Corner 3,35.0,12.0,34.285714285714285,1.0285714285714285,91.66666666666667,5.6089743589743595
Bilal Coulibaly,Mid-Range,62.0,16.0,25.806451612903224,0.5161290322580645,31.25,9.935897435897436
Bilal Coulibaly,Restricted Area,198.0,139.0,70.20202020202021,1.404040404040404,58.992805755395686,31.73076923076923
Bilal Coulibaly,Right Corner 3,21.0,7.0,33.333333333333336,1.0,100.0,3.3653846153846154
Bismack Biyombo,In The Paint (Non-RA),51.0,24.0,47.05882352941177,0.9411764705882353,91.66666666666667,44.73684210526316
Bismack Biyombo,Mid-Range,4.0,1.0,25.0,0.5,100.0,3.508771929824561
Bismack Biyombo,Restricted Area,59.0,42.0,71.1864406779661,1.423728813559322,71.42857142857143,51.75438596491229
Blake Wesley,Above the Break 3,37.0,10.0,27.027027027027028,0.8108108108108109,90.0,19.892473118279568
Blake Wesley,In The Paint (Non-RA),23.0,8.0,34.78260869565217,0.6956521739130435,50.0,12.365591397849462
Blake Wesley,Left Corner 3,8.0,3.0,37.5,1.125,100.0,4.301075268817205
Blake Wesley,Mid-Range,14.0,2.0,14.285714285714286,0.2857142857142857,50.0,7.526881720430108
Blake Wesley,Restricted Area,91.0,54.0,59.34065934065934,1.1868131868131868,68.51851851851852,48.924731182795696
Blake Wesley,Right Corner 3,13.0,4.0,30.76923076923077,0.9230769230769231,100.0,6.989247311827956
Bobby Portis,Above the Break 3,130.0,44.0,33.84615384615385,1.0153846153846153,95.45454545454545,21.84873949579832
Bobby Portis,In The Paint (Non-RA),119.0,57.0,47.89915966386555,0.957983193277311,45.6140350877193,20.0
Bobby Portis,Left Corner 3,20.0,8.0,40.0,1.2,100.0,3.361344537815126
Bobby Portis,Mid-Range,170.0,71.0,41.76470588235294,0.8352941176470589,52.11267605633803,28.57142857142857
Bobby Portis,Restricted Area,128.0,84.0,65.625,1.3125,55.95238095238095,21.51260504201681
Bobby Portis,Right Corner 3,28.0,13.0,46.42857142857143,1.3928571428571428,100.0,4.705882352941177
Bobi Klintman,Above the Break 3,3.0,1.0,33.333333333333336,1.0,100.0,30.0
Bobi Klintman,In The Paint (Non-RA),2.0,1.0,50.0,1.0,0.0,20.0
Bobi Klintman,Left Corner 3,1.0,0.0,0.0,0.0,,10.0
Bobi Klintman,Mid-Range,1.0,1.0,100.0,2.0,100.0,10.0
Bobi Klintman,Restricted Area,2.0,2.0,100.0,2.0,100.0,20.0
Bobi Klintman,Right Corner 3,1.0,1.0,100.0,3.0,100.0,10.0
Bogdan Bogdanović,Above the Break 3,226.0,82.0,36.283185840707965,1.0884955752212389,81.70731707317073,45.9349593495935
Bogdan Bogdanović,Backcourt,1.0,0.0,0.0,0.0,,0.20325203252032523
Bogdan Bogdanović,In The Paint (Non-RA),82.0,43.0,52.4390243902439,1.048780487804878,41.86046511627907,16.666666666666664
Bogdan Bogdanović,Left Corner 3,30.0,11.0,36.666666666666664,1.1,100.0,6.097560975609756
Bogdan Bogdanović,Mid-Range,53.0,25.0,47.16981132075472,0.9433962264150944,60.0,10.772357723577237
Bogdan Bogdanović,Restricted Area,68.0,37.0,54.411764705882355,1.088235294117647,59.45945945945946,13.821138211382115
Bogdan Bogdanović,Right Corner 3,32.0,12.0,37.5,1.125,91.66666666666667,6.504065040650407
Bol Bol,Above the Break 3,42.0,14.0,33.333333333333336,1.0,100.0,22.950819672131146
Bol Bol,In The Paint (Non-RA),31.0,22.0,70.96774193548387,1.4193548387096775,77.27272727272727,16.939890710382514
Bol Bol,Left Corner 3,26.0,9.0,34.61538461538461,1.0384615384615385,100.0,14.207650273224044
Bol Bol,Mid-Range,38.0,25.0,65.78947368421052,1.3157894736842106,100.0,20.76502732240437
Bol Bol,Restricted Area,21.0,17.0,80.95238095238095,1.619047619047619,70.58823529411765,11.475409836065573
Bol Bol,Right Corner 3,25.0,9.0,36.0,1.08,100.0,13.661202185792352
Bones Hyland,Above the Break 3,73.0,28.0,38.35616438356164,1.1506849315068493,35.714285714285715,61.86440677966102
Bones Hyland,Backcourt,1.0,0.0,0.0,0.0,,0.847457627118644
Bones Hyland,In The Paint (Non-RA),8.0,2.0,25.0,0.5,50.0,6.779661016949152
Bones Hyland,Left Corner 3,6.0,3.0,50.0,1.5,100.0,5.084745762711865
Bones Hyland,Mid-Range,13.0,5.0,38.46153846153846,0.7692307692307693,20.0,11.016949152542372
Bones Hyland,Restricted Area,15.0,8.0,53.333333333333336,1.0666666666666667,50.0,12.711864406779661
Bones Hyland,Right Corner 3,2.0,1.0,50.0,1.5,100.0,1.694915254237288
Bradley Beal,Above the Break 3,177.0,66.0,37.28813559322034,1.11864406779661,81.81818181818181,25.504322766570603
Bradley Beal,In The Paint (Non-RA),164.0,89.0,54.26829268292683,1.0853658536585367,51.68539325842696,23.631123919308358
Bradley Beal,Left Corner 3,50.0,23.0,46.0,1.38,95.65217391304348,7.204610951008646
Bradley Beal,Mid-Range,133.0,56.0,42.10526315789474,0.8421052631578947,50.0,19.164265129683
Bradley Beal,Restricted Area,133.0,98.0,73.6842105263158,1.4736842105263157,53.06122448979592,19.164265129683
Bradley Beal,Right Corner 3,37.0,13.0,35.13513513513514,1.054054054054054,100.0,5.3314121037463975
Branden Carlson,Above the Break 3,46.0,15.0,32.608695652173914,0.9782608695652174,100.0,47.42268041237113
Branden Carlson,In The Paint (Non-RA),10.0,6.0,60.0,1.2,66.66666666666667,10.309278350515463
Branden Carlson,Left Corner 3,9.0,2.0,22.22222222222222,0.6666666666666666,100.0,9.278350515463918
Branden Carlson,Mid-Range,3.0,1.0,33.333333333333336,0.6666666666666666,100.0,3.0927835051546393
Branden Carlson,Restricted Area,18.0,14.0,77.77777777777777,1.5555555555555556,42.857142857142854,18.556701030927837
Branden Carlson,Right Corner 3,11.0,5.0,45.45454545454545,1.3636363636363635,100.0,11.34020618556701
Brandin Podziemski,Above the Break 3,250.0,93.0,37.2,1.116,81.72043010752688,39.7456279809221
Brandin Podziemski,Backcourt,4.0,0.0,0.0,0.0,,0.6359300476947536
Brandin Podziemski,In The Paint (Non-RA),139.0,65.0,46.76258992805755,0.935251798561151,53.84615384615385,22.098569157392685
Brandin Podziemski,Left Corner 3,33.0,18.0,54.54545454545455,1.6363636363636365,100.0,5.246422893481717
Brandin Podziemski,Mid-Range,80.0,33.0,41.25,0.825,57.57575757575758,12.71860095389507
Brandin Podziemski,Restricted Area,101.0,67.0,66.33663366336634,1.3267326732673268,55.223880597014926,16.05723370429253
Brandin Podziemski,Right Corner 3,22.0,4.0,18.181818181818183,0.5454545454545454,75.0,3.4976152623211445
Brandon Boston,Above the Break 3,108.0,39.0,36.111111111111114,1.0833333333333333,84.61538461538461,28.346456692913385
Brandon Boston,In The Paint (Non-RA),60.0,17.0,28.333333333333332,0.5666666666666667,41.1764705882353,15.748031496062993
Brandon Boston,Left Corner 3,12.0,3.0,25.0,0.75,100.0,3.149606299212598
Brandon Boston,Mid-Range,78.0,36.0,46.15384615384615,0.9230769230769231,36.111111111111114,20.47244094488189
Brandon Boston,Restricted Area,103.0,64.0,62.13592233009709,1.2427184466019416,60.9375,27.034120734908136
Brandon Boston,Right Corner 3,20.0,7.0,35.0,1.05,85.71428571428571,5.2493438320209975
Brandon Clarke,Above the Break 3,3.0,0.0,0.0,0.0,,0.7894736842105263
Brandon Clarke,In The Paint (Non-RA),160.0,76.0,47.5,0.95,88.15789473684211,42.10526315789473
Brandon Clarke,Left Corner 3,9.0,0.0,0.0,0.0,,2.368421052631579
Brandon Clarke,Mid-Range,16.0,8.0,50.0,1.0,100.0,4.2105263157894735
Brandon Clarke,Restricted Area,187.0,151.0,80.74866310160428,1.6149732620320856,68.87417218543047,49.21052631578947
Brandon Clarke,Right Corner 3,5.0,1.0,20.0,0.6,100.0,1.3157894736842104
Brandon Ingram,Above the Break 3,104.0,40.0,38.46153846153846,1.1538461538461537,82.5,31.23123123123123
Brandon Ingram,In The Paint (Non-RA),64.0,28.0,43.75,0.875,21.428571428571427,19.21921921921922
Brandon Ingram,Left Corner 3,6.0,2.0,33.333333333333336,1.0,100.0,1.8018018018018018
Brandon Ingram,Mid-Range,101.0,46.0,45.54455445544554,0.9108910891089109,45.65217391304348,30.33033033033033
Brandon Ingram,Restricted Area,53.0,38.0,71.69811320754717,1.4339622641509433,47.36842105263158,15.915915915915916
Brandon Ingram,Right Corner 3,5.0,1.0,20.0,0.6,100.0,1.5015015015015014
Brandon Miller,Above the Break 3,263.0,96.0,36.50190114068441,1.0950570342205324,79.16666666666667,53.56415478615071
Brandon Miller,Backcourt,4.0,0.0,0.0,0.0,,0.8146639511201629
Brandon Miller,In The Paint (Non-RA),90.0,37.0,41.111111111111114,0.8222222222222222,45.945945945945944,18.329938900203665
Brandon Miller,Left Corner 3,20.0,5.0,25.0,0.75,100.0,4.0733197556008145
Brandon Miller,Mid-Range,43.0,13.0,30.232558139534884,0.6046511627906976,61.53846153846154,8.757637474541752
Brandon Miller,Restricted Area,65.0,44.0,67.6923076923077,1.353846153846154,52.27272727272727,13.238289205702646
Brandon Miller,Right Corner 3,6.0,3.0,50.0,1.5,100.0,1.2219959266802443
Brandon Williams,Above the Break 3,45.0,18.0,40.0,1.2,77.77777777777777,23.93617021276596
Brandon Williams,Backcourt,2.0,0.0,0.0,0.0,,1.0638297872340425
Brandon Williams,In The Paint (Non-RA),33.0,15.0,45.45454545454545,0.9090909090909091,26.666666666666668,17.5531914893617
Brandon Williams,Left Corner 3,5.0,2.0,40.0,1.2,100.0,2.6595744680851063
Brandon Williams,Mid-Range,15.0,8.0,53.333333333333336,1.0666666666666667,37.5,7.9787234042553195
Brandon Williams,Restricted Area,80.0,51.0,63.75,1.275,29.41176470588235,42.5531914893617
Brandon Williams,Right Corner 3,8.0,4.0,50.0,1.5,100.0,4.25531914893617
Braxton Key,Above the Break 3,1.0,0.0,0.0,0.0,,25.0
Braxton Key,In The Paint (Non-RA),1.0,0.0,0.0,0.0,,25.0
Braxton Key,Mid-Range,1.0,0.0,0.0,0.0,,25.0
Braxton Key,Restricted Area,1.0,0.0,0.0,0.0,,25.0
Brice Sensabaugh,Above the Break 3,250.0,96.0,38.4,1.152,81.25,41.736227045075125
Brice Sensabaugh,Backcourt,1.0,0.0,0.0,0.0,,0.1669449081803005
Brice Sensabaugh,In The Paint (Non-RA),113.0,55.0,48.67256637168141,0.9734513274336283,61.81818181818182,18.864774624373958
Brice Sensabaugh,Left Corner 3,66.0,33.0,50.0,1.5,90.9090909090909,11.018363939899833
Brice Sensabaugh,Mid-Range,52.0,24.0,46.15384615384615,0.9230769230769231,70.83333333333333,8.681135225375627
Brice Sensabaugh,Restricted Area,62.0,39.0,62.903225806451616,1.2580645161290323,46.15384615384615,10.35058430717863
Brice Sensabaugh,Right Corner 3,55.0,28.0,50.90909090909091,1.5272727272727273,96.42857142857143,9.181969949916526
Bronny James,Above the Break 3,24.0,7.0,29.166666666666668,0.875,71.42857142857143,35.82089552238806
Bronny James,In The Paint (Non-RA),21.0,5.0,23.80952380952381,0.47619047619047616,80.0,31.343283582089555
Bronny James,Left Corner 3,4.0,1.0,25.0,0.75,100.0,5.970149253731343
Bronny James,Mid-Range,7.0,2.0,28.571428571428573,0.5714285714285714,50.0,10.44776119402985
Bronny James,Restricted Area,7.0,5.0,71.42857142857143,1.4285714285714286,20.0,10.44776119402985
Bronny James,Right Corner 3,4.0,1.0,25.0,0.75,100.0,5.970149253731343
Brook Lopez,Above the Break 3,334.0,117.0,35.02994011976048,1.0508982035928143,99.14529914529915,43.15245478036176
Brook Lopez,In The Paint (Non-RA),140.0,72.0,51.42857142857143,1.0285714285714285,81.94444444444444,18.087855297157624
Brook Lopez,Left Corner 3,16.0,7.0,43.75,1.3125,100.0,2.0671834625323
Brook Lopez,Mid-Range,62.0,28.0,45.16129032258065,0.9032258064516129,82.14285714285714,8.010335917312661
Brook Lopez,Restricted Area,199.0,155.0,77.8894472361809,1.5577889447236182,69.6774193548387,25.710594315245476
Brook Lopez,Right Corner 3,23.0,15.0,65.21739130434783,1.9565217391304348,93.33333333333333,2.9715762273901807
Bruce Brown,Above the Break 3,38.0,10.0,26.31578947368421,0.7894736842105263,90.0,12.297734627831716
Bruce Brown,Backcourt,1.0,0.0,0.0,0.0,,0.3236245954692557
Bruce Brown,In The Paint (Non-RA),103.0,32.0,31.067961165048544,0.6213592233009708,59.375,33.33333333333333
Bruce Brown,Left Corner 3,6.0,1.0,16.666666666666668,0.5,100.0,1.9417475728155338
Bruce Brown,Mid-Range,26.0,10.0,38.46153846153846,0.7692307692307693,60.0,8.414239482200648
Bruce Brown,Restricted Area,99.0,61.0,61.61616161616162,1.2323232323232323,68.85245901639344,32.038834951456316
Bruce Brown,Right Corner 3,36.0,16.0,44.44444444444444,1.3333333333333333,100.0,11.650485436893204
Bruno Fernando,In The Paint (Non-RA),11.0,4.0,36.36363636363637,0.7272727272727273,100.0,22.448979591836736
Bruno Fernando,Mid-Range,4.0,0.0,0.0,0.0,,8.16326530612245
Bruno Fernando,Restricted Area,34.0,22.0,64.70588235294117,1.2941176470588236,59.09090909090909,69.38775510204081
Bryce McGowens,Above the Break 3,3.0,0.0,0.0,0.0,,21.428571428571427
Bryce McGowens,In The Paint (Non-RA),7.0,2.0,28.571428571428573,0.5714285714285714,100.0,50.0
Bryce McGowens,Mid-Range,1.0,0.0,0.0,0.0,,7.142857142857142
Bryce McGowens,Restricted Area,2.0,2.0,100.0,2.0,50.0,14.285714285714285
Bryce McGowens,Right Corner 3,1.0,0.0,0.0,0.0,,7.142857142857142
Bub Carrington,Above the Break 3,343.0,117.0,34.11078717201166,1.0233236151603498,60.68376068376068,45.855614973262036
Bub Carrington,Backcourt,1.0,0.0,0.0,0.0,,0.1336898395721925
Bub Carrington,In The Paint (Non-RA),106.0,45.0,42.45283018867924,0.8490566037735849,31.11111111111111,14.171122994652407
Bub Carrington,Left Corner 3,18.0,6.0,33.333333333333336,1.0,100.0,2.406417112299465
Bub Carrington,Mid-Range,143.0,68.0,47.55244755244755,0.951048951048951,45.588235294117645,19.11764705882353
Bub Carrington,Restricted Area,92.0,49.0,53.26086956521739,1.065217391304348,67.34693877551021,12.299465240641712
Bub Carrington,Right Corner 3,45.0,15.0,33.333333333333336,1.0,100.0,6.016042780748663
Buddy Hield,Above the Break 3,413.0,151.0,36.56174334140436,1.0968523002421307,91.3907284768212,52.54452926208651
Buddy Hield,Backcourt,1.0,0.0,0.0,0.0,,0.1272264631043257
Buddy Hield,In The Paint (Non-RA),72.0,34.0,47.22222222222222,0.9444444444444444,55.88235294117647,9.16030534351145
Buddy Hield,Left Corner 3,81.0,27.0,33.333333333333336,1.0,96.29629629629629,10.305343511450381
Buddy Hield,Mid-Range,53.0,18.0,33.9622641509434,0.6792452830188679,50.0,6.743002544529262
Buddy Hield,Restricted Area,112.0,73.0,65.17857142857143,1.3035714285714286,67.12328767123287,14.249363867684478
Buddy Hield,Right Corner 3,54.0,25.0,46.2962962962963,1.3888888888888888,100.0,6.870229007633588
CJ McCollum,Above the Break 3,391.0,147.0,37.59590792838875,1.1278772378516624,70.74829931972789,39.1
CJ McCollum,In The Paint (Non-RA),219.0,101.0,46.118721461187214,0.9223744292237442,45.54455445544554,21.9
CJ McCollum,Left Corner 3,27.0,13.0,48.148148148148145,1.4444444444444444,92.3076923076923,2.7
CJ McCollum,Mid-Range,135.0,56.0,41.48148148148148,0.8296296296296296,53.57142857142857,13.5
CJ McCollum,Restricted Area,187.0,116.0,62.032085561497325,1.2406417112299466,38.793103448275865,18.7
CJ McCollum,Right Corner 3,41.0,11.0,26.829268292682926,0.8048780487804879,90.9090909090909,4.1000000000000005
Cade Cunningham,Above the Break 3,394.0,142.0,36.04060913705584,1.0786802030456852,54.225352112676056,27.04186684969115
Cade Cunningham,Backcourt,4.0,0.0,0.0,0.0,,0.27453671928620454
Cade Cunningham,In The Paint (Non-RA),483.0,241.0,49.89648033126294,0.9979296066252588,16.597510373443985,33.15030885380919
Cade Cunningham,Left Corner 3,12.0,4.0,33.333333333333336,1.0,100.0,0.8236101578586137
Cade Cunningham,Mid-Range,191.0,86.0,45.026178010471206,0.900523560209424,31.3953488372093,13.109128345916265
Cade Cunningham,Restricted Area,364.0,207.0,56.86813186813187,1.1373626373626373,26.570048309178745,24.982841455044614
Cade Cunningham,Right Corner 3,9.0,4.0,44.44444444444444,1.3333333333333333,100.0,0.6177076183939602
Caleb Houstan,Above the Break 3,104.0,46.0,44.23076923076923,1.3269230769230769,97.82608695652173,54.736842105263165
Caleb Houstan,In The Paint (Non-RA),8.0,6.0,75.0,1.5,100.0,4.2105263157894735
Caleb Houstan,Left Corner 3,33.0,11.0,33.333333333333336,1.0,100.0,17.36842105263158
Caleb Houstan,Mid-Range,11.0,4.0,36.36363636363637,0.7272727272727273,100.0,5.7894736842105265
Caleb Houstan,Restricted Area,11.0,6.0,54.54545454545455,1.0909090909090908,83.33333333333333,5.7894736842105265
Caleb Houstan,Right Corner 3,23.0,7.0,30.434782608695652,0.9130434782608695,100.0,12.105263157894736
Caleb Martin,Above the Break 3,57.0,16.0,28.07017543859649,0.8421052631578947,100.0,18.75
Caleb Martin,Backcourt,2.0,0.0,0.0,0.0,,0.6578947368421052
Caleb Martin,In The Paint (Non-RA),54.0,19.0,35.18518518518518,0.7037037037037037,36.8421052631579,17.763157894736842
Caleb Martin,Left Corner 3,19.0,10.0,52.63157894736842,1.5789473684210527,90.0,6.25
Caleb Martin,Mid-Range,61.0,23.0,37.704918032786885,0.7540983606557377,52.17391304347826,20.065789473684212
Caleb Martin,Restricted Area,86.0,50.0,58.13953488372093,1.1627906976744187,42.0,28.289473684210524
Caleb Martin,Right Corner 3,25.0,11.0,44.0,1.32,100.0,8.223684210526317
Cam Christie,Above the Break 3,10.0,2.0,20.0,0.6,100.0,41.66666666666667
Cam Christie,In The Paint (Non-RA),2.0,1.0,50.0,1.0,100.0,8.333333333333332
Cam Christie,Left Corner 3,3.0,0.0,0.0,0.0,,12.5
Cam Christie,Mid-Range,1.0,0.0,0.0,0.0,,4.166666666666666
Cam Christie,Restricted Area,8.0,4.0,50.0,1.0,50.0,33.33333333333333
Cam Reddish,Above the Break 3,24.0,6.0,25.0,0.75,100.0,25.53191489361702
Cam Reddish,In The Paint (Non-RA),14.0,4.0,28.571428571428573,0.5714285714285714,25.0,14.893617021276595
Cam Reddish,Left Corner 3,14.0,5.0,35.714285714285715,1.0714285714285714,100.0,14.893617021276595
Cam Reddish,Mid-Range,3.0,1.0,33.333333333333336,0.6666666666666666,100.0,3.1914893617021276
Cam Reddish,Restricted Area,30.0,20.0,66.66666666666667,1.3333333333333333,55.0,31.914893617021278
Cam Reddish,Right Corner 3,9.0,2.0,22.22222222222222,0.6666666666666666,100.0,9.574468085106384
Cam Spencer,Above the Break 3,47.0,17.0,36.170212765957444,1.0851063829787233,94.11764705882354,57.3170731707317
Cam Spencer,In The Paint (Non-RA),12.0,6.0,50.0,1.0,100.0,14.634146341463413
Cam Spencer,Left Corner 3,5.0,2.0,40.0,1.2,100.0,6.097560975609756
Cam Spencer,Mid-Range,8.0,3.0,37.5,0.75,66.66666666666667,9.75609756097561
Cam Spencer,Restricted Area,9.0,6.0,66.66666666666667,1.3333333333333333,83.33333333333333,10.975609756097562
Cam Spencer,Right Corner 3,1.0,0.0,0.0,0.0,,1.2195121951219512
Cam Thomas,Above the Break 3,170.0,62.0,36.470588235294116,1.0941176470588236,51.61290322580645,37.44493392070485
Cam Thomas,Backcourt,1.0,0.0,0.0,0.0,,0.22026431718061676
Cam Thomas,In The Paint (Non-RA),93.0,43.0,46.236559139784944,0.9247311827956989,41.86046511627907,20.484581497797357
Cam Thomas,Left Corner 3,16.0,4.0,25.0,0.75,75.0,3.524229074889868
Cam Thomas,Mid-Range,86.0,42.0,48.83720930232558,0.9767441860465116,52.38095238095238,18.94273127753304
Cam Thomas,Restricted Area,80.0,46.0,57.5,1.15,47.82608695652174,17.62114537444934
Cam Thomas,Right Corner 3,8.0,2.0,25.0,0.75,100.0,1.762114537444934
Cam Whitmore,Above the Break 3,141.0,48.0,34.04255319148936,1.0212765957446808,70.83333333333333,34.98759305210918
Cam Whitmore,In The Paint (Non-RA),66.0,23.0,34.84848484848485,0.696969696969697,21.73913043478261,16.377171215880892
Cam Whitmore,Left Corner 3,21.0,8.0,38.095238095238095,1.1428571428571428,100.0,5.2109181141439205
Cam Whitmore,Mid-Range,32.0,14.0,43.75,0.875,42.857142857142854,7.94044665012407
Cam Whitmore,Restricted Area,122.0,77.0,63.114754098360656,1.2622950819672132,57.142857142857146,30.272952853598017
Cam Whitmore,Right Corner 3,21.0,9.0,42.857142857142854,1.2857142857142858,100.0,5.2109181141439205
Cameron Johnson,Above the Break 3,315.0,119.0,37.77777777777778,1.1333333333333333,87.39495798319328,42.168674698795186
Cameron Johnson,In The Paint (Non-RA),92.0,43.0,46.73913043478261,0.9347826086956522,39.53488372093023,12.315930388219545
Cameron Johnson,Left Corner 3,54.0,22.0,40.74074074074074,1.2222222222222223,100.0,7.228915662650602
Cameron Johnson,Mid-Range,79.0,33.0,41.77215189873418,0.8354430379746836,42.42424242424242,10.575635876840696
Cameron Johnson,Restricted Area,168.0,120.0,71.42857142857143,1.4285714285714286,65.0,22.48995983935743
Cameron Johnson,Right Corner 3,39.0,18.0,46.15384615384615,1.3846153846153846,100.0,5.220883534136546
Cameron Payne,Above the Break 3,228.0,84.0,36.8421052631579,1.105263157894737,61.904761904761905,51.12107623318386
Cameron Payne,In The Paint (Non-RA),86.0,41.0,47.674418604651166,0.9534883720930233,34.146341463414636,19.282511210762333
Cameron Payne,Left Corner 3,11.0,4.0,36.36363636363637,1.0909090909090908,100.0,2.4663677130044843
Cameron Payne,Mid-Range,28.0,9.0,32.142857142857146,0.6428571428571429,33.333333333333336,6.278026905829597
Cameron Payne,Restricted Area,76.0,36.0,47.36842105263158,0.9473684210526315,25.0,17.040358744394617
Cameron Payne,Right Corner 3,17.0,5.0,29.41176470588235,0.8823529411764706,80.0,3.811659192825112
Caris LeVert,Above the Break 3,194.0,68.0,35.05154639175258,1.0515463917525774,70.58823529411765,32.38731218697829
Caris LeVert,In The Paint (Non-RA),90.0,40.0,44.44444444444444,0.8888888888888888,50.0,15.025041736227045
Caris LeVert,Left Corner 3,46.0,20.0,43.47826086956522,1.3043478260869565,100.0,7.6794657762938225
Caris LeVert,Mid-Range,30.0,8.0,26.666666666666668,0.5333333333333333,37.5,5.008347245409015
Caris LeVert,Restricted Area,195.0,126.0,64.61538461538461,1.2923076923076924,70.63492063492063,32.5542570951586
Caris LeVert,Right Corner 3,44.0,18.0,40.90909090909091,1.2272727272727273,88.88888888888889,7.345575959933222
Cason Wallace,Above the Break 3,112.0,42.0,37.5,1.125,97.61904761904762,22.903885480572598
Cason Wallace,In The Paint (Non-RA),97.0,45.0,46.391752577319586,0.9278350515463918,48.888888888888886,19.836400817995912
Cason Wallace,Left Corner 3,58.0,19.0,32.758620689655174,0.9827586206896551,100.0,11.860940695296524
Cason Wallace,Mid-Range,23.0,7.0,30.434782608695652,0.6086956521739131,42.857142857142854,4.703476482617587
Cason Wallace,Restricted Area,161.0,106.0,65.83850931677019,1.3167701863354038,60.37735849056604,32.92433537832311
Cason Wallace,Right Corner 3,38.0,13.0,34.21052631578947,1.0263157894736843,100.0,7.770961145194274
Charles Bassey,In The Paint (Non-RA),32.0,17.0,53.125,1.0625,82.3529411764706,27.350427350427353
Charles Bassey,Mid-Range,4.0,1.0,25.0,0.5,100.0,3.418803418803419
Charles Bassey,Restricted Area,81.0,50.0,61.72839506172839,1.2345679012345678,76.0,69.23076923076923
Chet Holmgren,Above the Break 3,95.0,35.0,36.8421052631579,1.105263157894737,100.0,27.859237536656888
Chet Holmgren,Backcourt,1.0,0.0,0.0,0.0,,0.2932551319648094
Chet Holmgren,In The Paint (Non-RA),76.0,27.0,35.526315789473685,0.7105263157894737,62.96296296296296,22.28739002932551
Chet Holmgren,Left Corner 3,13.0,6.0,46.15384615384615,1.3846153846153846,100.0,3.812316715542522
Chet Holmgren,Mid-Range,27.0,8.0,29.62962962962963,0.5925925925925926,100.0,7.9178885630498534
Chet Holmgren,Restricted Area,122.0,88.0,72.1311475409836,1.4426229508196722,61.36363636363637,35.77712609970675
Chet Holmgren,Right Corner 3,7.0,3.0,42.857142857142854,1.2857142857142858,100.0,2.0527859237536656
Chris Boucher,Above the Break 3,106.0,36.0,33.9622641509434,1.0188679245283019,97.22222222222223,28.64864864864865
Chris Boucher,In The Paint (Non-RA),40.0,17.0,42.5,0.85,82.3529411764706,10.81081081081081
Chris Boucher,Left Corner 3,38.0,16.0,42.10526315789474,1.263157894736842,100.0,10.27027027027027
Chris Boucher,Mid-Range,18.0,9.0,50.0,1.0,55.55555555555556,4.864864864864865
Chris Boucher,Restricted Area,119.0,86.0,72.26890756302521,1.4453781512605042,61.627906976744185,32.16216216216216
Chris Boucher,Right Corner 3,49.0,18.0,36.734693877551024,1.1020408163265305,100.0,13.243243243243244
Chris Duarte,Above the Break 3,13.0,4.0,30.76923076923077,0.9230769230769231,50.0,50.0
Chris Duarte,In The Paint (Non-RA),3.0,2.0,66.66666666666667,1.3333333333333333,100.0,11.538461538461538
Chris Duarte,Left Corner 3,1.0,1.0,100.0,3.0,100.0,3.8461538461538463
Chris Duarte,Mid-Range,1.0,1.0,100.0,3.0,100.0,3.8461538461538463
Chris Duarte,Restricted Area,8.0,4.0,50.0,1.0,50.0,30.76923076923077
Chris Livingston,Above the Break 3,5.0,0.0,0.0,0.0,,18.51851851851852
Chris Livingston,In The Paint (Non-RA),5.0,1.0,20.0,0.4,100.0,18.51851851851852
Chris Livingston,Restricted Area,14.0,8.0,57.142857142857146,1.1428571428571428,50.0,51.85185185185185
Chris Livingston,Right Corner 3,3.0,0.0,0.0,0.0,,11.11111111111111
Chris Paul,Above the Break 3,320.0,123.0,38.4375,1.153125,44.71544715447155,54.8885077186964
Chris Paul,Backcourt,2.0,0.0,0.0,0.0,,0.34305317324185247
Chris Paul,In The Paint (Non-RA),65.0,34.0,52.30769230769231,1.0461538461538462,23.529411764705884,11.149228130360205
Chris Paul,Left Corner 3,24.0,7.0,29.166666666666668,0.875,85.71428571428571,4.1166380789022305
Chris Paul,Mid-Range,130.0,61.0,46.92307692307692,0.9384615384615385,18.0327868852459,22.29845626072041
Chris Paul,Restricted Area,17.0,14.0,82.3529411764706,1.6470588235294117,35.714285714285715,2.9159519725557463
Chris Paul,Right Corner 3,25.0,10.0,40.0,1.2,80.0,4.288164665523156
Christian Braun,Above the Break 3,149.0,63.0,42.281879194630875,1.2684563758389262,85.71428571428571,18.148599269183922
Christian Braun,Backcourt,1.0,0.0,0.0,0.0,,0.12180267965895249
Christian Braun,In The Paint (Non-RA),130.0,65.0,50.0,1.0,69.23076923076923,15.834348355663824
Christian Braun,Left Corner 3,46.0,20.0,43.47826086956522,1.3043478260869565,95.0,5.602923264311815
Christian Braun,Mid-Range,39.0,16.0,41.02564102564103,0.8205128205128205,62.5,4.750304506699147
Christian Braun,Restricted Area,428.0,306.0,71.49532710280374,1.4299065420560748,78.43137254901961,52.131546894031665
Christian Braun,Right Corner 3,28.0,6.0,21.428571428571427,0.6428571428571429,100.0,3.41047503045067
Christian Koloko,Above the Break 3,2.0,0.0,0.0,0.0,,3.0303030303030303
Christian Koloko,In The Paint (Non-RA),10.0,3.0,30.0,0.6,66.66666666666667,15.151515151515152
Christian Koloko,Left Corner 3,2.0,0.0,0.0,0.0,,3.0303030303030303
Christian Koloko,Mid-Range,3.0,2.0,66.66666666666667,1.3333333333333333,0.0,4.545454545454546
Christian Koloko,Restricted Area,49.0,35.0,71.42857142857143,1.4285714285714286,88.57142857142857,74.24242424242425
Chuma Okeke,Above the Break 3,15.0,5.0,33.333333333333336,1.0,100.0,37.5
Chuma Okeke,Left Corner 3,5.0,3.0,60.0,1.8,100.0,12.5
Chuma Okeke,Restricted Area,12.0,9.0,75.0,1.5,44.44444444444444,30.0
Chuma Okeke,Right Corner 3,8.0,3.0,37.5,1.125,100.0,20.0
Clint Capela,Above the Break 3,1.0,0.0,0.0,0.0,,0.2564102564102564
Clint Capela,In The Paint (Non-RA),109.0,43.0,39.44954128440367,0.7889908256880734,93.02325581395348,27.94871794871795
Clint Capela,Mid-Range,4.0,2.0,50.0,1.0,100.0,1.0256410256410255
Clint Capela,Restricted Area,276.0,173.0,62.68115942028985,1.2536231884057971,73.41040462427746,70.76923076923077
Coby White,Above the Break 3,495.0,185.0,37.37373737373738,1.121212121212121,72.43243243243244,44.157002676181975
Coby White,Backcourt,8.0,0.0,0.0,0.0,,0.7136485280999109
Coby White,In The Paint (Non-RA),157.0,72.0,45.859872611464965,0.9171974522292994,27.77777777777778,14.00535236396075
Coby White,Left Corner 3,54.0,23.0,42.592592592592595,1.2777777777777777,95.65217391304348,4.817127564674398
Coby White,Mid-Range,91.0,35.0,38.46153846153846,0.7692307692307693,20.0,8.117752007136485
Coby White,Restricted Area,289.0,185.0,64.01384083044982,1.2802768166089966,38.37837837837838,25.780553077609277
Coby White,Right Corner 3,27.0,8.0,29.62962962962963,0.8888888888888888,100.0,2.408563782337199
Cody Martin,Above the Break 3,70.0,20.0,28.571428571428573,0.8571428571428571,95.0,21.53846153846154
Cody Martin,In The Paint (Non-RA),36.0,11.0,30.555555555555557,0.6111111111111112,54.54545454545455,11.076923076923077
Cody Martin,Left Corner 3,41.0,14.0,34.146341463414636,1.024390243902439,92.85714285714286,12.615384615384615
Cody Martin,Mid-Range,45.0,18.0,40.0,0.8,55.55555555555556,13.846153846153847
Cody Martin,Restricted Area,93.0,64.0,68.81720430107526,1.3763440860215055,60.9375,28.615384615384613
Cody Martin,Right Corner 3,40.0,9.0,22.5,0.675,100.0,12.307692307692308
Cody Williams,Above the Break 3,55.0,15.0,27.272727272727273,0.8181818181818182,100.0,21.40077821011673
Cody Williams,In The Paint (Non-RA),64.0,25.0,39.0625,0.78125,52.0,24.90272373540856
Cody Williams,Left Corner 3,44.0,14.0,31.818181818181817,0.9545454545454546,100.0,17.120622568093385
Cody Williams,Mid-Range,22.0,5.0,22.727272727272727,0.45454545454545453,40.0,8.560311284046692
Cody Williams,Restricted Area,36.0,18.0,50.0,1.0,66.66666666666667,14.007782101167315
Cody Williams,Right Corner 3,36.0,6.0,16.666666666666668,0.5,100.0,14.007782101167315
Colby Jones,Above the Break 3,36.0,12.0,33.333333333333336,1.0,91.66666666666667,27.906976744186046
Colby Jones,In The Paint (Non-RA),33.0,15.0,45.45454545454545,0.9090909090909091,60.0,25.581395348837212
Colby Jones,Left Corner 3,7.0,3.0,42.857142857142854,1.2857142857142858,100.0,5.426356589147287
Colby Jones,Mid-Range,16.0,6.0,37.5,0.75,50.0,12.4031007751938
Colby Jones,Restricted Area,31.0,22.0,70.96774193548387,1.4193548387096775,54.54545454545455,24.031007751937985
Colby Jones,Right Corner 3,6.0,1.0,16.666666666666668,0.5,100.0,4.651162790697675
Cole Anthony,Above the Break 3,182.0,62.0,34.065934065934066,1.021978021978022,72.58064516129032,33.51749539594843
Cole Anthony,Backcourt,2.0,0.0,0.0,0.0,,0.3683241252302026
Cole Anthony,In The Paint (Non-RA),143.0,63.0,44.05594405594405,0.8811188811188811,23.80952380952381,26.335174953959484
Cole Anthony,Left Corner 3,23.0,9.0,39.130434782608695,1.173913043478261,88.88888888888889,4.23572744014733
Cole Anthony,Mid-Range,82.0,29.0,35.36585365853659,0.7073170731707317,31.03448275862069,15.101289134438305
Cole Anthony,Restricted Area,100.0,61.0,61.0,1.22,26.229508196721312,18.41620626151013
Cole Anthony,Right Corner 3,11.0,6.0,54.54545454545455,1.6363636363636365,100.0,2.0257826887661143
Cole Swider,Above the Break 3,27.0,8.0,29.62962962962963,0.8888888888888888,100.0,42.857142857142854
Cole Swider,In The Paint (Non-RA),2.0,1.0,50.0,1.0,100.0,3.1746031746031744
Cole Swider,Left Corner 3,13.0,5.0,38.46153846153846,1.1538461538461537,100.0,20.634920634920633
Cole Swider,Mid-Range,9.0,5.0,55.55555555555556,1.1111111111111112,60.0,14.285714285714285
Cole Swider,Restricted Area,5.0,1.0,20.0,0.4,100.0,7.936507936507936
Cole Swider,Right Corner 3,7.0,2.0,28.571428571428573,0.8571428571428571,100.0,11.11111111111111
Colin Castleton,Above the Break 3,5.0,0.0,0.0,0.0,,5.1020408163265305
Colin Castleton,In The Paint (Non-RA),42.0,17.0,40.476190476190474,0.8095238095238095,88.23529411764706,42.857142857142854
Colin Castleton,Left Corner 3,5.0,0.0,0.0,0.0,,5.1020408163265305
Colin Castleton,Mid-Range,1.0,0.0,0.0,0.0,,1.0204081632653061
Colin Castleton,Restricted Area,39.0,27.0,69.23076923076923,1.3846153846153846,55.55555555555556,39.795918367346935
Colin Castleton,Right Corner 3,6.0,2.0,33.333333333333336,1.0,100.0,6.122448979591836
Collin Gillespie,Above the Break 3,67.0,28.0,41.791044776119406,1.2537313432835822,75.0,42.405063291139236
Collin Gillespie,Backcourt,2.0,0.0,0.0,0.0,,1.2658227848101267
Collin Gillespie,In The Paint (Non-RA),32.0,12.0,37.5,0.75,25.0,20.253164556962027
Collin Gillespie,Left Corner 3,13.0,7.0,53.84615384615385,1.6153846153846154,85.71428571428571,8.227848101265822
Collin Gillespie,Mid-Range,11.0,5.0,45.45454545454545,0.9090909090909091,20.0,6.962025316455696
Collin Gillespie,Restricted Area,25.0,12.0,48.0,0.96,33.333333333333336,15.822784810126583
Collin Gillespie,Right Corner 3,8.0,4.0,50.0,1.5,100.0,5.063291139240507
Collin Sexton,Above the Break 3,209.0,82.0,39.23444976076555,1.1770334928229664,62.19512195121951,24.106113033448672
Collin Sexton,Backcourt,1.0,0.0,0.0,0.0,,0.11534025374855825
Collin Sexton,In The Paint (Non-RA),314.0,158.0,50.318471337579616,1.0063694267515924,39.87341772151899,36.21683967704729
Collin Sexton,Left Corner 3,33.0,15.0,45.45454545454545,1.3636363636363635,86.66666666666667,3.8062283737024223
Collin Sexton,Mid-Range,102.0,36.0,35.294117647058826,0.7058823529411765,30.555555555555557,11.76470588235294
Collin Sexton,Restricted Area,180.0,112.0,62.22222222222222,1.2444444444444445,35.714285714285715,20.761245674740483
Collin Sexton,Right Corner 3,28.0,13.0,46.42857142857143,1.3928571428571428,84.61538461538461,3.229527104959631
Corey Kispert,Above the Break 3,268.0,99.0,36.940298507462686,1.1082089552238805,94.94949494949495,47.43362831858407
Corey Kispert,Backcourt,5.0,0.0,0.0,0.0,,0.8849557522123894
Corey Kispert,In The Paint (Non-RA),89.0,42.0,47.19101123595506,0.9438202247191011,80.95238095238095,15.752212389380531
Corey Kispert,Left Corner 3,28.0,11.0,39.285714285714285,1.1785714285714286,90.9090909090909,4.95575221238938
Corey Kispert,Mid-Range,13.0,2.0,15.384615384615385,0.3076923076923077,100.0,2.3008849557522124
Corey Kispert,Restricted Area,133.0,91.0,68.42105263157895,1.368421052631579,78.02197802197803,23.53982300884956
Corey Kispert,Right Corner 3,29.0,10.0,34.48275862068966,1.0344827586206897,90.0,5.132743362831858
Cory Joseph,Above the Break 3,81.0,30.0,37.03703703703704,1.1111111111111112,83.33333333333333,52.5974025974026
Cory Joseph,Backcourt,1.0,0.0,0.0,0.0,,0.6493506493506493
Cory Joseph,In The Paint (Non-RA),15.0,7.0,46.666666666666664,0.9333333333333333,57.142857142857146,9.740259740259742
Cory Joseph,Left Corner 3,9.0,4.0,44.44444444444444,1.3333333333333333,100.0,5.844155844155844
Cory Joseph,Mid-Range,12.0,6.0,50.0,1.0,33.333333333333336,7.792207792207792
Cory Joseph,Restricted Area,20.0,10.0,50.0,1.0,30.0,12.987012987012985
Cory Joseph,Right Corner 3,16.0,5.0,31.25,0.9375,100.0,10.38961038961039
Craig Porter Jr.,Above the Break 3,33.0,15.0,45.45454545454545,1.3636363636363635,66.66666666666667,23.57142857142857
Craig Porter Jr.,Backcourt,2.0,1.0,50.0,1.5,100.0,1.4285714285714286
Craig Porter Jr.,In The Paint (Non-RA),24.0,11.0,45.833333333333336,0.9166666666666666,27.272727272727273,17.142857142857142
Craig Porter Jr.,Left Corner 3,7.0,2.0,28.571428571428573,0.8571428571428571,100.0,5.0
Craig Porter Jr.,Mid-Range,12.0,3.0,25.0,0.5,66.66666666666667,8.571428571428571
Craig Porter Jr.,Restricted Area,56.0,37.0,66.07142857142857,1.3214285714285714,59.45945945945946,40.0
Craig Porter Jr.,Right Corner 3,6.0,3.0,50.0,1.5,66.66666666666667,4.285714285714286
Cui Yongxi,Above the Break 3,1.0,0.0,0.0,0.0,,14.285714285714285
Cui Yongxi,In The Paint (Non-RA),1.0,0.0,0.0,0.0,,14.285714285714285
Cui Yongxi,Restricted Area,3.0,1.0,33.333333333333336,0.6666666666666666,100.0,42.857142857142854
Cui Yongxi,Right Corner 3,2.0,0.0,0.0,0.0,,28.57142857142857
D'Angelo Russell,Above the Break 3,325.0,104.0,32.0,0.96,55.76923076923077,50.94043887147336
D'Angelo Russell,Backcourt,2.0,0.0,0.0,0.0,,0.3134796238244514
D'Angelo Russell,In The Paint (Non-RA),138.0,65.0,47.10144927536232,0.9420289855072463,32.30769230769231,21.630094043887148
D'Angelo Russell,Left Corner 3,15.0,5.0,33.333333333333336,1.0,80.0,2.3510971786833856
D'Angelo Russell,Mid-Range,56.0,19.0,33.92857142857143,0.6785714285714286,42.10526315789474,8.77742946708464
D'Angelo Russell,Restricted Area,84.0,52.0,61.904761904761905,1.2380952380952381,61.53846153846154,13.166144200626958
D'Angelo Russell,Right Corner 3,18.0,4.0,22.22222222222222,0.6666666666666666,100.0,2.8213166144200628
D.J. Carton,Above the Break 3,2.0,0.0,0.0,0.0,,28.57142857142857
D.J. Carton,In The Paint (Non-RA),2.0,0.0,0.0,0.0,,28.57142857142857
D.J. Carton,Left Corner 3,1.0,0.0,0.0,0.0,,14.285714285714285
D.J. Carton,Restricted Area,2.0,1.0,50.0,1.0,100.0,28.57142857142857
DaQuan Jeffries,Above the Break 3,83.0,24.0,28.91566265060241,0.8674698795180723,91.66666666666667,28.52233676975945
DaQuan Jeffries,Backcourt,1.0,0.0,0.0,0.0,,0.3436426116838488
DaQuan Jeffries,In The Paint (Non-RA),41.0,17.0,41.46341463414634,0.8292682926829268,58.8235294117647,14.0893470790378
DaQuan Jeffries,Left Corner 3,51.0,17.0,33.333333333333336,1.0,100.0,17.525773195876287
DaQuan Jeffries,Mid-Range,12.0,7.0,58.333333333333336,1.1666666666666667,42.857142857142854,4.123711340206185
DaQuan Jeffries,Restricted Area,74.0,39.0,52.7027027027027,1.054054054054054,84.61538461538461,25.42955326460481
DaQuan Jeffries,Right Corner 3,29.0,14.0,48.275862068965516,1.4482758620689655,100.0,9.965635738831615
Daeqwon Plowden,Above the Break 3,10.0,6.0,60.0,1.8,100.0,40.0
Daeqwon Plowden,In The Paint (Non-RA),1.0,1.0,100.0,2.0,100.0,4.0
Daeqwon Plowden,Left Corner 3,4.0,2.0,50.0,1.5,100.0,16.0
Daeqwon Plowden,Restricted Area,7.0,6.0,85.71428571428571,1.7142857142857142,83.33333333333333,28.000000000000004
Daeqwon Plowden,Right Corner 3,3.0,1.0,33.333333333333336,1.0,100.0,12.0
Daishen Nix,Right Corner 3,1.0,0.0,0.0,0.0,,100.0
Dalano Banton,Above the Break 3,172.0,53.0,30.813953488372093,0.9244186046511628,83.01886792452831,33.92504930966469
Dalano Banton,Backcourt,2.0,0.0,0.0,0.0,,0.39447731755424065
Dalano Banton,In The Paint (Non-RA),95.0,28.0,29.473684210526315,0.5894736842105263,32.142857142857146,18.73767258382643
Dalano Banton,Left Corner 3,22.0,8.0,36.36363636363637,1.0909090909090908,100.0,4.339250493096647
Dalano Banton,Mid-Range,29.0,9.0,31.03448275862069,0.6206896551724138,33.333333333333336,5.719921104536489
Dalano Banton,Restricted Area,161.0,89.0,55.27950310559006,1.1055900621118013,39.325842696629216,31.755424063116372
Dalano Banton,Right Corner 3,26.0,11.0,42.30769230769231,1.2692307692307692,100.0,5.128205128205128
Dalen Terry,Above the Break 3,57.0,20.0,35.08771929824562,1.0526315789473684,100.0,21.26865671641791
Dalen Terry,In The Paint (Non-RA),40.0,14.0,35.0,0.7,92.85714285714286,14.925373134328357
Dalen Terry,Left Corner 3,26.0,11.0,42.30769230769231,1.2692307692307692,100.0,9.701492537313433
Dalen Terry,Mid-Range,7.0,1.0,14.285714285714286,0.2857142857142857,0.0,2.6119402985074625
Dalen Terry,Restricted Area,117.0,68.0,58.11965811965812,1.1623931623931625,54.411764705882355,43.656716417910445
Dalen Terry,Right Corner 3,21.0,6.0,28.571428571428573,0.8571428571428571,100.0,7.835820895522389
Dalton Knecht,Above the Break 3,240.0,85.0,35.416666666666664,1.0625,88.23529411764706,43.08797127468581
Dalton Knecht,Backcourt,2.0,0.0,0.0,0.0,,0.3590664272890485
Dalton Knecht,In The Paint (Non-RA),73.0,30.0,41.0958904109589,0.821917808219178,60.0,13.10592459605027
Dalton Knecht,Left Corner 3,57.0,25.0,43.85964912280702,1.3157894736842106,100.0,10.23339317773788
Dalton Knecht,Mid-Range,33.0,15.0,45.45454545454545,0.9090909090909091,73.33333333333333,5.9245960502693
Dalton Knecht,Restricted Area,111.0,84.0,75.67567567567568,1.5135135135135136,79.76190476190476,19.92818671454219
Dalton Knecht,Right Corner 3,41.0,18.0,43.90243902439025,1.3170731707317074,100.0,7.360861759425494
Damian Lillard,Above the Break 3,478.0,180.0,37.65690376569037,1.1297071129707112,55.55555555555556,48.185483870967744
Damian Lillard,Backcourt,4.0,0.0,0.0,0.0,,0.4032258064516129
Damian Lillard,In The Paint (Non-RA),102.0,46.0,45.09803921568628,0.9019607843137255,21.73913043478261,10.28225806451613
Damian Lillard,Left Corner 3,20.0,9.0,45.0,1.35,66.66666666666667,2.0161290322580645
Damian Lillard,Mid-Range,165.0,79.0,47.878787878787875,0.9575757575757575,17.72151898734177,16.633064516129032
Damian Lillard,Restricted Area,201.0,122.0,60.69651741293532,1.2139303482587065,12.295081967213115,20.262096774193548
Damian Lillard,Right Corner 3,22.0,8.0,36.36363636363637,1.0909090909090908,87.5,2.217741935483871
Damion Baugh,Above the Break 3,37.0,10.0,27.027027027027028,0.8108108108108109,100.0,28.46153846153846
Damion Baugh,In The Paint (Non-RA),37.0,10.0,27.027027027027028,0.5405405405405406,70.0,28.46153846153846
Damion Baugh,Left Corner 3,13.0,0.0,0.0,0.0,,10.0
Damion Baugh,Mid-Range,3.0,1.0,33.333333333333336,0.6666666666666666,100.0,2.307692307692308
Damion Baugh,Restricted Area,34.0,19.0,55.88235294117647,1.1176470588235294,26.31578947368421,26.153846153846157
Damion Baugh,Right Corner 3,6.0,2.0,33.333333333333336,1.0,100.0,4.615384615384616
Damion Lee,Above the Break 3,24.0,5.0,20.833333333333332,0.625,80.0,32.432432432432435
Damion Lee,In The Paint (Non-RA),22.0,12.0,54.54545454545455,1.0909090909090908,75.0,29.72972972972973
Damion Lee,Left Corner 3,7.0,3.0,42.857142857142854,1.2857142857142858,100.0,9.45945945945946
Damion Lee,Mid-Range,7.0,1.0,14.285714285714286,0.2857142857142857,100.0,9.45945945945946
Damion Lee,Restricted Area,8.0,5.0,62.5,1.25,40.0,10.81081081081081
Damion Lee,Right Corner 3,6.0,1.0,16.666666666666668,0.5,100.0,8.108108108108109
Daniel Gafford,In The Paint (Non-RA),81.0,44.0,54.32098765432099,1.0864197530864197,75.0,20.099255583126553
Daniel Gafford,Mid-Range,3.0,2.0,66.66666666666667,1.3333333333333333,100.0,0.7444168734491315
Daniel Gafford,Restricted Area,319.0,237.0,74.29467084639498,1.4858934169278997,71.30801687763713,79.15632754342433
Daniel Theis,Above the Break 3,28.0,9.0,32.142857142857146,0.9642857142857143,100.0,21.705426356589147
Daniel Theis,In The Paint (Non-RA),27.0,14.0,51.851851851851855,1.037037037037037,85.71428571428571,20.930232558139537
Daniel Theis,Left Corner 3,5.0,0.0,0.0,0.0,,3.875968992248062
Daniel Theis,Mid-Range,11.0,3.0,27.272727272727273,0.5454545454545454,100.0,8.527131782945736
Daniel Theis,Restricted Area,54.0,35.0,64.81481481481481,1.2962962962962963,68.57142857142857,41.86046511627907
Daniel Theis,Right Corner 3,4.0,0.0,0.0,0.0,,3.10077519379845
Daniss Jenkins,Above the Break 3,5.0,1.0,20.0,0.6,0.0,50.0
Daniss Jenkins,Left Corner 3,1.0,0.0,0.0,0.0,,10.0
Daniss Jenkins,Restricted Area,3.0,2.0,66.66666666666667,1.3333333333333333,0.0,30.0
Daniss Jenkins,Right Corner 3,1.0,0.0,0.0,0.0,,10.0
Danté Exum,Above the Break 3,35.0,13.0,37.142857142857146,1.1142857142857143,84.61538461538461,26.119402985074625
Danté Exum,Backcourt,1.0,0.0,0.0,0.0,,0.7462686567164178
Danté Exum,In The Paint (Non-RA),28.0,11.0,39.285714285714285,0.7857142857142857,54.54545454545455,20.8955223880597
Danté Exum,Left Corner 3,11.0,8.0,72.72727272727273,2.1818181818181817,100.0,8.208955223880597
Danté Exum,Mid-Range,9.0,3.0,33.333333333333336,0.6666666666666666,33.333333333333336,6.7164179104477615
Danté Exum,Restricted Area,44.0,27.0,61.36363636363637,1.2272727272727273,37.03703703703704,32.83582089552239
Danté Exum,Right Corner 3,6.0,2.0,33.333333333333336,1.0,100.0,4.477611940298507
Dario Šarić,Above the Break 3,22.0,5.0,22.727272727272727,0.6818181818181818,100.0,37.93103448275862
Dario Šarić,In The Paint (Non-RA),9.0,2.0,22.22222222222222,0.4444444444444444,50.0,15.517241379310345
Dario Šarić,Left Corner 3,2.0,1.0,50.0,1.5,100.0,3.4482758620689653
Dario Šarić,Mid-Range,3.0,1.0,33.333333333333336,0.6666666666666666,100.0,5.172413793103448
Dario Šarić,Restricted Area,20.0,11.0,55.0,1.1,72.72727272727273,34.48275862068966
Dario Šarić,Right Corner 3,2.0,1.0,50.0,1.5,100.0,3.4482758620689653
Dariq Whitehead,Above the Break 3,55.0,24.0,43.63636363636363,1.309090909090909,95.83333333333333,57.291666666666664
Dariq Whitehead,In The Paint (Non-RA),8.0,4.0,50.0,1.0,25.0,8.333333333333332
Dariq Whitehead,Left Corner 3,13.0,5.0,38.46153846153846,1.1538461538461537,100.0,13.541666666666666
Dariq Whitehead,Mid-Range,3.0,0.0,0.0,0.0,,3.125
Dariq Whitehead,Restricted Area,10.0,2.0,20.0,0.4,100.0,10.416666666666668
Dariq Whitehead,Right Corner 3,7.0,4.0,57.142857142857146,1.7142857142857142,100.0,7.291666666666667
Darius Garland,Above the Break 3,444.0,180.0,40.54054054054054,1.2162162162162162,51.111111111111114,37.819420783645654
Darius Garland,Backcourt,1.0,0.0,0.0,0.0,,0.08517887563884156
Darius Garland,In The Paint (Non-RA),264.0,139.0,52.65151515151515,1.053030303030303,25.899280575539567,22.487223168654175
Darius Garland,Left Corner 3,43.0,17.0,39.53488372093023,1.186046511627907,94.11764705882354,3.6626916524701874
Darius Garland,Mid-Range,169.0,74.0,43.78698224852071,0.8757396449704142,40.54054054054054,14.395229982964224
Darius Garland,Restricted Area,212.0,129.0,60.84905660377358,1.2169811320754718,36.434108527131784,18.05792163543441
Darius Garland,Right Corner 3,41.0,15.0,36.58536585365854,1.0975609756097562,86.66666666666667,3.492333901192504
David Duke Jr.,Above the Break 3,1.0,0.0,0.0,0.0,,7.142857142857142
David Duke Jr.,In The Paint (Non-RA),2.0,0.0,0.0,0.0,,14.285714285714285
David Duke Jr.,Left Corner 3,3.0,1.0,33.333333333333336,1.0,100.0,21.428571428571427
David Duke Jr.,Mid-Range,1.0,0.0,0.0,0.0,,7.142857142857142
David Duke Jr.,Restricted Area,5.0,3.0,60.0,1.2,33.333333333333336,35.714285714285715
David Duke Jr.,Right Corner 3,2.0,2.0,100.0,3.0,100.0,14.285714285714285
David Roddy,Above the Break 3,44.0,12.0,27.272727272727273,0.8181818181818182,83.33333333333333,35.199999999999996
David Roddy,In The Paint (Non-RA),32.0,17.0,53.125,1.0625,70.58823529411765,25.6
David Roddy,Left Corner 3,7.0,3.0,42.857142857142854,1.2857142857142858,100.0,5.6000000000000005
David Roddy,Restricted Area,32.0,21.0,65.625,1.3125,76.19047619047619,25.6
David Roddy,Right Corner 3,10.0,4.0,40.0,1.2,75.0,8.0
Davion Mitchell,Above the Break 3,164.0,66.0,40.24390243902439,1.2073170731707317,78.78787878787878,34.45378151260504
Davion Mitchell,Backcourt,4.0,0.0,0.0,0.0,,0.8403361344537815
Davion Mitchell,In The Paint (Non-RA),82.0,39.0,47.5609756097561,0.9512195121951219,35.8974358974359,17.22689075630252
Davion Mitchell,Left Corner 3,27.0,9.0,33.333333333333336,1.0,88.88888888888889,5.6722689075630255
Davion Mitchell,Mid-Range,25.0,7.0,28.0,0.56,14.285714285714286,5.2521008403361344
Davion Mitchell,Restricted Area,158.0,93.0,58.860759493670884,1.1772151898734178,25.806451612903224,33.193277310924366
Davion Mitchell,Right Corner 3,16.0,9.0,56.25,1.6875,100.0,3.361344537815126
Day'Ron Sharpe,Above the Break 3,32.0,6.0,18.75,0.5625,100.0,10.094637223974763
Day'Ron Sharpe,In The Paint (Non-RA),69.0,28.0,40.57971014492754,0.8115942028985508,85.71428571428571,21.766561514195583
Day'Ron Sharpe,Left Corner 3,4.0,1.0,25.0,0.75,100.0,1.2618296529968454
Day'Ron Sharpe,Mid-Range,13.0,8.0,61.53846153846154,1.2307692307692308,62.5,4.100946372239748
Day'Ron Sharpe,Restricted Area,190.0,118.0,62.10526315789474,1.2421052631578948,53.389830508474574,59.93690851735016
Day'Ron Sharpe,Right Corner 3,9.0,4.0,44.44444444444444,1.3333333333333333,100.0,2.8391167192429023
De'Aaron Fox,Above the Break 3,313.0,95.0,30.35143769968051,0.9105431309904153,62.10526315789474,26.913155631986243
De'Aaron Fox,Backcourt,2.0,0.0,0.0,0.0,,0.17196904557179707
De'Aaron Fox,In The Paint (Non-RA),345.0,181.0,52.46376811594203,1.0492753623188407,25.96685082872928,29.664660361135
De'Aaron Fox,Left Corner 3,47.0,19.0,40.42553191489362,1.2127659574468086,84.21052631578948,4.041272570937231
De'Aaron Fox,Mid-Range,194.0,80.0,41.23711340206186,0.8247422680412371,23.75,16.680997420464315
De'Aaron Fox,Restricted Area,243.0,160.0,65.84362139917695,1.316872427983539,42.5,20.894239036973346
De'Aaron Fox,Right Corner 3,19.0,4.0,21.05263157894737,0.631578947368421,100.0,1.633705932932072
De'Andre Hunter,Above the Break 3,270.0,114.0,42.22222222222222,1.2666666666666666,87.71929824561404,35.43307086614173
De'Andre Hunter,Backcourt,2.0,0.0,0.0,0.0,,0.26246719160104987
De'Andre Hunter,In The Paint (Non-RA),152.0,74.0,48.68421052631579,0.9736842105263158,52.7027027027027,19.94750656167979
De'Andre Hunter,Left Corner 3,55.0,21.0,38.18181818181818,1.1454545454545455,100.0,7.217847769028872
De'Andre Hunter,Mid-Range,81.0,40.0,49.382716049382715,0.9876543209876543,62.5,10.62992125984252
De'Andre Hunter,Restricted Area,141.0,87.0,61.702127659574465,1.2340425531914894,73.5632183908046,18.503937007874015
De'Andre Hunter,Right Corner 3,61.0,22.0,36.0655737704918,1.0819672131147542,100.0,8.005249343832022
De'Anthony Melton,Above the Break 3,31.0,10.0,32.25806451612903,0.967741935483871,90.0,57.407407407407405
De'Anthony Melton,In The Paint (Non-RA),8.0,5.0,62.5,1.25,60.0,14.814814814814813
De'Anthony Melton,Left Corner 3,2.0,2.0,100.0,3.0,100.0,3.7037037037037033
De'Anthony Melton,Mid-Range,2.0,0.0,0.0,0.0,,3.7037037037037033
De'Anthony Melton,Restricted Area,9.0,4.0,44.44444444444444,0.8888888888888888,25.0,16.666666666666664
De'Anthony Melton,Right Corner 3,2.0,1.0,50.0,1.5,100.0,3.7037037037037033
DeAndre Jordan,In The Paint (Non-RA),28.0,10.0,35.714285714285715,0.7142857142857143,70.0,20.0
DeAndre Jordan,Mid-Range,1.0,1.0,100.0,2.0,100.0,0.7142857142857143
DeAndre Jordan,Restricted Area,111.0,80.0,72.07207207207207,1.4414414414414414,71.25,79.28571428571428
DeMar DeRozan,Above the Break 3,165.0,53.0,32.121212121212125,0.9636363636363636,81.13207547169812,12.614678899082568
DeMar DeRozan,Backcourt,6.0,0.0,0.0,0.0,,0.45871559633027525
DeMar DeRozan,In The Paint (Non-RA),291.0,160.0,54.982817869415804,1.0996563573883162,28.75,22.24770642201835
DeMar DeRozan,Left Corner 3,65.0,23.0,35.38461538461539,1.0615384615384615,100.0,4.969418960244648
DeMar DeRozan,Mid-Range,640.0,293.0,45.78125,0.915625,36.86006825938566,48.92966360856269
DeMar DeRozan,Restricted Area,121.0,87.0,71.90082644628099,1.43801652892562,48.275862068965516,9.250764525993883
DeMar DeRozan,Right Corner 3,20.0,8.0,40.0,1.2,100.0,1.529051987767584
Dean Wade,Above the Break 3,131.0,42.0,32.06106870229008,0.9618320610687023,100.0,48.33948339483395
Dean Wade,In The Paint (Non-RA),9.0,4.0,44.44444444444444,0.8888888888888888,75.0,3.3210332103321036
Dean Wade,Left Corner 3,48.0,18.0,37.5,1.125,100.0,17.712177121771216
Dean Wade,Mid-Range,4.0,1.0,25.0,0.5,0.0,1.4760147601476015
Dean Wade,Restricted Area,36.0,27.0,75.0,1.5,70.37037037037037,13.284132841328415
Dean Wade,Right Corner 3,43.0,20.0,46.51162790697674,1.3953488372093024,100.0,15.867158671586715
Deandre Ayton,Above the Break 3,16.0,5.0,31.25,0.9375,100.0,3.418803418803419
Deandre Ayton,In The Paint (Non-RA),151.0,75.0,49.66887417218543,0.9933774834437086,82.66666666666667,32.26495726495727
Deandre Ayton,Left Corner 3,8.0,0.0,0.0,0.0,,1.7094017094017095
Deandre Ayton,Mid-Range,96.0,44.0,45.833333333333336,0.9166666666666666,84.0909090909091,20.51282051282051
Deandre Ayton,Restricted Area,189.0,140.0,74.07407407407408,1.4814814814814814,66.42857142857143,40.38461538461539
Deandre Ayton,Right Corner 3,8.0,1.0,12.5,0.375,100.0,1.7094017094017095
Dejounte Murray,Above the Break 3,145.0,42.0,28.96551724137931,0.8689655172413793,57.142857142857146,29.352226720647774
Dejounte Murray,In The Paint (Non-RA),108.0,41.0,37.96296296296296,0.7592592592592593,24.390243902439025,21.86234817813765
Dejounte Murray,Left Corner 3,21.0,8.0,38.095238095238095,1.1428571428571428,87.5,4.251012145748987
Dejounte Murray,Mid-Range,102.0,40.0,39.21568627450981,0.7843137254901961,27.5,20.647773279352226
Dejounte Murray,Restricted Area,110.0,61.0,55.45454545454545,1.1090909090909091,26.229508196721312,22.267206477732792
Dejounte Murray,Right Corner 3,8.0,2.0,25.0,0.75,100.0,1.6194331983805668
Delon Wright,Above the Break 3,52.0,11.0,21.153846153846153,0.6346153846153846,100.0,39.69465648854962
Delon Wright,In The Paint (Non-RA),19.0,3.0,15.789473684210526,0.3157894736842105,0.0,14.50381679389313
Delon Wright,Left Corner 3,6.0,3.0,50.0,1.5,100.0,4.580152671755725
Delon Wright,Mid-Range,3.0,2.0,66.66666666666667,1.3333333333333333,50.0,2.2900763358778624
Delon Wright,Restricted Area,36.0,20.0,55.55555555555556,1.1111111111111112,50.0,27.480916030534353
Delon Wright,Right Corner 3,15.0,6.0,40.0,1.2,100.0,11.450381679389313
Deni Avdija,Above the Break 3,273.0,104.0,38.095238095238095,1.1428571428571428,82.6923076923077,32.34597156398104
Deni Avdija,Backcourt,1.0,0.0,0.0,0.0,,0.11848341232227488
Deni Avdija,In The Paint (Non-RA),145.0,52.0,35.86206896551724,0.7172413793103448,42.30769230769231,17.180094786729857
Deni Avdija,Left Corner 3,31.0,10.0,32.25806451612903,0.967741935483871,100.0,3.672985781990521
Deni Avdija,Mid-Range,30.0,12.0,40.0,0.8,66.66666666666667,3.5545023696682465
Deni Avdija,Restricted Area,327.0,213.0,65.13761467889908,1.3027522935779816,44.13145539906103,38.74407582938388
Deni Avdija,Right Corner 3,37.0,11.0,29.72972972972973,0.8918918918918919,90.9090909090909,4.383886255924171
Dennis Schröder,Above the Break 3,332.0,109.0,32.83132530120482,0.9849397590361446,71.55963302752293,40.145102781136636
Dennis Schröder,Backcourt,4.0,0.0,0.0,0.0,,0.48367593712212814
Dennis Schröder,In The Paint (Non-RA),162.0,58.0,35.80246913580247,0.7160493827160493,22.413793103448278,19.588875453446192
Dennis Schröder,Left Corner 3,23.0,10.0,43.47826086956522,1.3043478260869565,100.0,2.781136638452237
Dennis Schröder,Mid-Range,138.0,64.0,46.3768115942029,0.927536231884058,18.75,16.68681983071342
Dennis Schröder,Restricted Area,155.0,87.0,56.12903225806452,1.1225806451612903,29.885057471264368,18.742442563482467
Dennis Schröder,Right Corner 3,13.0,8.0,61.53846153846154,1.8461538461538463,100.0,1.5719467956469164
Dereck Lively II,In The Paint (Non-RA),58.0,31.0,53.44827586206897,1.0689655172413792,80.64516129032258,30.36649214659686
Dereck Lively II,Restricted Area,133.0,103.0,77.44360902255639,1.5488721804511278,78.64077669902913,69.63350785340315
Derrick Jones Jr.,Above the Break 3,99.0,35.0,35.35353535353536,1.0606060606060606,100.0,16.808149405772497
Derrick Jones Jr.,Backcourt,1.0,0.0,0.0,0.0,,0.1697792869269949
Derrick Jones Jr.,In The Paint (Non-RA),98.0,46.0,46.93877551020408,0.9387755102040817,80.43478260869566,16.6383701188455
Derrick Jones Jr.,Left Corner 3,59.0,17.0,28.8135593220339,0.864406779661017,100.0,10.0169779286927
Derrick Jones Jr.,Mid-Range,13.0,4.0,30.76923076923077,0.6153846153846154,100.0,2.2071307300509337
Derrick Jones Jr.,Restricted Area,259.0,182.0,70.27027027027027,1.4054054054054055,71.97802197802197,43.97283531409168
Derrick Jones Jr.,Right Corner 3,60.0,26.0,43.333333333333336,1.3,100.0,10.186757215619695
Derrick White,Above the Break 3,568.0,212.0,37.32394366197183,1.119718309859155,75.94339622641509,59.22836287799792
Derrick White,In The Paint (Non-RA),110.0,62.0,56.36363636363637,1.1272727272727272,27.419354838709676,11.470281543274243
Derrick White,Left Corner 3,63.0,29.0,46.03174603174603,1.380952380952381,100.0,6.569343065693431
Derrick White,Mid-Range,55.0,23.0,41.81818181818182,0.8363636363636363,60.869565217391305,5.735140771637122
Derrick White,Restricted Area,103.0,74.0,71.84466019417475,1.4368932038834952,58.108108108108105,10.740354535974973
Derrick White,Right Corner 3,60.0,24.0,40.0,1.2,100.0,6.256517205422315
Desmond Bane,Above the Break 3,335.0,138.0,41.19402985074627,1.2358208955223882,57.971014492753625,32.90766208251473
Desmond Bane,In The Paint (Non-RA),229.0,99.0,43.23144104803494,0.8646288209606987,39.39393939393939,22.4950884086444
Desmond Bane,Left Corner 3,50.0,16.0,32.0,0.96,87.5,4.911591355599214
Desmond Bane,Mid-Range,117.0,58.0,49.572649572649574,0.9914529914529915,48.275862068965516,11.49312377210216
Desmond Bane,Restricted Area,254.0,172.0,67.71653543307086,1.3543307086614174,42.44186046511628,24.95088408644401
Desmond Bane,Right Corner 3,33.0,10.0,30.303030303030305,0.9090909090909091,100.0,3.2416502946954813
Devin Booker,Above the Break 3,476.0,157.0,32.983193277310924,0.9894957983193278,67.51592356687898,33.52112676056338
Devin Booker,In The Paint (Non-RA),342.0,164.0,47.953216374269005,0.9590643274853801,32.926829268292686,24.084507042253524
Devin Booker,Left Corner 3,32.0,11.0,34.375,1.03125,100.0,2.2535211267605635
Devin Booker,Mid-Range,325.0,168.0,51.69230769230769,1.0338461538461539,45.833333333333336,22.887323943661972
Devin Booker,Restricted Area,202.0,139.0,68.81188118811882,1.3762376237623761,51.798561151079134,14.225352112676056
Devin Booker,Right Corner 3,43.0,15.0,34.883720930232556,1.0465116279069768,93.33333333333333,3.028169014084507
Devin Carter,Above the Break 3,45.0,13.0,28.88888888888889,0.8666666666666667,76.92307692307692,35.43307086614173
Devin Carter,In The Paint (Non-RA),33.0,10.0,30.303030303030305,0.6060606060606061,20.0,25.984251968503933
Devin Carter,Left Corner 3,7.0,3.0,42.857142857142854,1.2857142857142858,66.66666666666667,5.511811023622047
Devin Carter,Mid-Range,5.0,2.0,40.0,0.8,0.0,3.937007874015748
Devin Carter,Restricted Area,28.0,17.0,60.714285714285715,1.2142857142857142,47.05882352941177,22.04724409448819
Devin Carter,Right Corner 3,9.0,2.0,22.22222222222222,0.6666666666666666,100.0,7.086614173228346
Devin Vassell,Above the Break 3,323.0,112.0,34.6749226006192,1.0402476780185759,80.35714285714286,36.33295838020247
Devin Vassell,Backcourt,1.0,0.0,0.0,0.0,,0.11248593925759282
Devin Vassell,In The Paint (Non-RA),118.0,56.0,47.45762711864407,0.9491525423728814,46.42857142857143,13.273340832395949
Devin Vassell,Left Corner 3,60.0,24.0,40.0,1.2,100.0,6.749156355455568
Devin Vassell,Mid-Range,191.0,87.0,45.54973821989529,0.9109947643979057,55.172413793103445,21.484814398200225
Devin Vassell,Restricted Area,150.0,93.0,62.0,1.24,59.13978494623656,16.87289088863892
Devin Vassell,Right Corner 3,46.0,22.0,47.82608695652174,1.434782608695652,100.0,5.174353205849269
Dillon Brooks,Above the Break 3,350.0,141.0,40.285714285714285,1.2085714285714286,95.0354609929078,39.10614525139665
Dillon Brooks,Backcourt,1.0,0.0,0.0,0.0,,0.11173184357541899
Dillon Brooks,In The Paint (Non-RA),179.0,72.0,40.22346368715084,0.8044692737430168,37.5,20.0
Dillon Brooks,Left Corner 3,59.0,22.0,37.28813559322034,1.11864406779661,100.0,6.592178770949721
Dillon Brooks,Mid-Range,109.0,50.0,45.87155963302752,0.9174311926605505,38.0,12.17877094972067
Dillon Brooks,Restricted Area,138.0,76.0,55.072463768115945,1.1014492753623188,55.26315789473684,15.418994413407821
Dillon Brooks,Right Corner 3,59.0,23.0,38.983050847457626,1.1694915254237288,100.0,6.592178770949721
Dillon Jones,Above the Break 3,49.0,13.0,26.53061224489796,0.7959183673469388,92.3076923076923,36.84210526315789
Dillon Jones,In The Paint (Non-RA),23.0,9.0,39.130434782608695,0.782608695652174,77.77777777777777,17.293233082706767
Dillon Jones,Left Corner 3,10.0,3.0,30.0,0.9,100.0,7.518796992481203
Dillon Jones,Mid-Range,5.0,1.0,20.0,0.4,0.0,3.7593984962406015
Dillon Jones,Restricted Area,42.0,25.0,59.523809523809526,1.1904761904761905,64.0,31.57894736842105
Dillon Jones,Right Corner 3,4.0,0.0,0.0,0.0,,3.007518796992481
Domantas Sabonis,Above the Break 3,148.0,61.0,41.21621621621622,1.2364864864864864,98.36065573770492,16.573348264277715
Domantas Sabonis,In The Paint (Non-RA),198.0,103.0,52.02020202020202,1.0404040404040404,66.01941747572816,22.17245240761478
Domantas Sabonis,Left Corner 3,1.0,1.0,100.0,3.0,100.0,0.11198208286674133
Domantas Sabonis,Mid-Range,64.0,29.0,45.3125,0.90625,75.86206896551724,7.166853303471445
Domantas Sabonis,Restricted Area,475.0,330.0,69.47368421052632,1.3894736842105264,60.90909090909091,53.191489361702125
Domantas Sabonis,Right Corner 3,7.0,3.0,42.857142857142854,1.2857142857142858,100.0,0.7838745800671892
Dominick Barlow,Above the Break 3,5.0,3.0,60.0,1.8,100.0,4.424778761061947
Dominick Barlow,In The Paint (Non-RA),23.0,11.0,47.82608695652174,0.9565217391304348,63.63636363636363,20.353982300884958
Dominick Barlow,Left Corner 3,11.0,1.0,9.090909090909092,0.2727272727272727,100.0,9.734513274336283
Dominick Barlow,Mid-Range,10.0,4.0,40.0,0.8,100.0,8.849557522123893
Dominick Barlow,Restricted Area,53.0,38.0,71.69811320754717,1.4339622641509433,71.05263157894737,46.902654867256636
Dominick Barlow,Right Corner 3,11.0,3.0,27.272727272727273,0.8181818181818182,100.0,9.734513274336283
Donovan Clingan,Above the Break 3,44.0,12.0,27.272727272727273,0.8181818181818182,100.0,13.17365269461078
Donovan Clingan,In The Paint (Non-RA),42.0,14.0,33.333333333333336,0.6666666666666666,64.28571428571429,12.574850299401197
Donovan Clingan,Left Corner 3,4.0,2.0,50.0,1.5,100.0,1.1976047904191618
Donovan Clingan,Mid-Range,5.0,1.0,20.0,0.4,100.0,1.4970059880239521
Donovan Clingan,Restricted Area,238.0,151.0,63.445378151260506,1.26890756302521,59.602649006622514,71.25748502994011
Donovan Clingan,Right Corner 3,1.0,0.0,0.0,0.0,,0.29940119760479045
Donovan Mitchell,Above the Break 3,565.0,203.0,35.92920353982301,1.0778761061946902,48.275862068965516,42.803030303030305
Donovan Mitchell,Backcourt,3.0,0.0,0.0,0.0,,0.22727272727272727
Donovan Mitchell,In The Paint (Non-RA),239.0,116.0,48.53556485355649,0.9707112970711297,22.413793103448278,18.106060606060606
Donovan Mitchell,Left Corner 3,36.0,19.0,52.77777777777778,1.5833333333333333,100.0,2.727272727272727
Donovan Mitchell,Mid-Range,197.0,84.0,42.63959390862944,0.8527918781725888,17.857142857142858,14.924242424242424
Donovan Mitchell,Restricted Area,251.0,152.0,60.55776892430279,1.2111553784860558,24.342105263157894,19.015151515151516
Donovan Mitchell,Right Corner 3,29.0,11.0,37.93103448275862,1.1379310344827587,81.81818181818181,2.196969696969697
Donte DiVincenzo,Above the Break 3,347.0,136.0,39.19308357348703,1.175792507204611,81.61764705882354,58.516020236087684
Donte DiVincenzo,Backcourt,2.0,0.0,0.0,0.0,,0.33726812816188867
Donte DiVincenzo,In The Paint (Non-RA),57.0,20.0,35.08771929824562,0.7017543859649122,60.0,9.612141652613827
Donte DiVincenzo,Left Corner 3,57.0,29.0,50.87719298245614,1.5263157894736843,96.55172413793103,9.612141652613827
Donte DiVincenzo,Mid-Range,7.0,3.0,42.857142857142854,0.8571428571428571,33.333333333333336,1.1804384485666104
Donte DiVincenzo,Restricted Area,91.0,53.0,58.24175824175824,1.164835164835165,60.37735849056604,15.345699831365936
Donte DiVincenzo,Right Corner 3,32.0,9.0,28.125,0.84375,100.0,5.396290050590219
Dorian Finney-Smith,Above the Break 3,188.0,75.0,39.8936170212766,1.196808510638298,100.0,43.2183908045977
Dorian Finney-Smith,Backcourt,1.0,0.0,0.0,0.0,,0.22988505747126436
Dorian Finney-Smith,In The Paint (Non-RA),28.0,9.0,32.142857142857146,0.6428571428571429,66.66666666666667,6.436781609195402
Dorian Finney-Smith,Left Corner 3,69.0,30.0,43.47826086956522,1.3043478260869565,100.0,15.862068965517242
Dorian Finney-Smith,Mid-Range,3.0,2.0,66.66666666666667,1.3333333333333333,100.0,0.6896551724137931
Dorian Finney-Smith,Restricted Area,90.0,55.0,61.111111111111114,1.2222222222222223,69.0909090909091,20.689655172413794
Dorian Finney-Smith,Right Corner 3,56.0,24.0,42.857142857142854,1.2857142857142858,95.83333333333333,12.873563218390805
Doug McDermott,Above the Break 3,73.0,31.0,42.465753424657535,1.273972602739726,100.0,62.39316239316239
Doug McDermott,In The Paint (Non-RA),3.0,1.0,33.333333333333336,0.6666666666666666,100.0,2.564102564102564
Doug McDermott,Left Corner 3,20.0,10.0,50.0,1.5,100.0,17.094017094017094
Doug McDermott,Mid-Range,5.0,1.0,20.0,0.4,100.0,4.273504273504273
Doug McDermott,Restricted Area,8.0,4.0,50.0,1.0,100.0,6.837606837606838
Doug McDermott,Right Corner 3,8.0,3.0,37.5,1.125,100.0,6.837606837606838
Draymond Green,Above the Break 3,144.0,46.0,31.944444444444443,0.9583333333333334,97.82608695652173,28.290766208251473
Draymond Green,Backcourt,1.0,0.0,0.0,0.0,,0.19646365422396855
Draymond Green,In The Paint (Non-RA),114.0,51.0,44.73684210526316,0.8947368421052632,80.3921568627451,22.39685658153242
Draymond Green,Left Corner 3,52.0,10.0,19.23076923076923,0.5769230769230769,100.0,10.216110019646365
Draymond Green,Mid-Range,22.0,11.0,50.0,1.0,90.9090909090909,4.322200392927308
Draymond Green,Restricted Area,127.0,74.0,58.267716535433074,1.1653543307086613,79.72972972972973,24.95088408644401
Draymond Green,Right Corner 3,49.0,24.0,48.97959183673469,1.469387755102041,100.0,9.62671905697446
Drew Eubanks,Above the Break 3,1.0,0.0,0.0,0.0,,0.5154639175257731
Drew Eubanks,In The Paint (Non-RA),85.0,42.0,49.411764705882355,0.9882352941176471,73.80952380952381,43.81443298969072
Drew Eubanks,Left Corner 3,2.0,1.0,50.0,1.5,0.0,1.0309278350515463
Drew Eubanks,Mid-Range,6.0,1.0,16.666666666666668,0.3333333333333333,100.0,3.0927835051546393
Drew Eubanks,Restricted Area,97.0,69.0,71.1340206185567,1.422680412371134,81.15942028985508,50.0
Drew Eubanks,Right Corner 3,3.0,2.0,66.66666666666667,2.0,100.0,1.5463917525773196
Drew Peterson,Above the Break 3,23.0,10.0,43.47826086956522,1.3043478260869565,90.0,56.09756097560976
Drew Peterson,In The Paint (Non-RA),2.0,1.0,50.0,1.0,0.0,4.878048780487805
Drew Peterson,Left Corner 3,8.0,3.0,37.5,1.125,100.0,19.51219512195122
Drew Peterson,Mid-Range,1.0,1.0,100.0,2.0,0.0,2.4390243902439024
Drew Peterson,Restricted Area,5.0,2.0,40.0,0.8,50.0,12.195121951219512
Drew Peterson,Right Corner 3,2.0,0.0,0.0,0.0,,4.878048780487805
Drew Timme,Above the Break 3,28.0,7.0,25.0,0.75,100.0,27.450980392156865
Drew Timme,Backcourt,1.0,0.0,0.0,0.0,,0.9803921568627451
Drew Timme,In The Paint (Non-RA),27.0,14.0,51.851851851851855,1.037037037037037,85.71428571428571,26.47058823529412
Drew Timme,Left Corner 3,4.0,2.0,50.0,1.5,100.0,3.9215686274509802
Drew Timme,Mid-Range,4.0,1.0,25.0,0.5,100.0,3.9215686274509802
Drew Timme,Restricted Area,36.0,21.0,58.333333333333336,1.1666666666666667,57.142857142857146,35.294117647058826
Drew Timme,Right Corner 3,2.0,0.0,0.0,0.0,,1.9607843137254901
Dru Smith,Above the Break 3,19.0,9.0,47.36842105263158,1.4210526315789473,77.77777777777777,31.147540983606557
Dru Smith,In The Paint (Non-RA),15.0,5.0,33.333333333333336,0.6666666666666666,20.0,24.59016393442623
Dru Smith,Left Corner 3,7.0,4.0,57.142857142857146,1.7142857142857142,100.0,11.475409836065573
Dru Smith,Mid-Range,2.0,0.0,0.0,0.0,,3.278688524590164
Dru Smith,Restricted Area,14.0,10.0,71.42857142857143,1.4285714285714286,50.0,22.950819672131146
Dru Smith,Right Corner 3,4.0,3.0,75.0,2.25,100.0,6.557377049180328
Duncan Robinson,Above the Break 3,384.0,149.0,38.802083333333336,1.1640625,87.24832214765101,57.9185520361991
Duncan Robinson,In The Paint (Non-RA),70.0,32.0,45.714285714285715,0.9142857142857143,75.0,10.558069381598793
Duncan Robinson,Left Corner 3,45.0,19.0,42.22222222222222,1.2666666666666666,94.73684210526316,6.787330316742081
Duncan Robinson,Mid-Range,13.0,5.0,38.46153846153846,0.7692307692307693,60.0,1.9607843137254901
Duncan Robinson,Restricted Area,97.0,63.0,64.94845360824742,1.2989690721649485,77.77777777777777,14.630467571644044
Duncan Robinson,Right Corner 3,54.0,22.0,40.74074074074074,1.2222222222222223,90.9090909090909,8.144796380090497
Duop Reath,Above the Break 3,81.0,26.0,32.098765432098766,0.9629629629629629,96.15384615384616,48.795180722891565
Duop Reath,In The Paint (Non-RA),14.0,4.0,28.571428571428573,0.5714285714285714,50.0,8.433734939759036
Duop Reath,Left Corner 3,8.0,1.0,12.5,0.375,100.0,4.819277108433735
Duop Reath,Mid-Range,3.0,0.0,0.0,0.0,,1.8072289156626504
Duop Reath,Restricted Area,43.0,32.0,74.4186046511628,1.4883720930232558,46.875,25.903614457831324
Duop Reath,Right Corner 3,17.0,7.0,41.1764705882353,1.2352941176470589,100.0,10.240963855421686
Dwight Powell,Above the Break 3,1.0,0.0,0.0,0.0,,1.639344262295082
Dwight Powell,In The Paint (Non-RA),7.0,3.0,42.857142857142854,0.8571428571428571,100.0,11.475409836065573
Dwight Powell,Left Corner 3,1.0,1.0,100.0,3.0,100.0,1.639344262295082
Dwight Powell,Restricted Area,49.0,37.0,75.51020408163265,1.510204081632653,75.67567567567568,80.32786885245902
Dwight Powell,Right Corner 3,3.0,1.0,33.333333333333336,1.0,100.0,4.918032786885246
Dyson Daniels,Above the Break 3,172.0,55.0,31.976744186046513,0.9593023255813954,90.9090909090909,18.634886240520043
Dyson Daniels,Backcourt,6.0,0.0,0.0,0.0,,0.6500541711809318
Dyson Daniels,In The Paint (Non-RA),345.0,160.0,46.3768115942029,0.927536231884058,57.5,37.37811484290358
Dyson Daniels,Left Corner 3,21.0,6.0,28.571428571428573,0.8571428571428571,100.0,2.275189599133261
Dyson Daniels,Mid-Range,25.0,7.0,28.0,0.56,42.857142857142854,2.7085590465872156
Dyson Daniels,Restricted Area,318.0,208.0,65.40880503144655,1.3081761006289307,47.59615384615385,34.45287107258938
Dyson Daniels,Right Corner 3,36.0,19.0,52.77777777777778,1.5833333333333333,100.0,3.9003250270855903
E.J. Liddell,Above the Break 3,10.0,3.0,30.0,0.9,100.0,66.66666666666666
E.J. Liddell,In The Paint (Non-RA),3.0,3.0,100.0,2.0,66.66666666666667,20.0
E.J. Liddell,Restricted Area,2.0,2.0,100.0,2.0,50.0,13.333333333333334
Elfrid Payton,Above the Break 3,5.0,1.0,20.0,0.6,100.0,4.098360655737705
Elfrid Payton,In The Paint (Non-RA),84.0,28.0,33.333333333333336,0.6666666666666666,10.714285714285714,68.85245901639344
Elfrid Payton,Mid-Range,9.0,2.0,22.22222222222222,0.4444444444444444,0.0,7.377049180327869
Elfrid Payton,Restricted Area,23.0,9.0,39.130434782608695,0.782608695652174,44.44444444444444,18.852459016393443
Elfrid Payton,Right Corner 3,1.0,0.0,0.0,0.0,,0.819672131147541
Elijah Harkless,Above the Break 3,17.0,4.0,23.529411764705884,0.7058823529411765,75.0,48.57142857142857
Elijah Harkless,In The Paint (Non-RA),5.0,1.0,20.0,0.4,100.0,14.285714285714285
Elijah Harkless,Left Corner 3,5.0,3.0,60.0,1.8,100.0,14.285714285714285
Elijah Harkless,Mid-Range,1.0,0.0,0.0,0.0,,2.857142857142857
Elijah Harkless,Restricted Area,4.0,3.0,75.0,1.5,66.66666666666667,11.428571428571429
Elijah Harkless,Right Corner 3,3.0,0.0,0.0,0.0,,8.571428571428571
Emanuel Miller,Above the Break 3,1.0,0.0,0.0,0.0,,12.5
Emanuel Miller,In The Paint (Non-RA),1.0,1.0,100.0,2.0,100.0,12.5
Emanuel Miller,Restricted Area,6.0,3.0,50.0,1.0,66.66666666666667,75.0
Emoni Bates,Above the Break 3,27.0,9.0,33.333333333333336,1.0,88.88888888888889,71.05263157894737
Emoni Bates,Left Corner 3,1.0,0.0,0.0,0.0,,2.631578947368421
Emoni Bates,Mid-Range,4.0,0.0,0.0,0.0,,10.526315789473683
Emoni Bates,Restricted Area,4.0,2.0,50.0,1.0,0.0,10.526315789473683
Emoni Bates,Right Corner 3,2.0,2.0,100.0,3.0,100.0,5.263157894736842
Enrique Freeman,Above the Break 3,2.0,0.0,0.0,0.0,,5.405405405405405
Enrique Freeman,In The Paint (Non-RA),5.0,1.0,20.0,0.4,100.0,13.513513513513514
Enrique Freeman,Left Corner 3,5.0,0.0,0.0,0.0,,13.513513513513514
Enrique Freeman,Restricted Area,22.0,14.0,63.63636363636363,1.2727272727272727,78.57142857142857,59.45945945945946
Enrique Freeman,Right Corner 3,3.0,1.0,33.333333333333336,1.0,100.0,8.108108108108109
Eric Gordon,Above the Break 3,116.0,46.0,39.6551724137931,1.1896551724137931,93.47826086956522,56.86274509803921
Eric Gordon,Backcourt,2.0,0.0,0.0,0.0,,0.9803921568627451
Eric Gordon,In The Paint (Non-RA),24.0,8.0,33.333333333333336,0.6666666666666666,75.0,11.76470588235294
Eric Gordon,Left Corner 3,11.0,5.0,45.45454545454545,1.3636363636363635,100.0,5.392156862745098
Eric Gordon,Mid-Range,5.0,2.0,40.0,0.8,100.0,2.450980392156863
Eric Gordon,Restricted Area,38.0,21.0,55.26315789473684,1.105263157894737,66.66666666666667,18.627450980392158
Eric Gordon,Right Corner 3,8.0,5.0,62.5,1.875,100.0,3.9215686274509802
Evan Mobley,Above the Break 3,181.0,65.0,35.91160220994475,1.0773480662983426,86.15384615384616,19.97792494481236
Evan Mobley,Backcourt,1.0,0.0,0.0,0.0,,0.11037527593818984
Evan Mobley,In The Paint (Non-RA),210.0,83.0,39.523809523809526,0.7904761904761904,44.57831325301205,23.178807947019866
Evan Mobley,Left Corner 3,24.0,9.0,37.5,1.125,100.0,2.6490066225165565
Evan Mobley,Mid-Range,34.0,8.0,23.529411764705884,0.47058823529411764,75.0,3.7527593818984544
Evan Mobley,Restricted Area,432.0,329.0,76.1574074074074,1.5231481481481481,68.69300911854103,47.682119205298015
Evan Mobley,Right Corner 3,24.0,11.0,45.833333333333336,1.375,100.0,2.6490066225165565
Franz Wagner,Above the Break 3,306.0,85.0,27.77777777777778,0.8333333333333334,65.88235294117646,26.356589147286826
Franz Wagner,Backcourt,3.0,0.0,0.0,0.0,,0.2583979328165375
Franz Wagner,In The Paint (Non-RA),372.0,169.0,45.43010752688172,0.9086021505376344,31.952662721893493,32.041343669250644
Franz Wagner,Left Corner 3,25.0,10.0,40.0,1.2,70.0,2.1533161068044793
Franz Wagner,Mid-Range,107.0,44.0,41.12149532710281,0.822429906542056,31.818181818181817,9.21619293712317
Franz Wagner,Restricted Area,330.0,220.0,66.66666666666667,1.3333333333333333,56.81818181818182,28.42377260981912
Franz Wagner,Right Corner 3,18.0,9.0,50.0,1.5,100.0,1.550387596899225
Fred VanVleet,Above the Break 3,404.0,143.0,35.396039603960396,1.061881188118812,58.04195804195804,53.22793148880105
Fred VanVleet,Backcourt,8.0,0.0,0.0,0.0,,1.0540184453227932
Fred VanVleet,In The Paint (Non-RA),86.0,34.0,39.53488372093023,0.7906976744186046,17.647058823529413,11.330698287220025
Fred VanVleet,Left Corner 3,28.0,8.0,28.571428571428573,0.8571428571428571,100.0,3.689064558629776
Fred VanVleet,Mid-Range,119.0,48.0,40.33613445378151,0.8067226890756303,20.833333333333332,15.678524374176547
Fred VanVleet,Restricted Area,93.0,46.0,49.46236559139785,0.989247311827957,30.434782608695652,12.25296442687747
Fred VanVleet,Right Corner 3,21.0,8.0,38.095238095238095,1.1428571428571428,100.0,2.766798418972332
GG Jackson,Above the Break 3,68.0,24.0,35.294117647058826,1.0588235294117647,91.66666666666667,34.17085427135678
GG Jackson,In The Paint (Non-RA),42.0,12.0,28.571428571428573,0.5714285714285714,58.333333333333336,21.105527638190953
GG Jackson,Left Corner 3,17.0,5.0,29.41176470588235,0.8823529411764706,100.0,8.542713567839195
GG Jackson,Mid-Range,5.0,3.0,60.0,1.2,33.333333333333336,2.512562814070352
GG Jackson,Restricted Area,57.0,27.0,47.36842105263158,0.9473684210526315,44.44444444444444,28.643216080402013
GG Jackson,Right Corner 3,10.0,3.0,30.0,0.9,100.0,5.025125628140704
Gabe Vincent,Above the Break 3,196.0,65.0,33.16326530612245,0.9948979591836735,78.46153846153847,46.666666666666664
Gabe Vincent,Backcourt,1.0,0.0,0.0,0.0,,0.2380952380952381
Gabe Vincent,In The Paint (Non-RA),40.0,17.0,42.5,0.85,58.8235294117647,9.523809523809524
Gabe Vincent,Left Corner 3,65.0,21.0,32.30769230769231,0.9692307692307692,100.0,15.476190476190476
Gabe Vincent,Mid-Range,29.0,15.0,51.724137931034484,1.0344827586206897,46.666666666666664,6.904761904761905
Gabe Vincent,Restricted Area,42.0,27.0,64.28571428571429,1.2857142857142858,66.66666666666667,10.0
Gabe Vincent,Right Corner 3,47.0,23.0,48.93617021276596,1.4680851063829787,100.0,11.190476190476192
Garrett Temple,Above the Break 3,19.0,4.0,21.05263157894737,0.631578947368421,100.0,31.666666666666664
Garrett Temple,In The Paint (Non-RA),8.0,2.0,25.0,0.5,50.0,13.333333333333334
Garrett Temple,Left Corner 3,5.0,1.0,20.0,0.6,100.0,8.333333333333332
Garrett Temple,Mid-Range,7.0,1.0,14.285714285714286,0.2857142857142857,0.0,11.666666666666666
Garrett Temple,Restricted Area,17.0,9.0,52.94117647058823,1.0588235294117647,66.66666666666667,28.333333333333332
Garrett Temple,Right Corner 3,4.0,1.0,25.0,0.75,100.0,6.666666666666667
Garrison Mathews,Above the Break 3,149.0,45.0,30.201342281879196,0.9060402684563759,95.55555555555556,57.97665369649806
Garrison Mathews,In The Paint (Non-RA),15.0,7.0,46.666666666666664,0.9333333333333333,85.71428571428571,5.836575875486381
Garrison Mathews,Left Corner 3,25.0,15.0,60.0,1.8,100.0,9.72762645914397
Garrison Mathews,Mid-Range,11.0,3.0,27.272727272727273,0.5454545454545454,100.0,4.280155642023346
Garrison Mathews,Restricted Area,13.0,7.0,53.84615384615385,1.0769230769230769,71.42857142857143,5.058365758754864
Garrison Mathews,Right Corner 3,44.0,25.0,56.81818181818182,1.7045454545454546,100.0,17.120622568093385
Gary Harris,Above the Break 3,58.0,20.0,34.48275862068966,1.0344827586206897,100.0,43.609022556390975
Gary Harris,In The Paint (Non-RA),13.0,3.0,23.076923076923077,0.46153846153846156,33.333333333333336,9.774436090225564
Gary Harris,Left Corner 3,27.0,11.0,40.74074074074074,1.2222222222222223,90.9090909090909,20.30075187969925
Gary Harris,Mid-Range,5.0,3.0,60.0,1.2,66.66666666666667,3.7593984962406015
Gary Harris,Restricted Area,14.0,9.0,64.28571428571429,1.2857142857142858,66.66666666666667,10.526315789473683
Gary Harris,Right Corner 3,16.0,5.0,31.25,0.9375,100.0,12.030075187969924
Gary Payton II,Above the Break 3,41.0,9.0,21.951219512195124,0.6585365853658537,100.0,13.758389261744966
Gary Payton II,In The Paint (Non-RA),58.0,27.0,46.55172413793103,0.9310344827586207,88.88888888888889,19.463087248322147
Gary Payton II,Left Corner 3,23.0,9.0,39.130434782608695,1.173913043478261,100.0,7.718120805369128
Gary Payton II,Mid-Range,4.0,1.0,25.0,0.5,100.0,1.342281879194631
Gary Payton II,Restricted Area,141.0,112.0,79.43262411347517,1.5886524822695036,80.35714285714286,47.31543624161073
Gary Payton II,Right Corner 3,31.0,13.0,41.935483870967744,1.2580645161290323,92.3076923076923,10.40268456375839
Gary Trent Jr.,Above the Break 3,326.0,129.0,39.57055214723926,1.187116564417178,88.37209302325581,49.61948249619482
Gary Trent Jr.,In The Paint (Non-RA),76.0,36.0,47.36842105263158,0.9473684210526315,58.333333333333336,11.56773211567732
Gary Trent Jr.,Left Corner 3,62.0,29.0,46.774193548387096,1.403225806451613,93.10344827586206,9.43683409436834
Gary Trent Jr.,Mid-Range,90.0,36.0,40.0,0.8,33.333333333333336,13.698630136986301
Gary Trent Jr.,Restricted Area,58.0,31.0,53.44827586206897,1.0689655172413792,51.61290322580645,8.82800608828006
Gary Trent Jr.,Right Corner 3,45.0,22.0,48.888888888888886,1.4666666666666666,100.0,6.8493150684931505
Georges Niang,Above the Break 3,248.0,100.0,40.32258064516129,1.2096774193548387,98.0,40.0
Georges Niang,In The Paint (Non-RA),91.0,46.0,50.54945054945055,1.010989010989011,73.91304347826087,14.677419354838708
Georges Niang,Left Corner 3,91.0,41.0,45.05494505494506,1.3516483516483517,100.0,14.677419354838708
Georges Niang,Mid-Range,17.0,6.0,35.294117647058826,0.7058823529411765,83.33333333333333,2.741935483870968
Georges Niang,Restricted Area,103.0,68.0,66.01941747572816,1.3203883495145632,89.70588235294117,16.612903225806452
Georges Niang,Right Corner 3,70.0,25.0,35.714285714285715,1.0714285714285714,100.0,11.29032258064516
Giannis Antetokounmpo,Above the Break 3,59.0,14.0,23.728813559322035,0.711864406779661,50.0,4.473085670962851
Giannis Antetokounmpo,Backcourt,1.0,0.0,0.0,0.0,,0.0758150113722517
Giannis Antetokounmpo,In The Paint (Non-RA),224.0,93.0,41.517857142857146,0.8303571428571429,31.182795698924732,16.982562547384383
Giannis Antetokounmpo,Left Corner 3,1.0,0.0,0.0,0.0,,0.0758150113722517
Giannis Antetokounmpo,Mid-Range,283.0,125.0,44.169611307420496,0.8833922261484098,27.2,21.455648218347235
Giannis Antetokounmpo,Restricted Area,749.0,561.0,74.89986648865154,1.4979973297730307,48.30659536541889,56.785443517816525
Giannis Antetokounmpo,Right Corner 3,2.0,0.0,0.0,0.0,,0.1516300227445034
Goga Bitadze,Above the Break 3,21.0,3.0,14.285714285714286,0.42857142857142855,100.0,6.1946902654867255
Goga Bitadze,Backcourt,1.0,0.0,0.0,0.0,,0.2949852507374631
Goga Bitadze,In The Paint (Non-RA),58.0,28.0,48.275862068965516,0.9655172413793104,92.85714285714286,17.10914454277286
Goga Bitadze,Left Corner 3,1.0,0.0,0.0,0.0,,0.2949852507374631
Goga Bitadze,Mid-Range,12.0,1.0,8.333333333333334,0.16666666666666666,100.0,3.5398230088495577
Goga Bitadze,Restricted Area,241.0,175.0,72.61410788381743,1.4522821576763485,63.42857142857143,71.09144542772862
Goga Bitadze,Right Corner 3,5.0,0.0,0.0,0.0,,1.4749262536873156
Gradey Dick,Above the Break 3,237.0,84.0,35.44303797468354,1.0632911392405062,92.85714285714286,36.6306027820711
Gradey Dick,Backcourt,1.0,0.0,0.0,0.0,,0.1545595054095827
Gradey Dick,In The Paint (Non-RA),73.0,30.0,41.0958904109589,0.821917808219178,76.66666666666667,11.282843894899536
Gradey Dick,Left Corner 3,42.0,12.0,28.571428571428573,0.8571428571428571,100.0,6.491499227202473
Gradey Dick,Mid-Range,90.0,38.0,42.22222222222222,0.8444444444444444,71.05263157894737,13.910355486862441
Gradey Dick,Restricted Area,158.0,83.0,52.53164556962025,1.0506329113924051,84.33734939759036,24.420401854714065
Gradey Dick,Right Corner 3,46.0,18.0,39.130434782608695,1.173913043478261,100.0,7.109737248840804
Grant Williams,Above the Break 3,58.0,22.0,37.93103448275862,1.1379310344827587,100.0,47.15447154471545
Grant Williams,In The Paint (Non-RA),15.0,6.0,40.0,0.8,66.66666666666667,12.195121951219512
Grant Williams,Left Corner 3,8.0,3.0,37.5,1.125,100.0,6.504065040650407
Grant Williams,Mid-Range,10.0,4.0,40.0,0.8,100.0,8.130081300813007
Grant Williams,Restricted Area,24.0,17.0,70.83333333333333,1.4166666666666667,82.3529411764706,19.51219512195122
Grant Williams,Right Corner 3,8.0,2.0,25.0,0.75,100.0,6.504065040650407
Grayson Allen,Above the Break 3,251.0,100.0,39.8406374501992,1.1952191235059761,95.0,51.32924335378323
Grayson Allen,In The Paint (Non-RA),57.0,21.0,36.8421052631579,0.7368421052631579,66.66666666666667,11.65644171779141
Grayson Allen,Left Corner 3,60.0,31.0,51.666666666666664,1.55,100.0,12.269938650306749
Grayson Allen,Mid-Range,8.0,2.0,25.0,0.5,100.0,1.6359918200409
Grayson Allen,Restricted Area,74.0,47.0,63.513513513513516,1.2702702702702702,70.2127659574468,15.132924335378323
Grayson Allen,Right Corner 3,39.0,18.0,46.15384615384615,1.3846153846153846,100.0,7.975460122699387
Guerschon Yabusele,Above the Break 3,200.0,79.0,39.5,1.185,100.0,35.52397868561279
Guerschon Yabusele,Backcourt,3.0,0.0,0.0,0.0,,0.5328596802841918
Guerschon Yabusele,In The Paint (Non-RA),61.0,21.0,34.42622950819672,0.6885245901639344,66.66666666666667,10.8348134991119
Guerschon Yabusele,Left Corner 3,32.0,11.0,34.375,1.03125,100.0,5.683836589698046
Guerschon Yabusele,Mid-Range,12.0,3.0,25.0,0.5,33.333333333333336,2.1314387211367674
Guerschon Yabusele,Restricted Area,216.0,154.0,71.29629629629629,1.4259259259259258,74.02597402597402,38.36589698046181
Guerschon Yabusele,Right Corner 3,39.0,14.0,35.8974358974359,1.0769230769230769,100.0,6.927175843694494
Gui Santos,Above the Break 3,63.0,19.0,30.158730158730158,0.9047619047619048,100.0,35.19553072625698
Gui Santos,Backcourt,1.0,0.0,0.0,0.0,,0.5586592178770949
Gui Santos,In The Paint (Non-RA),22.0,7.0,31.818181818181817,0.6363636363636364,71.42857142857143,12.290502793296088
Gui Santos,Left Corner 3,13.0,4.0,30.76923076923077,0.9230769230769231,75.0,7.262569832402235
Gui Santos,Mid-Range,2.0,2.0,100.0,2.0,50.0,1.1173184357541899
Gui Santos,Restricted Area,52.0,39.0,75.0,1.5,82.05128205128206,29.05027932960894
Gui Santos,Right Corner 3,26.0,11.0,42.30769230769231,1.2692307692307692,100.0,14.52513966480447
Harrison Barnes,Above the Break 3,153.0,59.0,38.56209150326797,1.1568627450980393,94.91525423728814,22.401171303074673
Harrison Barnes,Backcourt,2.0,0.0,0.0,0.0,,0.29282576866764276
Harrison Barnes,In The Paint (Non-RA),91.0,42.0,46.15384615384615,0.9230769230769231,40.476190476190474,13.323572474377746
Harrison Barnes,Left Corner 3,102.0,46.0,45.09803921568628,1.3529411764705883,100.0,14.93411420204978
Harrison Barnes,Mid-Range,24.0,12.0,50.0,1.0,41.666666666666664,3.513909224011713
Harrison Barnes,Restricted Area,208.0,137.0,65.86538461538461,1.3173076923076923,65.69343065693431,30.45387994143485
Harrison Barnes,Right Corner 3,103.0,51.0,49.51456310679612,1.4854368932038835,100.0,15.080527086383603
Harrison Ingram,Above the Break 3,1.0,0.0,0.0,0.0,,25.0
Harrison Ingram,In The Paint (Non-RA),1.0,1.0,100.0,2.0,100.0,25.0
Harrison Ingram,Mid-Range,1.0,0.0,0.0,0.0,,25.0
Harrison Ingram,Restricted Area,1.0,1.0,100.0,2.0,0.0,25.0
Haywood Highsmith,Above the Break 3,121.0,39.0,32.231404958677686,0.9669421487603306,94.87179487179488,30.946291560102303
Haywood Highsmith,In The Paint (Non-RA),52.0,23.0,44.23076923076923,0.8846153846153846,65.21739130434783,13.299232736572892
Haywood Highsmith,Left Corner 3,59.0,26.0,44.067796610169495,1.3220338983050848,100.0,15.089514066496163
Haywood Highsmith,Mid-Range,13.0,5.0,38.46153846153846,0.7692307692307693,80.0,3.324808184143223
Haywood Highsmith,Restricted Area,93.0,62.0,66.66666666666667,1.3333333333333333,66.12903225806451,23.785166240409207
Haywood Highsmith,Right Corner 3,53.0,24.0,45.283018867924525,1.3584905660377358,100.0,13.554987212276215
Herbert Jones,Above the Break 3,34.0,8.0,23.529411764705884,0.7058823529411765,100.0,19.767441860465116
Herbert Jones,Backcourt,1.0,0.0,0.0,0.0,,0.5813953488372093
Herbert Jones,In The Paint (Non-RA),33.0,11.0,33.333333333333336,0.6666666666666666,45.45454545454545,19.186046511627907
Herbert Jones,Left Corner 3,21.0,9.0,42.857142857142854,1.2857142857142858,100.0,12.209302325581394
Herbert Jones,Mid-Range,10.0,7.0,70.0,1.4,100.0,5.813953488372093
Herbert Jones,Restricted Area,57.0,35.0,61.40350877192982,1.2280701754385965,71.42857142857143,33.13953488372093
Herbert Jones,Right Corner 3,16.0,5.0,31.25,0.9375,100.0,9.30232558139535
Hunter Tyson,Above the Break 3,51.0,17.0,33.333333333333336,1.0,94.11764705882354,42.5
Hunter Tyson,In The Paint (Non-RA),13.0,2.0,15.384615384615385,0.3076923076923077,100.0,10.833333333333334
Hunter Tyson,Left Corner 3,11.0,4.0,36.36363636363637,1.0909090909090908,100.0,9.166666666666666
Hunter Tyson,Mid-Range,7.0,3.0,42.857142857142854,0.8571428571428571,66.66666666666667,5.833333333333333
Hunter Tyson,Restricted Area,26.0,17.0,65.38461538461539,1.3076923076923077,64.70588235294117,21.666666666666668
Hunter Tyson,Right Corner 3,12.0,2.0,16.666666666666668,0.5,50.0,10.0
Immanuel Quickley,Above the Break 3,199.0,75.0,37.688442211055275,1.1306532663316582,72.0,45.4337899543379
Immanuel Quickley,Backcourt,1.0,0.0,0.0,0.0,,0.228310502283105
Immanuel Quickley,In The Paint (Non-RA),107.0,45.0,42.05607476635514,0.8411214953271028,35.55555555555556,24.429223744292237
Immanuel Quickley,Left Corner 3,10.0,2.0,20.0,0.6,100.0,2.28310502283105
Immanuel Quickley,Mid-Range,42.0,17.0,40.476190476190474,0.8095238095238095,47.05882352941177,9.58904109589041
Immanuel Quickley,Restricted Area,64.0,37.0,57.8125,1.15625,37.83783783783784,14.61187214611872
Immanuel Quickley,Right Corner 3,15.0,8.0,53.333333333333336,1.6,87.5,3.4246575342465753
Isaac Jones,Above the Break 3,2.0,0.0,0.0,0.0,,2.4096385542168677
Isaac Jones,In The Paint (Non-RA),28.0,16.0,57.142857142857146,1.1428571428571428,62.5,33.734939759036145
Isaac Jones,Left Corner 3,4.0,2.0,50.0,1.5,100.0,4.819277108433735
Isaac Jones,Mid-Range,1.0,0.0,0.0,0.0,,1.2048192771084338
Isaac Jones,Restricted Area,46.0,35.0,76.08695652173913,1.5217391304347827,82.85714285714286,55.42168674698795
Isaac Jones,Right Corner 3,2.0,1.0,50.0,1.5,100.0,2.4096385542168677
Isaac Okoro,Above the Break 3,58.0,20.0,34.48275862068966,1.0344827586206897,100.0,21.722846441947567
Isaac Okoro,In The Paint (Non-RA),14.0,5.0,35.714285714285715,0.7142857142857143,80.0,5.2434456928838955
Isaac Okoro,Left Corner 3,45.0,21.0,46.666666666666664,1.4,100.0,16.853932584269664
Isaac Okoro,Mid-Range,3.0,0.0,0.0,0.0,,1.1235955056179776
Isaac Okoro,Restricted Area,99.0,63.0,63.63636363636363,1.2727272727272727,76.19047619047619,37.07865168539326
Isaac Okoro,Right Corner 3,48.0,15.0,31.25,0.9375,100.0,17.97752808988764
Isaiah Collier,Above the Break 3,120.0,26.0,21.666666666666668,0.65,38.46153846153846,21.62162162162162
Isaiah Collier,Backcourt,5.0,1.0,20.0,0.6,100.0,0.9009009009009009
Isaiah Collier,In The Paint (Non-RA),168.0,63.0,37.5,0.75,28.571428571428573,30.270270270270274
Isaiah Collier,Left Corner 3,35.0,11.0,31.428571428571427,0.9428571428571428,90.9090909090909,6.306306306306306
Isaiah Collier,Mid-Range,41.0,13.0,31.70731707317073,0.6341463414634146,53.84615384615385,7.3873873873873865
Isaiah Collier,Restricted Area,177.0,116.0,65.53672316384181,1.310734463276836,36.206896551724135,31.891891891891895
Isaiah Collier,Right Corner 3,9.0,4.0,44.44444444444444,1.3333333333333333,100.0,1.6216216216216217
Isaiah Crawford,Above the Break 3,4.0,0.0,0.0,0.0,,36.36363636363637
Isaiah Crawford,In The Paint (Non-RA),4.0,3.0,75.0,1.5,100.0,36.36363636363637
Isaiah Crawford,Left Corner 3,1.0,1.0,100.0,3.0,100.0,9.090909090909092
Isaiah Crawford,Restricted Area,2.0,1.0,50.0,1.0,0.0,18.181818181818183
Isaiah Hartenstein,Above the Break 3,16.0,0.0,0.0,0.0,,3.3333333333333335
Isaiah Hartenstein,In The Paint (Non-RA),238.0,124.0,52.10084033613445,1.0420168067226891,91.12903225806451,49.583333333333336
Isaiah Hartenstein,Left Corner 3,2.0,0.0,0.0,0.0,,0.4166666666666667
Isaiah Hartenstein,Mid-Range,20.0,8.0,40.0,0.8,100.0,4.166666666666666
Isaiah Hartenstein,Restricted Area,203.0,147.0,72.41379310344827,1.4482758620689655,71.42857142857143,42.291666666666664
Isaiah Hartenstein,Right Corner 3,1.0,0.0,0.0,0.0,,0.20833333333333334
Isaiah Jackson,In The Paint (Non-RA),2.0,1.0,50.0,1.0,100.0,8.695652173913043
Isaiah Jackson,Restricted Area,21.0,13.0,61.904761904761905,1.2380952380952381,84.61538461538461,91.30434782608695
Isaiah Joe,Above the Break 3,377.0,142.0,37.6657824933687,1.129973474801061,89.43661971830986,64.1156462585034
Isaiah Joe,In The Paint (Non-RA),34.0,14.0,41.1764705882353,0.8235294117647058,85.71428571428571,5.782312925170068
Isaiah Joe,Left Corner 3,53.0,32.0,60.37735849056604,1.8113207547169812,93.75,9.013605442176871
Isaiah Joe,Mid-Range,38.0,15.0,39.473684210526315,0.7894736842105263,73.33333333333333,6.462585034013606
Isaiah Joe,Restricted Area,50.0,38.0,76.0,1.52,78.94736842105263,8.503401360544217
Isaiah Joe,Right Corner 3,36.0,18.0,50.0,1.5,100.0,6.122448979591836
Isaiah Mobley,Above the Break 3,2.0,1.0,50.0,1.5,100.0,28.57142857142857
Isaiah Mobley,In The Paint (Non-RA),3.0,0.0,0.0,0.0,,42.857142857142854
Isaiah Mobley,Left Corner 3,1.0,0.0,0.0,0.0,,14.285714285714285
Isaiah Mobley,Restricted Area,1.0,1.0,100.0,2.0,0.0,14.285714285714285
Isaiah Stevens,Above the Break 3,1.0,0.0,0.0,0.0,,50.0
Isaiah Stevens,In The Paint (Non-RA),1.0,0.0,0.0,0.0,,50.0
Isaiah Stewart,Above the Break 3,44.0,14.0,31.818181818181817,0.9545454545454546,100.0,13.968253968253968
Isaiah Stewart,In The Paint (Non-RA),73.0,32.0,43.83561643835616,0.8767123287671232,90.625,23.174603174603174
Isaiah Stewart,Left Corner 3,6.0,1.0,16.666666666666668,0.5,100.0,1.9047619047619049
Isaiah Stewart,Mid-Range,7.0,3.0,42.857142857142854,0.8571428571428571,66.66666666666667,2.2222222222222223
Isaiah Stewart,Restricted Area,182.0,124.0,68.13186813186813,1.3626373626373627,68.54838709677419,57.77777777777777
Isaiah Stewart,Right Corner 3,3.0,2.0,66.66666666666667,2.0,100.0,0.9523809523809524
Isaiah Wong,Above the Break 3,28.0,12.0,42.857142857142854,1.2857142857142858,75.0,26.666666666666668
Isaiah Wong,Backcourt,1.0,0.0,0.0,0.0,,0.9523809523809524
Isaiah Wong,In The Paint (Non-RA),32.0,12.0,37.5,0.75,33.333333333333336,30.476190476190478
Isaiah Wong,Left Corner 3,2.0,0.0,0.0,0.0,,1.9047619047619049
Isaiah Wong,Mid-Range,17.0,7.0,41.1764705882353,0.8235294117647058,42.857142857142854,16.19047619047619
Isaiah Wong,Restricted Area,23.0,9.0,39.130434782608695,0.782608695652174,44.44444444444444,21.904761904761905
Isaiah Wong,Right Corner 3,2.0,1.0,50.0,1.5,100.0,1.9047619047619049
Ivica Zubac,In The Paint (Non-RA),414.0,222.0,53.6231884057971,1.0724637681159421,75.67567567567568,43.94904458598726
Ivica Zubac,Mid-Range,26.0,12.0,46.15384615384615,0.9230769230769231,75.0,2.7600849256900215
Ivica Zubac,Restricted Area,502.0,358.0,71.31474103585657,1.4262948207171315,66.75977653631286,53.29087048832272
JD Davison,Above the Break 3,15.0,3.0,20.0,0.6,66.66666666666667,44.11764705882353
JD Davison,In The Paint (Non-RA),6.0,4.0,66.66666666666667,1.3333333333333333,25.0,17.647058823529413
JD Davison,Mid-Range,4.0,0.0,0.0,0.0,,11.76470588235294
JD Davison,Restricted Area,6.0,4.0,66.66666666666667,1.3333333333333333,25.0,17.647058823529413
JD Davison,Right Corner 3,3.0,1.0,33.333333333333336,1.0,100.0,8.823529411764707
JT Thor,Above the Break 3,10.0,5.0,50.0,1.5,100.0,16.94915254237288
JT Thor,In The Paint (Non-RA),11.0,3.0,27.272727272727273,0.5454545454545454,66.66666666666667,18.64406779661017
JT Thor,Left Corner 3,7.0,1.0,14.285714285714286,0.42857142857142855,100.0,11.864406779661017
JT Thor,Mid-Range,10.0,4.0,40.0,0.8,50.0,16.94915254237288
JT Thor,Restricted Area,17.0,12.0,70.58823529411765,1.411764705882353,66.66666666666667,28.8135593220339
JT Thor,Right Corner 3,4.0,0.0,0.0,0.0,,6.779661016949152
Ja Morant,Above the Break 3,227.0,71.0,31.277533039647576,0.9383259911894273,54.929577464788736,25.534308211473565
Ja Morant,Backcourt,5.0,0.0,0.0,0.0,,0.562429696287964
Ja Morant,In The Paint (Non-RA),276.0,120.0,43.47826086956522,0.8695652173913043,7.5,31.046119235095617
Ja Morant,Left Corner 3,33.0,12.0,36.36363636363637,1.0909090909090908,83.33333333333333,3.712035995500562
Ja Morant,Mid-Range,67.0,32.0,47.76119402985075,0.9552238805970149,15.625,7.536557930258718
Ja Morant,Restricted Area,261.0,164.0,62.83524904214559,1.2567049808429118,37.19512195121951,29.358830146231725
Ja Morant,Right Corner 3,20.0,5.0,25.0,0.75,100.0,2.249718785151856
Ja'Kobe Walter,Above the Break 3,126.0,46.0,36.507936507936506,1.0952380952380953,93.47826086956522,32.06106870229007
Ja'Kobe Walter,Backcourt,2.0,0.0,0.0,0.0,,0.5089058524173028
Ja'Kobe Walter,In The Paint (Non-RA),66.0,28.0,42.42424242424242,0.8484848484848485,57.142857142857146,16.793893129770993
Ja'Kobe Walter,Left Corner 3,39.0,11.0,28.205128205128204,0.8461538461538461,100.0,9.923664122137405
Ja'Kobe Walter,Mid-Range,30.0,13.0,43.333333333333336,0.8666666666666667,46.15384615384615,7.633587786259542
Ja'Kobe Walter,Restricted Area,111.0,53.0,47.747747747747745,0.954954954954955,69.81132075471699,28.24427480916031
Ja'Kobe Walter,Right Corner 3,19.0,8.0,42.10526315789474,1.263157894736842,100.0,4.8346055979643765
Jabari Smith Jr.,Above the Break 3,212.0,75.0,35.37735849056604,1.0613207547169812,97.33333333333333,37.455830388692576
Jabari Smith Jr.,In The Paint (Non-RA),90.0,43.0,47.77777777777778,0.9555555555555556,58.13953488372093,15.901060070671377
Jabari Smith Jr.,Left Corner 3,21.0,9.0,42.857142857142854,1.2857142857142858,88.88888888888889,3.7102473498233217
Jabari Smith Jr.,Mid-Range,75.0,27.0,36.0,0.72,48.148148148148145,13.250883392226148
Jabari Smith Jr.,Restricted Area,124.0,80.0,64.51612903225806,1.2903225806451613,58.75,21.908127208480565
Jabari Smith Jr.,Right Corner 3,44.0,14.0,31.818181818181817,0.9545454545454546,100.0,7.773851590106007
Jabari Walker,Above the Break 3,36.0,11.0,30.555555555555557,0.9166666666666666,100.0,15.72052401746725
Jabari Walker,Backcourt,1.0,0.0,0.0,0.0,,0.43668122270742354
Jabari Walker,In The Paint (Non-RA),30.0,9.0,30.0,0.6,77.77777777777777,13.100436681222707
Jabari Walker,Left Corner 3,13.0,7.0,53.84615384615385,1.6153846153846154,100.0,5.676855895196507
Jabari Walker,Mid-Range,8.0,2.0,25.0,0.5,50.0,3.4934497816593884
Jabari Walker,Restricted Area,119.0,79.0,66.38655462184875,1.3277310924369747,60.75949367088607,51.96506550218341
Jabari Walker,Right Corner 3,22.0,10.0,45.45454545454545,1.3636363636363635,100.0,9.606986899563319
Jack McVeigh,Above the Break 3,7.0,1.0,14.285714285714286,0.42857142857142855,100.0,41.17647058823529
Jack McVeigh,In The Paint (Non-RA),1.0,0.0,0.0,0.0,,5.88235294117647
Jack McVeigh,Left Corner 3,3.0,1.0,33.333333333333336,1.0,100.0,17.647058823529413
Jack McVeigh,Mid-Range,2.0,1.0,50.0,1.0,0.0,11.76470588235294
Jack McVeigh,Restricted Area,1.0,0.0,0.0,0.0,,5.88235294117647
Jack McVeigh,Right Corner 3,3.0,2.0,66.66666666666667,2.0,100.0,17.647058823529413
Jackson Rowe,Above the Break 3,6.0,1.0,16.666666666666668,0.5,100.0,35.294117647058826
Jackson Rowe,In The Paint (Non-RA),3.0,2.0,66.66666666666667,1.3333333333333333,100.0,17.647058823529413
Jackson Rowe,Left Corner 3,4.0,2.0,50.0,1.5,100.0,23.52941176470588
Jackson Rowe,Restricted Area,4.0,3.0,75.0,1.5,100.0,23.52941176470588
Jacob Toppin,Above the Break 3,4.0,1.0,25.0,0.75,100.0,18.181818181818183
Jacob Toppin,In The Paint (Non-RA),2.0,2.0,100.0,2.0,50.0,9.090909090909092
Jacob Toppin,Left Corner 3,3.0,2.0,66.66666666666667,2.0,100.0,13.636363636363635
Jacob Toppin,Mid-Range,1.0,0.0,0.0,0.0,,4.545454545454546
Jacob Toppin,Restricted Area,9.0,2.0,22.22222222222222,0.4444444444444444,50.0,40.909090909090914
Jacob Toppin,Right Corner 3,3.0,2.0,66.66666666666667,2.0,100.0,13.636363636363635
Jaden Hardy,Above the Break 3,147.0,57.0,38.775510204081634,1.163265306122449,77.19298245614036,35.507246376811594
Jaden Hardy,Backcourt,1.0,0.0,0.0,0.0,,0.24154589371980675
Jaden Hardy,In The Paint (Non-RA),89.0,44.0,49.438202247191015,0.9887640449438202,31.818181818181817,21.497584541062803
Jaden Hardy,Left Corner 3,19.0,7.0,36.8421052631579,1.105263157894737,100.0,4.5893719806763285
Jaden Hardy,Mid-Range,50.0,16.0,32.0,0.64,12.5,12.077294685990339
Jaden Hardy,Restricted Area,78.0,44.0,56.41025641025641,1.1282051282051282,45.45454545454545,18.84057971014493
Jaden Hardy,Right Corner 3,30.0,12.0,40.0,1.2,100.0,7.246376811594203
Jaden Ivey,Above the Break 3,118.0,51.0,43.220338983050844,1.2966101694915255,70.58823529411765,28.57142857142857
Jaden Ivey,Backcourt,3.0,0.0,0.0,0.0,,0.7263922518159807
Jaden Ivey,In The Paint (Non-RA),88.0,35.0,39.77272727272727,0.7954545454545454,31.428571428571427,21.307506053268767
Jaden Ivey,Left Corner 3,16.0,3.0,18.75,0.5625,100.0,3.87409200968523
Jaden Ivey,Mid-Range,40.0,14.0,35.0,0.7,57.142857142857146,9.685230024213075
Jaden Ivey,Restricted Area,131.0,78.0,59.541984732824424,1.1908396946564885,44.87179487179487,31.719128329297817
Jaden Ivey,Right Corner 3,17.0,9.0,52.94117647058823,1.588235294117647,88.88888888888889,4.116222760290557
Jaden McDaniels,Above the Break 3,137.0,48.0,35.03649635036496,1.051094890510949,89.58333333333333,16.426858513189448
Jaden McDaniels,Backcourt,3.0,0.0,0.0,0.0,,0.3597122302158274
Jaden McDaniels,In The Paint (Non-RA),201.0,88.0,43.78109452736319,0.8756218905472637,53.40909090909091,24.100719424460433
Jaden McDaniels,Left Corner 3,91.0,28.0,30.76923076923077,0.9230769230769231,100.0,10.911270983213429
Jaden McDaniels,Mid-Range,81.0,34.0,41.97530864197531,0.8395061728395061,67.6470588235294,9.712230215827338
Jaden McDaniels,Restricted Area,249.0,176.0,70.68273092369478,1.4136546184738956,63.63636363636363,29.856115107913666
Jaden McDaniels,Right Corner 3,72.0,24.0,33.333333333333336,1.0,100.0,8.633093525179856
Jaden Springer,Above the Break 3,24.0,8.0,33.333333333333336,1.0,87.5,26.666666666666668
Jaden Springer,Backcourt,1.0,0.0,0.0,0.0,,1.1111111111111112
Jaden Springer,In The Paint (Non-RA),22.0,8.0,36.36363636363637,0.7272727272727273,75.0,24.444444444444443
Jaden Springer,Left Corner 3,15.0,2.0,13.333333333333334,0.4,100.0,16.666666666666664
Jaden Springer,Mid-Range,2.0,1.0,50.0,1.0,100.0,2.2222222222222223
Jaden Springer,Restricted Area,18.0,14.0,77.77777777777777,1.5555555555555556,35.714285714285715,20.0
Jaden Springer,Right Corner 3,8.0,2.0,25.0,0.75,100.0,8.88888888888889
Jae Crowder,Above the Break 3,7.0,2.0,28.571428571428573,0.8571428571428571,100.0,31.818181818181817
Jae Crowder,In The Paint (Non-RA),3.0,0.0,0.0,0.0,,13.636363636363635
Jae Crowder,Left Corner 3,4.0,1.0,25.0,0.75,100.0,18.181818181818183
Jae Crowder,Mid-Range,3.0,2.0,66.66666666666667,1.3333333333333333,50.0,13.636363636363635
Jae Crowder,Restricted Area,1.0,1.0,100.0,2.0,100.0,4.545454545454546
Jae Crowder,Right Corner 3,4.0,1.0,25.0,0.75,100.0,18.181818181818183
Jae'Sean Tate,Above the Break 3,15.0,2.0,13.333333333333334,0.4,100.0,10.135135135135135
Jae'Sean Tate,In The Paint (Non-RA),45.0,16.0,35.55555555555556,0.7111111111111111,50.0,30.405405405405407
Jae'Sean Tate,Left Corner 3,15.0,7.0,46.666666666666664,1.4,100.0,10.135135135135135
Jae'Sean Tate,Mid-Range,2.0,1.0,50.0,1.0,100.0,1.3513513513513513
Jae'Sean Tate,Restricted Area,55.0,37.0,67.27272727272727,1.3454545454545455,51.351351351351354,37.16216216216216
Jae'Sean Tate,Right Corner 3,16.0,7.0,43.75,1.3125,100.0,10.81081081081081
Jahmir Young,Above the Break 3,2.0,1.0,50.0,1.5,0.0,40.0
Jahmir Young,Restricted Area,3.0,3.0,100.0,2.0,0.0,60.0
Jaime Jaquez Jr.,Above the Break 3,53.0,19.0,35.84905660377358,1.0754716981132075,84.21052631578948,11.471861471861471
Jaime Jaquez Jr.,Backcourt,2.0,0.0,0.0,0.0,,0.4329004329004329
Jaime Jaquez Jr.,In The Paint (Non-RA),125.0,48.0,38.4,0.768,41.666666666666664,27.056277056277057
Jaime Jaquez Jr.,Left Corner 3,36.0,13.0,36.111111111111114,1.0833333333333333,92.3076923076923,7.792207792207792
Jaime Jaquez Jr.,Mid-Range,24.0,9.0,37.5,0.75,44.44444444444444,5.194805194805195
Jaime Jaquez Jr.,Restricted Area,194.0,119.0,61.34020618556701,1.2268041237113403,45.378151260504204,41.99134199134199
Jaime Jaquez Jr.,Right Corner 3,28.0,5.0,17.857142857142858,0.5357142857142857,100.0,6.0606060606060606
Jake LaRavia,Above the Break 3,102.0,45.0,44.11764705882353,1.3235294117647058,93.33333333333333,30.267062314540063
Jake LaRavia,Backcourt,2.0,1.0,50.0,1.5,100.0,0.5934718100890208
Jake LaRavia,In The Paint (Non-RA),75.0,23.0,30.666666666666668,0.6133333333333333,56.52173913043478,22.255192878338278
Jake LaRavia,Left Corner 3,21.0,8.0,38.095238095238095,1.1428571428571428,100.0,6.231454005934718
Jake LaRavia,Mid-Range,10.0,3.0,30.0,0.6,100.0,2.967359050445104
Jake LaRavia,Restricted Area,110.0,74.0,67.27272727272727,1.3454545454545455,58.108108108108105,32.640949554896146
Jake LaRavia,Right Corner 3,17.0,6.0,35.294117647058826,1.0588235294117647,100.0,5.044510385756676
Jakob Poeltl,Above the Break 3,1.0,0.0,0.0,0.0,,0.17271157167530224
Jakob Poeltl,Backcourt,1.0,0.0,0.0,0.0,,0.17271157167530224
Jakob Poeltl,In The Paint (Non-RA),220.0,109.0,49.54545454545455,0.990909090909091,88.9908256880734,37.99654576856649
Jakob Poeltl,Mid-Range,45.0,24.0,53.333333333333336,1.0666666666666667,87.5,7.772020725388601
Jakob Poeltl,Restricted Area,311.0,229.0,73.63344051446946,1.472668810289389,66.37554585152839,53.71329879101899
Jakob Poeltl,Right Corner 3,1.0,1.0,100.0,3.0,100.0,0.17271157167530224
Jalen Bridges,Above the Break 3,4.0,0.0,0.0,0.0,,57.14285714285714
Jalen Bridges,Left Corner 3,2.0,1.0,50.0,1.5,100.0,28.57142857142857
Jalen Bridges,Right Corner 3,1.0,1.0,100.0,3.0,100.0,14.285714285714285
Jalen Brunson,Above the Break 3,338.0,128.0,37.8698224852071,1.136094674556213,38.28125,28.166666666666668
Jalen Brunson,In The Paint (Non-RA),350.0,186.0,53.142857142857146,1.062857142857143,18.817204301075268,29.166666666666668
Jalen Brunson,Left Corner 3,25.0,7.0,28.0,0.84,85.71428571428571,2.083333333333333
Jalen Brunson,Mid-Range,227.0,102.0,44.93392070484582,0.8986784140969163,22.54901960784314,18.916666666666668
Jalen Brunson,Restricted Area,226.0,145.0,64.15929203539822,1.2831858407079646,30.344827586206897,18.833333333333332
Jalen Brunson,Right Corner 3,34.0,17.0,50.0,1.5,88.23529411764706,2.833333333333333
Jalen Duren,In The Paint (Non-RA),109.0,59.0,54.12844036697248,1.0825688073394495,74.57627118644068,19.963369963369964
Jalen Duren,Mid-Range,3.0,3.0,100.0,2.0,66.66666666666667,0.5494505494505495
Jalen Duren,Restricted Area,434.0,316.0,72.8110599078341,1.456221198156682,60.12658227848101,79.48717948717949
Jalen Green,Above the Break 3,587.0,206.0,35.09369676320273,1.0528109028960817,51.94174757281554,40.848990953375086
Jalen Green,In The Paint (Non-RA),209.0,71.0,33.97129186602871,0.6794258373205742,14.084507042253522,14.54418928322895
Jalen Green,Left Corner 3,30.0,8.0,26.666666666666668,0.8,25.0,2.0876826722338206
Jalen Green,Mid-Range,218.0,79.0,36.23853211009175,0.7247706422018348,31.645569620253166,15.170494084899094
Jalen Green,Restricted Area,349.0,224.0,64.18338108882521,1.2836676217765044,28.125,24.28670842032011
Jalen Green,Right Corner 3,44.0,20.0,45.45454545454545,1.3636363636363635,85.0,3.0619345859429368
Jalen Hood-Schifino,Above the Break 3,40.0,11.0,27.5,0.825,45.45454545454545,40.816326530612244
Jalen Hood-Schifino,In The Paint (Non-RA),17.0,8.0,47.05882352941177,0.9411764705882353,25.0,17.346938775510203
Jalen Hood-Schifino,Left Corner 3,3.0,2.0,66.66666666666667,2.0,100.0,3.061224489795918
Jalen Hood-Schifino,Mid-Range,21.0,10.0,47.61904761904762,0.9523809523809523,30.0,21.428571428571427
Jalen Hood-Schifino,Restricted Area,14.0,5.0,35.714285714285715,0.7142857142857143,40.0,14.285714285714285
Jalen Hood-Schifino,Right Corner 3,3.0,1.0,33.333333333333336,1.0,100.0,3.061224489795918
Jalen Johnson,Above the Break 3,95.0,30.0,31.57894736842105,0.9473684210526315,93.33333333333333,17.52767527675277
Jalen Johnson,Backcourt,2.0,0.0,0.0,0.0,,0.36900369003690037
Jalen Johnson,In The Paint (Non-RA),141.0,54.0,38.297872340425535,0.7659574468085106,57.407407407407405,26.014760147601475
Jalen Johnson,Left Corner 3,17.0,5.0,29.41176470588235,0.8823529411764706,100.0,3.136531365313653
Jalen Johnson,Mid-Range,39.0,14.0,35.8974358974359,0.717948717948718,64.28571428571429,7.195571955719557
Jalen Johnson,Restricted Area,221.0,159.0,71.94570135746606,1.4389140271493213,64.15094339622641,40.774907749077485
Jalen Johnson,Right Corner 3,27.0,9.0,33.333333333333336,1.0,100.0,4.981549815498155
Jalen Pickett,Above the Break 3,62.0,23.0,37.096774193548384,1.1129032258064515,52.17391304347826,34.44444444444444
Jalen Pickett,Backcourt,1.0,0.0,0.0,0.0,,0.5555555555555556
Jalen Pickett,In The Paint (Non-RA),28.0,13.0,46.42857142857143,0.9285714285714286,38.46153846153846,15.555555555555555
Jalen Pickett,Left Corner 3,18.0,8.0,44.44444444444444,1.3333333333333333,100.0,10.0
Jalen Pickett,Mid-Range,29.0,8.0,27.586206896551722,0.5517241379310345,37.5,16.11111111111111
Jalen Pickett,Restricted Area,22.0,16.0,72.72727272727273,1.4545454545454546,50.0,12.222222222222221
Jalen Pickett,Right Corner 3,20.0,9.0,45.0,1.35,100.0,11.11111111111111
Jalen Smith,Above the Break 3,183.0,58.0,31.693989071038253,0.9508196721311475,98.27586206896552,44.85294117647059
Jalen Smith,Backcourt,1.0,1.0,100.0,3.0,100.0,0.24509803921568626
Jalen Smith,In The Paint (Non-RA),35.0,19.0,54.285714285714285,1.0857142857142856,78.94736842105263,8.57843137254902
Jalen Smith,Left Corner 3,22.0,7.0,31.818181818181817,0.9545454545454546,100.0,5.392156862745098
Jalen Smith,Mid-Range,10.0,2.0,20.0,0.4,100.0,2.450980392156863
Jalen Smith,Restricted Area,141.0,97.0,68.79432624113475,1.375886524822695,68.04123711340206,34.55882352941176
Jalen Smith,Right Corner 3,16.0,6.0,37.5,1.125,100.0,3.9215686274509802
Jalen Suggs,Above the Break 3,202.0,60.0,29.702970297029704,0.8910891089108911,71.66666666666667,41.995841995842
Jalen Suggs,Backcourt,4.0,0.0,0.0,0.0,,0.8316008316008316
Jalen Suggs,In The Paint (Non-RA),91.0,36.0,39.56043956043956,0.7912087912087912,19.444444444444443,18.91891891891892
Jalen Suggs,Left Corner 3,28.0,12.0,42.857142857142854,1.2857142857142858,100.0,5.8212058212058215
Jalen Suggs,Mid-Range,64.0,23.0,35.9375,0.71875,13.043478260869565,13.305613305613306
Jalen Suggs,Restricted Area,84.0,62.0,73.80952380952381,1.4761904761904763,27.419354838709676,17.463617463617464
Jalen Suggs,Right Corner 3,8.0,4.0,50.0,1.5,75.0,1.6632016632016633
Jalen Williams,Above the Break 3,305.0,111.0,36.39344262295082,1.0918032786885246,78.37837837837837,26.113013698630137
Jalen Williams,In The Paint (Non-RA),325.0,150.0,46.15384615384615,0.9230769230769231,34.666666666666664,27.825342465753423
Jalen Williams,Left Corner 3,23.0,10.0,43.47826086956522,1.3043478260869565,70.0,1.9691780821917808
Jalen Williams,Mid-Range,209.0,96.0,45.933014354066984,0.9186602870813397,28.125,17.893835616438356
Jalen Williams,Restricted Area,294.0,195.0,66.3265306122449,1.3265306122448979,48.717948717948715,25.17123287671233
Jalen Williams,Right Corner 3,12.0,3.0,25.0,0.75,100.0,1.0273972602739725
Jalen Wilson,Above the Break 3,248.0,84.0,33.87096774193548,1.0161290322580645,100.0,40.0
Jalen Wilson,Backcourt,1.0,0.0,0.0,0.0,,0.16129032258064516
Jalen Wilson,In The Paint (Non-RA),103.0,31.0,30.097087378640776,0.6019417475728155,77.41935483870968,16.612903225806452
Jalen Wilson,Left Corner 3,48.0,15.0,31.25,0.9375,100.0,7.741935483870968
Jalen Wilson,Mid-Range,11.0,4.0,36.36363636363637,0.7272727272727273,75.0,1.7741935483870968
Jalen Wilson,Restricted Area,144.0,89.0,61.80555555555556,1.2361111111111112,52.80898876404494,23.225806451612904
Jalen Wilson,Right Corner 3,65.0,23.0,35.38461538461539,1.0615384615384615,100.0,10.483870967741936
Jamal Cain,Above the Break 3,41.0,14.0,34.146341463414636,1.024390243902439,85.71428571428571,25.949367088607595
Jamal Cain,In The Paint (Non-RA),32.0,15.0,46.875,0.9375,60.0,20.253164556962027
Jamal Cain,Left Corner 3,20.0,6.0,30.0,0.9,100.0,12.658227848101266
Jamal Cain,Mid-Range,8.0,2.0,25.0,0.5,0.0,5.063291139240507
Jamal Cain,Restricted Area,38.0,25.0,65.78947368421052,1.3157894736842106,64.0,24.050632911392405
Jamal Cain,Right Corner 3,19.0,6.0,31.57894736842105,0.9473684210526315,83.33333333333333,12.025316455696203
Jamal Murray,Above the Break 3,354.0,141.0,39.83050847457627,1.194915254237288,58.156028368794324,31.57894736842105
Jamal Murray,Backcourt,3.0,0.0,0.0,0.0,,0.2676181980374665
Jamal Murray,In The Paint (Non-RA),232.0,112.0,48.275862068965516,0.9655172413793104,32.142857142857146,20.69580731489741
Jamal Murray,Left Corner 3,27.0,10.0,37.03703703703704,1.1111111111111112,90.0,2.408563782337199
Jamal Murray,Mid-Range,278.0,125.0,44.96402877697842,0.8992805755395683,24.8,24.7992863514719
Jamal Murray,Restricted Area,214.0,138.0,64.48598130841121,1.2897196261682242,47.82608695652174,19.090098126672615
Jamal Murray,Right Corner 3,13.0,5.0,38.46153846153846,1.1538461538461537,100.0,1.159678858162355
Jamal Shead,Above the Break 3,184.0,58.0,31.52173913043478,0.9456521739130435,84.48275862068965,36.507936507936506
Jamal Shead,Backcourt,4.0,0.0,0.0,0.0,,0.7936507936507936
Jamal Shead,In The Paint (Non-RA),135.0,58.0,42.96296296296296,0.8592592592592593,34.48275862068966,26.785714285714285
Jamal Shead,Left Corner 3,20.0,9.0,45.0,1.35,100.0,3.968253968253968
Jamal Shead,Mid-Range,39.0,11.0,28.205128205128204,0.5641025641025641,36.36363636363637,7.738095238095238
Jamal Shead,Restricted Area,107.0,63.0,58.87850467289719,1.1775700934579438,46.03174603174603,21.23015873015873
Jamal Shead,Right Corner 3,15.0,5.0,33.333333333333336,1.0,100.0,2.976190476190476
Jamaree Bouyea,Above the Break 3,5.0,1.0,20.0,0.6,0.0,41.66666666666667
Jamaree Bouyea,In The Paint (Non-RA),3.0,2.0,66.66666666666667,1.3333333333333333,100.0,25.0
Jamaree Bouyea,Restricted Area,4.0,3.0,75.0,1.5,0.0,33.33333333333333
James Harden,Above the Break 3,638.0,223.0,34.95297805642633,1.04858934169279,35.874439461883405,49.26640926640927
James Harden,In The Paint (Non-RA),312.0,126.0,40.38461538461539,0.8076923076923077,18.253968253968253,24.092664092664094
James Harden,Left Corner 3,9.0,4.0,44.44444444444444,1.3333333333333333,50.0,0.6949806949806949
James Harden,Mid-Range,110.0,49.0,44.54545454545455,0.8909090909090909,16.3265306122449,8.494208494208493
James Harden,Restricted Area,205.0,121.0,59.02439024390244,1.1804878048780487,17.355371900826448,15.83011583011583
James Harden,Right Corner 3,21.0,8.0,38.095238095238095,1.1428571428571428,62.5,1.6216216216216217
James Johnson,Above the Break 3,3.0,0.0,0.0,0.0,,27.27272727272727
James Johnson,In The Paint (Non-RA),1.0,1.0,100.0,2.0,100.0,9.090909090909092
James Johnson,Mid-Range,3.0,0.0,0.0,0.0,,27.27272727272727
James Johnson,Restricted Area,4.0,3.0,75.0,1.5,66.66666666666667,36.36363636363637
James Wiseman,Above the Break 3,1.0,0.0,0.0,0.0,,25.0
James Wiseman,In The Paint (Non-RA),2.0,2.0,100.0,2.0,100.0,50.0
James Wiseman,Mid-Range,1.0,0.0,0.0,0.0,,25.0
Jamison Battle,Above the Break 3,151.0,61.0,40.397350993377486,1.2119205298013245,96.72131147540983,43.51585014409222
Jamison Battle,In The Paint (Non-RA),25.0,12.0,48.0,0.96,75.0,7.204610951008646
Jamison Battle,Left Corner 3,64.0,28.0,43.75,1.3125,100.0,18.443804034582133
Jamison Battle,Mid-Range,22.0,10.0,45.45454545454545,0.9090909090909091,80.0,6.340057636887608
Jamison Battle,Restricted Area,41.0,22.0,53.65853658536585,1.0731707317073171,86.36363636363636,11.815561959654179
Jamison Battle,Right Corner 3,44.0,16.0,36.36363636363637,1.0909090909090908,93.75,12.680115273775217
Jarace Walker,Above the Break 3,138.0,56.0,40.57971014492754,1.2173913043478262,85.71428571428571,38.333333333333336
Jarace Walker,Backcourt,1.0,0.0,0.0,0.0,,0.2777777777777778
Jarace Walker,In The Paint (Non-RA),65.0,36.0,55.38461538461539,1.1076923076923078,63.888888888888886,18.055555555555554
Jarace Walker,Left Corner 3,23.0,9.0,39.130434782608695,1.173913043478261,100.0,6.388888888888888
Jarace Walker,Mid-Range,29.0,13.0,44.827586206896555,0.896551724137931,53.84615384615385,8.055555555555555
Jarace Walker,Restricted Area,81.0,46.0,56.79012345679013,1.1358024691358024,80.43478260869566,22.5
Jarace Walker,Right Corner 3,23.0,10.0,43.47826086956522,1.3043478260869565,100.0,6.388888888888888
Jared Butler,Above the Break 3,131.0,43.0,32.82442748091603,0.9847328244274809,72.09302325581395,28.918322295805737
Jared Butler,In The Paint (Non-RA),138.0,53.0,38.405797101449274,0.7681159420289855,18.867924528301888,30.4635761589404
Jared Butler,Left Corner 3,22.0,10.0,45.45454545454545,1.3636363636363635,90.0,4.856512141280353
Jared Butler,Mid-Range,39.0,18.0,46.15384615384615,0.9230769230769231,33.333333333333336,8.609271523178808
Jared Butler,Restricted Area,107.0,72.0,67.28971962616822,1.3457943925233644,29.166666666666668,23.62030905077263
Jared Butler,Right Corner 3,16.0,7.0,43.75,1.3125,100.0,3.532008830022075
Jared McCain,Above the Break 3,103.0,41.0,39.80582524271845,1.1941747572815533,78.04878048780488,37.591240875912405
Jared McCain,In The Paint (Non-RA),53.0,25.0,47.16981132075472,0.9433962264150944,28.0,19.34306569343066
Jared McCain,Left Corner 3,17.0,5.0,29.41176470588235,0.8823529411764706,100.0,6.204379562043796
Jared McCain,Mid-Range,18.0,9.0,50.0,1.0,33.333333333333336,6.569343065693431
Jared McCain,Restricted Area,70.0,41.0,58.57142857142857,1.1714285714285715,34.146341463414636,25.547445255474454
Jared McCain,Right Corner 3,13.0,5.0,38.46153846153846,1.1538461538461537,80.0,4.744525547445255
Jared Rhoden,Above the Break 3,21.0,4.0,19.047619047619047,0.5714285714285714,75.0,24.137931034482758
Jared Rhoden,In The Paint (Non-RA),5.0,2.0,40.0,0.8,50.0,5.747126436781609
Jared Rhoden,Left Corner 3,10.0,5.0,50.0,1.5,100.0,11.494252873563218
Jared Rhoden,Mid-Range,2.0,0.0,0.0,0.0,,2.2988505747126435
Jared Rhoden,Restricted Area,41.0,28.0,68.29268292682927,1.3658536585365855,71.42857142857143,47.12643678160919
Jared Rhoden,Right Corner 3,8.0,3.0,37.5,1.125,33.333333333333336,9.195402298850574
Jaren Jackson Jr.,Above the Break 3,300.0,113.0,37.666666666666664,1.13,93.80530973451327,24.732069249793902
Jaren Jackson Jr.,Backcourt,5.0,0.0,0.0,0.0,,0.4122011541632316
Jaren Jackson Jr.,In The Paint (Non-RA),552.0,284.0,51.44927536231884,1.0289855072463767,43.66197183098591,45.50700741962078
Jaren Jackson Jr.,Left Corner 3,40.0,15.0,37.5,1.125,100.0,3.297609233305853
Jaren Jackson Jr.,Mid-Range,73.0,34.0,46.57534246575342,0.9315068493150684,47.05882352941177,6.018136850783183
Jaren Jackson Jr.,Restricted Area,199.0,128.0,64.321608040201,1.2864321608040201,47.65625,16.40560593569662
Jaren Jackson Jr.,Right Corner 3,44.0,18.0,40.90909090909091,1.2272727272727273,100.0,3.6273701566364385
Jarred Vanderbilt,Above the Break 3,5.0,0.0,0.0,0.0,,4.132231404958678
Jarred Vanderbilt,Backcourt,1.0,0.0,0.0,0.0,,0.8264462809917356
Jarred Vanderbilt,In The Paint (Non-RA),10.0,2.0,20.0,0.4,100.0,8.264462809917356
Jarred Vanderbilt,Left Corner 3,9.0,2.0,22.22222222222222,0.6666666666666666,100.0,7.43801652892562
Jarred Vanderbilt,Restricted Area,79.0,48.0,60.75949367088607,1.2151898734177216,68.75,65.28925619834712
Jarred Vanderbilt,Right Corner 3,17.0,7.0,41.1764705882353,1.2352941176470589,100.0,14.049586776859504
Jarrett Allen,Above the Break 3,3.0,0.0,0.0,0.0,,0.46875
Jarrett Allen,In The Paint (Non-RA),186.0,110.0,59.13978494623656,1.1827956989247312,93.63636363636364,29.062500000000004
Jarrett Allen,Mid-Range,20.0,11.0,55.0,1.1,100.0,3.125
Jarrett Allen,Restricted Area,429.0,331.0,77.15617715617715,1.543123543123543,78.24773413897282,67.03125
Jarrett Allen,Right Corner 3,2.0,0.0,0.0,0.0,,0.3125
Javonte Green,Above the Break 3,71.0,24.0,33.80281690140845,1.0140845070422535,100.0,24.738675958188153
Javonte Green,In The Paint (Non-RA),39.0,13.0,33.333333333333336,0.6666666666666666,53.84615384615385,13.588850174216027
Javonte Green,Left Corner 3,28.0,6.0,21.428571428571427,0.6428571428571429,100.0,9.75609756097561
Javonte Green,Mid-Range,6.0,0.0,0.0,0.0,,2.0905923344947737
Javonte Green,Restricted Area,101.0,64.0,63.366336633663366,1.2673267326732673,65.625,35.19163763066202
Javonte Green,Right Corner 3,42.0,16.0,38.095238095238095,1.1428571428571428,100.0,14.634146341463413
Jaxson Hayes,Above the Break 3,2.0,0.0,0.0,0.0,,0.8968609865470852
Jaxson Hayes,In The Paint (Non-RA),38.0,15.0,39.473684210526315,0.7894736842105263,86.66666666666667,17.040358744394617
Jaxson Hayes,Left Corner 3,1.0,0.0,0.0,0.0,,0.4484304932735426
Jaxson Hayes,Mid-Range,2.0,1.0,50.0,1.0,100.0,0.8968609865470852
Jaxson Hayes,Restricted Area,180.0,145.0,80.55555555555556,1.6111111111111112,85.51724137931035,80.71748878923766
Jay Huff,Above the Break 3,149.0,62.0,41.61073825503356,1.2483221476510067,98.38709677419355,48.85245901639344
Jay Huff,In The Paint (Non-RA),17.0,10.0,58.8235294117647,1.1764705882352942,90.0,5.573770491803279
Jay Huff,Left Corner 3,26.0,8.0,30.76923076923077,0.9230769230769231,100.0,8.524590163934425
Jay Huff,Mid-Range,10.0,3.0,30.0,0.7,66.66666666666667,3.278688524590164
Jay Huff,Restricted Area,79.0,64.0,81.0126582278481,1.620253164556962,84.375,25.901639344262296
Jay Huff,Right Corner 3,24.0,10.0,41.666666666666664,1.25,100.0,7.868852459016394
Jaylen Brown,Above the Break 3,287.0,85.0,29.61672473867596,0.8885017421602788,64.70588235294117,25.670840787119857
Jaylen Brown,In The Paint (Non-RA),295.0,132.0,44.74576271186441,0.8949152542372881,30.303030303030305,26.386404293381037
Jaylen Brown,Left Corner 3,33.0,13.0,39.39393939393939,1.1818181818181819,92.3076923076923,2.9516994633273703
Jaylen Brown,Mid-Range,160.0,64.0,40.0,0.8,35.9375,14.311270125223613
Jaylen Brown,Restricted Area,305.0,206.0,67.54098360655738,1.3508196721311476,44.66019417475728,27.280858676207515
Jaylen Brown,Right Corner 3,38.0,18.0,47.36842105263158,1.4210526315789473,94.44444444444444,3.3989266547406083
Jaylen Clark,Above the Break 3,20.0,10.0,50.0,1.5,100.0,16.666666666666664
Jaylen Clark,Backcourt,2.0,0.0,0.0,0.0,,1.6666666666666667
Jaylen Clark,In The Paint (Non-RA),22.0,11.0,50.0,1.0,63.63636363636363,18.333333333333332
Jaylen Clark,Left Corner 3,17.0,9.0,52.94117647058823,1.588235294117647,100.0,14.166666666666666
Jaylen Clark,Mid-Range,4.0,1.0,25.0,0.5,100.0,3.3333333333333335
Jaylen Clark,Restricted Area,43.0,22.0,51.16279069767442,1.0232558139534884,50.0,35.833333333333336
Jaylen Clark,Right Corner 3,12.0,3.0,25.0,0.75,100.0,10.0
Jaylen Martin,Above the Break 3,16.0,6.0,37.5,1.125,100.0,21.62162162162162
Jaylen Martin,In The Paint (Non-RA),19.0,4.0,21.05263157894737,0.42105263157894735,50.0,25.675675675675674
Jaylen Martin,Left Corner 3,5.0,0.0,0.0,0.0,,6.756756756756757
Jaylen Martin,Mid-Range,5.0,1.0,20.0,0.4,100.0,6.756756756756757
Jaylen Martin,Restricted Area,27.0,19.0,70.37037037037037,1.4074074074074074,68.42105263157895,36.486486486486484
Jaylen Martin,Right Corner 3,2.0,1.0,50.0,1.5,100.0,2.7027027027027026
Jaylen Nowell,Above the Break 3,21.0,5.0,23.80952380952381,0.7142857142857143,100.0,28.767123287671232
Jaylen Nowell,In The Paint (Non-RA),27.0,10.0,37.03703703703704,0.7407407407407407,20.0,36.986301369863014
Jaylen Nowell,Left Corner 3,3.0,3.0,100.0,3.0,100.0,4.10958904109589
Jaylen Nowell,Mid-Range,7.0,2.0,28.571428571428573,0.5714285714285714,50.0,9.58904109589041
Jaylen Nowell,Restricted Area,12.0,6.0,50.0,1.0,33.333333333333336,16.43835616438356
Jaylen Nowell,Right Corner 3,3.0,0.0,0.0,0.0,,4.10958904109589
Jaylen Sims,Above the Break 3,12.0,5.0,41.666666666666664,1.25,80.0,42.857142857142854
Jaylen Sims,In The Paint (Non-RA),6.0,1.0,16.666666666666668,0.3333333333333333,100.0,21.428571428571427
Jaylen Sims,Left Corner 3,1.0,0.0,0.0,0.0,,3.571428571428571
Jaylen Sims,Mid-Range,2.0,1.0,50.0,1.0,0.0,7.142857142857142
Jaylen Sims,Restricted Area,5.0,4.0,80.0,1.6,75.0,17.857142857142858
Jaylen Sims,Right Corner 3,2.0,1.0,50.0,1.5,100.0,7.142857142857142
Jaylen Wells,Above the Break 3,238.0,82.0,34.45378151260504,1.0336134453781514,86.58536585365853,35.20710059171598
Jaylen Wells,In The Paint (Non-RA),104.0,43.0,41.34615384615385,0.8269230769230769,51.16279069767442,15.384615384615385
Jaylen Wells,Left Corner 3,100.0,35.0,35.0,1.05,97.14285714285714,14.792899408284024
Jaylen Wells,Mid-Range,66.0,27.0,40.90909090909091,0.8181818181818182,66.66666666666667,9.763313609467456
Jaylen Wells,Restricted Area,114.0,79.0,69.29824561403508,1.3859649122807018,73.41772151898734,16.86390532544379
Jaylen Wells,Right Corner 3,54.0,21.0,38.888888888888886,1.1666666666666667,95.23809523809524,7.988165680473373
Jaylin Williams,Above the Break 3,129.0,47.0,36.434108527131784,1.0930232558139534,95.74468085106383,58.371040723981906
Jaylin Williams,Backcourt,1.0,0.0,0.0,0.0,,0.4524886877828055
Jaylin Williams,In The Paint (Non-RA),17.0,7.0,41.1764705882353,0.8235294117647058,85.71428571428571,7.6923076923076925
Jaylin Williams,Left Corner 3,10.0,7.0,70.0,2.1,100.0,4.524886877828054
Jaylin Williams,Mid-Range,12.0,4.0,33.333333333333336,0.6666666666666666,75.0,5.429864253393665
Jaylin Williams,Restricted Area,39.0,25.0,64.1025641025641,1.2820512820512822,56.0,17.647058823529413
Jaylin Williams,Right Corner 3,13.0,7.0,53.84615384615385,1.6153846153846154,100.0,5.88235294117647
Jaylon Tyson,Above the Break 3,31.0,11.0,35.483870967741936,1.064516129032258,72.72727272727273,20.80536912751678
Jaylon Tyson,In The Paint (Non-RA),31.0,13.0,41.935483870967744,0.8387096774193549,30.76923076923077,20.80536912751678
Jaylon Tyson,Left Corner 3,13.0,1.0,7.6923076923076925,0.23076923076923078,100.0,8.724832214765101
Jaylon Tyson,Mid-Range,9.0,3.0,33.333333333333336,0.6666666666666666,66.66666666666667,6.0402684563758395
Jaylon Tyson,Restricted Area,51.0,28.0,54.90196078431372,1.0980392156862746,53.57142857142857,34.22818791946309
Jaylon Tyson,Right Corner 3,14.0,8.0,57.142857142857146,1.7142857142857142,100.0,9.395973154362416
Jayson Tatum,Above the Break 3,683.0,230.0,33.674963396778914,1.0102489019033676,42.17391304347826,46.62116040955631
Jayson Tatum,In The Paint (Non-RA),183.0,82.0,44.80874316939891,0.8961748633879781,19.51219512195122,12.491467576791809
Jayson Tatum,Left Corner 3,34.0,13.0,38.23529411764706,1.1470588235294117,100.0,2.3208191126279862
Jayson Tatum,Mid-Range,212.0,84.0,39.62264150943396,0.7924528301886793,30.952380952380953,14.47098976109215
Jayson Tatum,Restricted Area,342.0,246.0,71.9298245614035,1.4385964912280702,41.46341463414634,23.344709897610922
Jayson Tatum,Right Corner 3,11.0,7.0,63.63636363636363,1.9090909090909092,71.42857142857143,0.7508532423208191
Jazian Gortman,Above the Break 3,6.0,2.0,33.333333333333336,1.0,50.0,26.08695652173913
Jazian Gortman,In The Paint (Non-RA),4.0,1.0,25.0,0.5,0.0,17.391304347826086
Jazian Gortman,Left Corner 3,3.0,0.0,0.0,0.0,,13.043478260869565
Jazian Gortman,Mid-Range,4.0,2.0,50.0,1.0,50.0,17.391304347826086
Jazian Gortman,Restricted Area,4.0,2.0,50.0,1.0,0.0,17.391304347826086
Jazian Gortman,Right Corner 3,2.0,2.0,100.0,3.0,100.0,8.695652173913043
Jeff Dowtin Jr.,Above the Break 3,53.0,21.0,39.62264150943396,1.1886792452830188,47.61904761904762,23.043478260869566
Jeff Dowtin Jr.,In The Paint (Non-RA),55.0,28.0,50.90909090909091,1.018181818181818,14.285714285714286,23.91304347826087
Jeff Dowtin Jr.,Left Corner 3,11.0,4.0,36.36363636363637,1.0909090909090908,100.0,4.782608695652174
Jeff Dowtin Jr.,Mid-Range,45.0,21.0,46.666666666666664,0.9333333333333333,42.857142857142854,19.565217391304348
Jeff Dowtin Jr.,Restricted Area,60.0,35.0,58.333333333333336,1.1666666666666667,34.285714285714285,26.08695652173913
Jeff Dowtin Jr.,Right Corner 3,6.0,3.0,50.0,1.5,100.0,2.608695652173913
Jeff Green,Above the Break 3,36.0,13.0,36.111111111111114,1.0833333333333333,92.3076923076923,29.75206611570248
Jeff Green,In The Paint (Non-RA),13.0,9.0,69.23076923076923,1.3846153846153846,33.333333333333336,10.743801652892563
Jeff Green,Left Corner 3,22.0,7.0,31.818181818181817,0.9545454545454546,100.0,18.181818181818183
Jeff Green,Mid-Range,12.0,10.0,83.33333333333333,1.6666666666666667,50.0,9.917355371900827
Jeff Green,Restricted Area,17.0,13.0,76.47058823529412,1.5294117647058822,69.23076923076923,14.049586776859504
Jeff Green,Right Corner 3,21.0,9.0,42.857142857142854,1.2857142857142858,100.0,17.355371900826448
Jerami Grant,Above the Break 3,180.0,65.0,36.111111111111114,1.0833333333333333,96.92307692307692,31.3588850174216
Jerami Grant,In The Paint (Non-RA),76.0,18.0,23.68421052631579,0.47368421052631576,38.888888888888886,13.240418118466899
Jerami Grant,Left Corner 3,39.0,15.0,38.46153846153846,1.1538461538461537,93.33333333333333,6.794425087108014
Jerami Grant,Mid-Range,56.0,20.0,35.714285714285715,0.7142857142857143,40.0,9.75609756097561
Jerami Grant,Restricted Area,147.0,68.0,46.25850340136054,0.9251700680272109,58.8235294117647,25.609756097560975
Jerami Grant,Right Corner 3,76.0,28.0,36.8421052631579,1.105263157894737,96.42857142857143,13.240418118466899
Jeremiah Robinson-Earl,Above the Break 3,72.0,16.0,22.22222222222222,0.6666666666666666,100.0,20.7492795389049
Jeremiah Robinson-Earl,In The Paint (Non-RA),41.0,16.0,39.02439024390244,0.7804878048780488,81.25,11.815561959654179
Jeremiah Robinson-Earl,Left Corner 3,42.0,20.0,47.61904761904762,1.4285714285714286,90.0,12.103746397694524
Jeremiah Robinson-Earl,Mid-Range,24.0,10.0,41.666666666666664,0.8333333333333334,80.0,6.9164265129683
Jeremiah Robinson-Earl,Restricted Area,118.0,76.0,64.40677966101696,1.2881355932203389,65.78947368421052,34.00576368876081
Jeremiah Robinson-Earl,Right Corner 3,50.0,20.0,40.0,1.2,100.0,14.409221902017292
Jeremy Sochan,Above the Break 3,53.0,17.0,32.075471698113205,0.9622641509433962,94.11764705882354,11.300639658848615
Jeremy Sochan,In The Paint (Non-RA),71.0,22.0,30.985915492957748,0.6197183098591549,59.09090909090909,15.13859275053305
Jeremy Sochan,Left Corner 3,15.0,6.0,40.0,1.2,100.0,3.1982942430703627
Jeremy Sochan,Mid-Range,16.0,3.0,18.75,0.375,100.0,3.411513859275053
Jeremy Sochan,Restricted Area,291.0,198.0,68.04123711340206,1.3608247422680413,75.75757575757575,62.046908315565034
Jeremy Sochan,Right Corner 3,23.0,5.0,21.73913043478261,0.6521739130434783,100.0,4.904051172707889
Jericho Sims,In The Paint (Non-RA),10.0,3.0,30.0,0.6,100.0,14.084507042253522
Jericho Sims,Mid-Range,1.0,1.0,100.0,2.0,100.0,1.4084507042253522
Jericho Sims,Restricted Area,60.0,41.0,68.33333333333333,1.3666666666666667,78.04878048780488,84.50704225352112
Jett Howard,Above the Break 3,138.0,38.0,27.536231884057973,0.8260869565217391,86.84210526315789,52.67175572519084
Jett Howard,Backcourt,2.0,0.0,0.0,0.0,,0.7633587786259541
Jett Howard,In The Paint (Non-RA),20.0,8.0,40.0,0.8,25.0,7.633587786259542
Jett Howard,Left Corner 3,27.0,10.0,37.03703703703704,1.1111111111111112,100.0,10.305343511450381
Jett Howard,Mid-Range,24.0,12.0,50.0,1.0,58.333333333333336,9.16030534351145
Jett Howard,Restricted Area,32.0,23.0,71.875,1.4375,52.17391304347826,12.213740458015266
Jett Howard,Right Corner 3,19.0,7.0,36.8421052631579,1.105263157894737,100.0,7.251908396946565
Jevon Carter,Above the Break 3,80.0,25.0,31.25,0.9375,72.0,54.794520547945204
Jevon Carter,In The Paint (Non-RA),13.0,6.0,46.15384615384615,0.9230769230769231,83.33333333333333,8.904109589041095
Jevon Carter,Left Corner 3,19.0,6.0,31.57894736842105,0.9473684210526315,83.33333333333333,13.013698630136986
Jevon Carter,Mid-Range,13.0,6.0,46.15384615384615,0.9230769230769231,83.33333333333333,8.904109589041095
Jevon Carter,Restricted Area,15.0,8.0,53.333333333333336,1.0666666666666667,25.0,10.273972602739725
Jevon Carter,Right Corner 3,6.0,4.0,66.66666666666667,2.0,75.0,4.10958904109589
Jimmy Butler III,Above the Break 3,47.0,11.0,23.404255319148938,0.7021276595744681,81.81818181818181,7.872696817420436
Jimmy Butler III,Backcourt,2.0,0.0,0.0,0.0,,0.33500837520938026
Jimmy Butler III,In The Paint (Non-RA),152.0,61.0,40.13157894736842,0.8026315789473685,52.459016393442624,25.4606365159129
Jimmy Butler III,Left Corner 3,22.0,7.0,31.818181818181817,0.9545454545454546,71.42857142857143,3.6850921273031827
Jimmy Butler III,Mid-Range,87.0,31.0,35.632183908045974,0.7126436781609196,32.25806451612903,14.572864321608039
Jimmy Butler III,Restricted Area,254.0,177.0,69.68503937007874,1.3937007874015748,60.451977401129945,42.54606365159129
Jimmy Butler III,Right Corner 3,33.0,14.0,42.42424242424242,1.2727272727272727,100.0,5.527638190954774
Jock Landale,Above the Break 3,24.0,11.0,45.833333333333336,1.375,90.9090909090909,15.789473684210526
Jock Landale,In The Paint (Non-RA),40.0,18.0,45.0,0.9,77.77777777777777,26.31578947368421
Jock Landale,Left Corner 3,1.0,0.0,0.0,0.0,,0.6578947368421052
Jock Landale,Mid-Range,18.0,8.0,44.44444444444444,0.8888888888888888,87.5,11.842105263157894
Jock Landale,Restricted Area,68.0,44.0,64.70588235294117,1.2941176470588236,52.27272727272727,44.73684210526316
Jock Landale,Right Corner 3,1.0,0.0,0.0,0.0,,0.6578947368421052
Joe Ingles,Above the Break 3,13.0,3.0,23.076923076923077,0.6923076923076923,100.0,56.52173913043478
Joe Ingles,In The Paint (Non-RA),6.0,3.0,50.0,1.0,100.0,26.08695652173913
Joe Ingles,Mid-Range,1.0,0.0,0.0,0.0,,4.3478260869565215
Joe Ingles,Restricted Area,1.0,0.0,0.0,0.0,,4.3478260869565215
Joe Ingles,Right Corner 3,2.0,0.0,0.0,0.0,,8.695652173913043
Joel Embiid,Above the Break 3,77.0,23.0,29.87012987012987,0.8961038961038961,95.65217391304348,24.444444444444443
Joel Embiid,In The Paint (Non-RA),77.0,36.0,46.753246753246756,0.935064935064935,47.22222222222222,24.444444444444443
Joel Embiid,Mid-Range,83.0,32.0,38.55421686746988,0.7710843373493976,53.125,26.34920634920635
Joel Embiid,Restricted Area,78.0,49.0,62.82051282051282,1.2564102564102564,59.183673469387756,24.761904761904763
John Collins,Above the Break 3,90.0,34.0,37.77777777777778,1.1333333333333333,97.05882352941177,16.94915254237288
John Collins,In The Paint (Non-RA),162.0,83.0,51.23456790123457,1.0246913580246915,69.87951807228916,30.508474576271187
John Collins,Left Corner 3,24.0,8.0,33.333333333333336,1.0,87.5,4.519774011299435
John Collins,Mid-Range,47.0,20.0,42.5531914893617,0.851063829787234,75.0,8.851224105461393
John Collins,Restricted Area,174.0,118.0,67.816091954023,1.3563218390804597,59.32203389830509,32.7683615819209
John Collins,Right Corner 3,34.0,17.0,50.0,1.5,100.0,6.4030131826742
John Konchar,Above the Break 3,28.0,11.0,39.285714285714285,1.1785714285714286,100.0,30.76923076923077
John Konchar,Backcourt,1.0,0.0,0.0,0.0,,1.098901098901099
John Konchar,In The Paint (Non-RA),3.0,1.0,33.333333333333336,0.6666666666666666,100.0,3.296703296703297
John Konchar,Left Corner 3,24.0,9.0,37.5,1.125,100.0,26.373626373626376
John Konchar,Mid-Range,2.0,0.0,0.0,0.0,,2.197802197802198
John Konchar,Restricted Area,24.0,17.0,70.83333333333333,1.4166666666666667,64.70588235294117,26.373626373626376
John Konchar,Right Corner 3,9.0,3.0,33.333333333333336,1.0,100.0,9.89010989010989
Johnny Davis,Above the Break 3,17.0,5.0,29.41176470588235,0.8823529411764706,100.0,21.794871794871796
Johnny Davis,In The Paint (Non-RA),19.0,6.0,31.57894736842105,0.631578947368421,83.33333333333333,24.358974358974358
Johnny Davis,Left Corner 3,5.0,1.0,20.0,0.6,100.0,6.41025641025641
Johnny Davis,Mid-Range,5.0,3.0,60.0,1.2,33.333333333333336,6.41025641025641
Johnny Davis,Restricted Area,25.0,16.0,64.0,1.28,68.75,32.05128205128205
Johnny Davis,Right Corner 3,7.0,1.0,14.285714285714286,0.42857142857142855,100.0,8.974358974358974
Johnny Furphy,Above the Break 3,28.0,7.0,25.0,0.75,100.0,30.434782608695656
Johnny Furphy,In The Paint (Non-RA),9.0,3.0,33.333333333333336,0.6666666666666666,100.0,9.782608695652174
Johnny Furphy,Left Corner 3,14.0,4.0,28.571428571428573,0.8571428571428571,75.0,15.217391304347828
Johnny Furphy,Mid-Range,2.0,0.0,0.0,0.0,,2.1739130434782608
Johnny Furphy,Restricted Area,31.0,17.0,54.83870967741935,1.096774193548387,82.3529411764706,33.69565217391305
Johnny Furphy,Right Corner 3,8.0,4.0,50.0,1.5,100.0,8.695652173913043
Johnny Juzang,Above the Break 3,185.0,65.0,35.13513513513514,1.054054054054054,86.15384615384616,38.94736842105263
Johnny Juzang,In The Paint (Non-RA),74.0,34.0,45.945945945945944,0.918918918918919,52.94117647058823,15.578947368421053
Johnny Juzang,Left Corner 3,61.0,23.0,37.704918032786885,1.1311475409836065,95.65217391304348,12.842105263157894
Johnny Juzang,Mid-Range,33.0,16.0,48.484848484848484,0.9696969696969697,50.0,6.947368421052631
Johnny Juzang,Restricted Area,54.0,36.0,66.66666666666667,1.3333333333333333,72.22222222222223,11.368421052631579
Johnny Juzang,Right Corner 3,68.0,30.0,44.11764705882353,1.3235294117647058,90.0,14.315789473684209
Jonas Valančiūnas,Above the Break 3,34.0,8.0,23.529411764705884,0.7058823529411765,100.0,5.422647527910686
Jonas Valančiūnas,In The Paint (Non-RA),218.0,113.0,51.8348623853211,1.036697247706422,62.83185840707964,34.76874003189793
Jonas Valančiūnas,Left Corner 3,1.0,0.0,0.0,0.0,,0.1594896331738437
Jonas Valančiūnas,Mid-Range,112.0,47.0,41.964285714285715,0.8392857142857143,82.97872340425532,17.862838915470494
Jonas Valančiūnas,Restricted Area,260.0,177.0,68.07692307692308,1.3615384615384616,46.89265536723164,41.46730462519936
Jonas Valančiūnas,Right Corner 3,2.0,0.0,0.0,0.0,,0.3189792663476874
Jonathan Isaac,Above the Break 3,54.0,9.0,16.666666666666668,0.5,100.0,16.666666666666664
Jonathan Isaac,In The Paint (Non-RA),11.0,5.0,45.45454545454545,0.9090909090909091,80.0,3.3950617283950617
Jonathan Isaac,Left Corner 3,36.0,8.0,22.22222222222222,0.6666666666666666,100.0,11.11111111111111
Jonathan Isaac,Mid-Range,43.0,13.0,30.232558139534884,0.6046511627906976,69.23076923076923,13.271604938271606
Jonathan Isaac,Restricted Area,119.0,77.0,64.70588235294117,1.2941176470588236,50.64935064935065,36.7283950617284
Jonathan Isaac,Right Corner 3,61.0,22.0,36.0655737704918,1.0819672131147542,100.0,18.82716049382716
Jonathan Kuminga,Above the Break 3,103.0,33.0,32.03883495145631,0.9611650485436893,87.87878787878788,18.133802816901408
Jonathan Kuminga,Backcourt,2.0,0.0,0.0,0.0,,0.35211267605633806
Jonathan Kuminga,In The Paint (Non-RA),187.0,73.0,39.037433155080215,0.7807486631016043,41.0958904109589,32.92253521126761
Jonathan Kuminga,Left Corner 3,26.0,8.0,30.76923076923077,0.9230769230769231,87.5,4.577464788732395
Jonathan Kuminga,Mid-Range,54.0,13.0,24.074074074074073,0.48148148148148145,30.76923076923077,9.507042253521126
Jonathan Kuminga,Restricted Area,176.0,126.0,71.5909090909091,1.4318181818181819,60.317460317460316,30.985915492957744
Jonathan Kuminga,Right Corner 3,20.0,5.0,25.0,0.75,100.0,3.5211267605633805
Jonathan Mogbo,Above the Break 3,35.0,7.0,20.0,0.6,100.0,9.831460674157304
Jonathan Mogbo,Backcourt,2.0,0.0,0.0,0.0,,0.5617977528089888
Jonathan Mogbo,In The Paint (Non-RA),70.0,22.0,31.428571428571427,0.6285714285714286,59.09090909090909,19.662921348314608
Jonathan Mogbo,Left Corner 3,15.0,3.0,20.0,0.6,100.0,4.213483146067416
Jonathan Mogbo,Mid-Range,28.0,6.0,21.428571428571427,0.42857142857142855,66.66666666666667,7.865168539325842
Jonathan Mogbo,Restricted Area,188.0,111.0,59.04255319148936,1.1808510638297873,73.87387387387388,52.80898876404494
Jonathan Mogbo,Right Corner 3,18.0,7.0,38.888888888888886,1.1666666666666667,100.0,5.056179775280898
Jordan Clarkson,Above the Break 3,203.0,72.0,35.467980295566505,1.064039408866995,63.888888888888886,41.17647058823529
Jordan Clarkson,Backcourt,3.0,0.0,0.0,0.0,,0.6085192697768762
Jordan Clarkson,In The Paint (Non-RA),154.0,64.0,41.55844155844156,0.8311688311688312,26.5625,31.237322515212984
Jordan Clarkson,Left Corner 3,12.0,6.0,50.0,1.5,100.0,2.434077079107505
Jordan Clarkson,Mid-Range,48.0,19.0,39.583333333333336,0.7916666666666666,42.10526315789474,9.73630831643002
Jordan Clarkson,Restricted Area,59.0,34.0,57.6271186440678,1.152542372881356,23.529411764705884,11.967545638945234
Jordan Clarkson,Right Corner 3,14.0,6.0,42.857142857142854,1.2857142857142858,100.0,2.839756592292089
Jordan Goodwin,Above the Break 3,35.0,13.0,37.142857142857146,1.1142857142857143,92.3076923076923,24.305555555555554
Jordan Goodwin,In The Paint (Non-RA),37.0,18.0,48.648648648648646,0.972972972972973,66.66666666666667,25.694444444444443
Jordan Goodwin,Left Corner 3,16.0,4.0,25.0,0.75,100.0,11.11111111111111
Jordan Goodwin,Mid-Range,12.0,5.0,41.666666666666664,0.8333333333333334,20.0,8.333333333333332
Jordan Goodwin,Restricted Area,27.0,14.0,51.851851851851855,1.037037037037037,28.571428571428573,18.75
Jordan Goodwin,Right Corner 3,17.0,9.0,52.94117647058823,1.588235294117647,100.0,11.805555555555555
Jordan Hawkins,Above the Break 3,245.0,75.0,30.612244897959183,0.9183673469387755,89.33333333333333,44.064748201438846
Jordan Hawkins,In The Paint (Non-RA),69.0,27.0,39.130434782608695,0.782608695652174,62.96296296296296,12.410071942446043
Jordan Hawkins,Left Corner 3,52.0,18.0,34.61538461538461,1.0384615384615385,88.88888888888889,9.352517985611511
Jordan Hawkins,Mid-Range,97.0,38.0,39.175257731958766,0.7835051546391752,71.05263157894737,17.446043165467625
Jordan Hawkins,Restricted Area,58.0,32.0,55.172413793103445,1.103448275862069,53.125,10.431654676258994
Jordan Hawkins,Right Corner 3,35.0,17.0,48.57142857142857,1.457142857142857,100.0,6.294964028776978
Jordan McLaughlin,Above the Break 3,32.0,16.0,50.0,1.5,62.5,44.44444444444444
Jordan McLaughlin,Backcourt,1.0,0.0,0.0,0.0,,1.3888888888888888
Jordan McLaughlin,In The Paint (Non-RA),10.0,3.0,30.0,0.6,0.0,13.88888888888889
Jordan McLaughlin,Left Corner 3,8.0,0.0,0.0,0.0,,11.11111111111111
Jordan McLaughlin,Mid-Range,6.0,3.0,50.0,1.0,66.66666666666667,8.333333333333332
Jordan McLaughlin,Restricted Area,10.0,6.0,60.0,1.2,50.0,13.88888888888889
Jordan McLaughlin,Right Corner 3,5.0,3.0,60.0,1.8,100.0,6.944444444444445
Jordan Miller,Above the Break 3,25.0,6.0,24.0,0.72,100.0,18.65671641791045
Jordan Miller,In The Paint (Non-RA),33.0,16.0,48.484848484848484,0.9696969696969697,56.25,24.62686567164179
Jordan Miller,Left Corner 3,9.0,1.0,11.11111111111111,0.3333333333333333,100.0,6.7164179104477615
Jordan Miller,Mid-Range,5.0,1.0,20.0,0.4,0.0,3.731343283582089
Jordan Miller,Restricted Area,58.0,33.0,56.89655172413793,1.1379310344827587,45.45454545454545,43.28358208955223
Jordan Miller,Right Corner 3,4.0,1.0,25.0,0.75,100.0,2.9850746268656714
Jordan Poole,Above the Break 3,562.0,216.0,38.43416370106762,1.1530249110320285,54.166666666666664,53.169347209082304
Jordan Poole,Backcourt,3.0,0.0,0.0,0.0,,0.28382213812677387
Jordan Poole,In The Paint (Non-RA),140.0,47.0,33.57142857142857,0.6714285714285714,31.914893617021278,13.245033112582782
Jordan Poole,Left Corner 3,23.0,12.0,52.17391304347826,1.565217391304348,91.66666666666667,2.1759697256385997
Jordan Poole,Mid-Range,74.0,25.0,33.78378378378378,0.6756756756756757,36.0,7.000946073793755
Jordan Poole,Restricted Area,221.0,150.0,67.87330316742081,1.3574660633484164,35.333333333333336,20.908230842005675
Jordan Poole,Right Corner 3,34.0,7.0,20.58823529411765,0.6176470588235294,100.0,3.216650898770104
Jordan Walsh,Above the Break 3,31.0,9.0,29.032258064516128,0.8709677419354839,100.0,37.34939759036144
Jordan Walsh,In The Paint (Non-RA),10.0,3.0,30.0,0.6,66.66666666666667,12.048192771084338
Jordan Walsh,Left Corner 3,14.0,3.0,21.428571428571427,0.6428571428571429,100.0,16.867469879518072
Jordan Walsh,Restricted Area,18.0,12.0,66.66666666666667,1.3333333333333333,41.666666666666664,21.686746987951807
Jordan Walsh,Right Corner 3,10.0,3.0,30.0,0.9,100.0,12.048192771084338
Jose Alvarado,Above the Break 3,244.0,88.0,36.0655737704918,1.0819672131147542,63.63636363636363,46.83301343570058
Jose Alvarado,Backcourt,1.0,0.0,0.0,0.0,,0.19193857965451055
Jose Alvarado,In The Paint (Non-RA),112.0,41.0,36.607142857142854,0.7321428571428571,41.46341463414634,21.497120921305182
Jose Alvarado,Left Corner 3,25.0,12.0,48.0,1.44,100.0,4.798464491362764
Jose Alvarado,Mid-Range,21.0,9.0,42.857142857142854,0.8571428571428571,33.333333333333336,4.030710172744722
Jose Alvarado,Restricted Area,79.0,43.0,54.43037974683544,1.0886075949367089,34.883720930232556,15.163147792706333
Jose Alvarado,Right Corner 3,39.0,11.0,28.205128205128204,0.8461538461538461,90.9090909090909,7.485604606525912
Josh Christopher,Above the Break 3,9.0,2.0,22.22222222222222,0.6666666666666666,100.0,29.03225806451613
Josh Christopher,In The Paint (Non-RA),6.0,2.0,33.333333333333336,0.6666666666666666,50.0,19.35483870967742
Josh Christopher,Left Corner 3,1.0,0.0,0.0,0.0,,3.225806451612903
Josh Christopher,Mid-Range,1.0,0.0,0.0,0.0,,3.225806451612903
Josh Christopher,Restricted Area,13.0,7.0,53.84615384615385,1.0769230769230769,57.142857142857146,41.935483870967744
Josh Christopher,Right Corner 3,1.0,0.0,0.0,0.0,,3.225806451612903
Josh Giddey,Above the Break 3,198.0,73.0,36.86868686868687,1.106060606060606,89.04109589041096,24.81203007518797
Josh Giddey,Backcourt,1.0,1.0,100.0,3.0,100.0,0.12531328320802004
Josh Giddey,In The Paint (Non-RA),207.0,100.0,48.309178743961354,0.966183574879227,36.0,25.93984962406015
Josh Giddey,Left Corner 3,46.0,19.0,41.30434782608695,1.2391304347826086,89.47368421052632,5.764411027568922
Josh Giddey,Mid-Range,58.0,19.0,32.758620689655174,0.6551724137931034,47.36842105263158,7.268170426065162
Josh Giddey,Restricted Area,255.0,147.0,57.64705882352941,1.1529411764705881,44.21768707482993,31.954887218045116
Josh Giddey,Right Corner 3,33.0,12.0,36.36363636363637,1.0909090909090908,91.66666666666667,4.135338345864661
Josh Green,Above the Break 3,94.0,34.0,36.170212765957444,1.0851063829787233,97.05882352941177,22.327790973871732
Josh Green,Backcourt,1.0,0.0,0.0,0.0,,0.23752969121140144
Josh Green,In The Paint (Non-RA),52.0,18.0,34.61538461538461,0.6923076923076923,77.77777777777777,12.351543942992874
Josh Green,Left Corner 3,76.0,32.0,42.10526315789474,1.263157894736842,96.875,18.052256532066508
Josh Green,Mid-Range,33.0,12.0,36.36363636363637,0.7272727272727273,75.0,7.8384798099762465
Josh Green,Restricted Area,88.0,53.0,60.22727272727273,1.2045454545454546,52.83018867924528,20.902612826603324
Josh Green,Right Corner 3,77.0,31.0,40.25974025974026,1.2077922077922079,100.0,18.28978622327791
Josh Hart,Above the Break 3,186.0,64.0,34.40860215053763,1.032258064516129,84.375,24.155844155844157
Josh Hart,Backcourt,1.0,0.0,0.0,0.0,,0.12987012987012986
Josh Hart,In The Paint (Non-RA),117.0,50.0,42.73504273504273,0.8547008547008547,70.0,15.194805194805195
Josh Hart,Left Corner 3,35.0,10.0,28.571428571428573,0.8571428571428571,90.0,4.545454545454546
Josh Hart,Mid-Range,52.0,24.0,46.15384615384615,0.9230769230769231,62.5,6.753246753246753
Josh Hart,Restricted Area,348.0,246.0,70.6896551724138,1.4137931034482758,59.34959349593496,45.19480519480519
Josh Hart,Right Corner 3,31.0,10.0,32.25806451612903,0.967741935483871,100.0,4.025974025974026
Josh Minott,Above the Break 3,17.0,5.0,29.41176470588235,0.8823529411764706,100.0,18.88888888888889
Josh Minott,In The Paint (Non-RA),7.0,5.0,71.42857142857143,1.4285714285714286,60.0,7.777777777777778
Josh Minott,Left Corner 3,20.0,6.0,30.0,0.9,100.0,22.22222222222222
Josh Minott,Mid-Range,1.0,0.0,0.0,0.0,,1.1111111111111112
Josh Minott,Restricted Area,39.0,25.0,64.1025641025641,1.2820512820512822,72.0,43.333333333333336
Josh Minott,Right Corner 3,6.0,3.0,50.0,1.5,100.0,6.666666666666667
Josh Okogie,Above the Break 3,43.0,13.0,30.232558139534884,0.9069767441860465,100.0,20.28301886792453
Josh Okogie,In The Paint (Non-RA),39.0,12.0,30.76923076923077,0.6153846153846154,91.66666666666667,18.39622641509434
Josh Okogie,Left Corner 3,27.0,9.0,33.333333333333336,1.0,100.0,12.735849056603774
Josh Okogie,Mid-Range,8.0,2.0,25.0,0.5,100.0,3.7735849056603774
Josh Okogie,Restricted Area,73.0,48.0,65.75342465753425,1.3150684931506849,54.166666666666664,34.43396226415094
Josh Okogie,Right Corner 3,22.0,10.0,45.45454545454545,1.3636363636363635,100.0,10.377358490566039
Josh Richardson,Above the Break 3,16.0,5.0,31.25,0.9375,100.0,42.10526315789473
Josh Richardson,In The Paint (Non-RA),8.0,2.0,25.0,0.5,100.0,21.052631578947366
Josh Richardson,Left Corner 3,2.0,0.0,0.0,0.0,,5.263157894736842
Josh Richardson,Mid-Range,4.0,1.0,25.0,0.5,100.0,10.526315789473683
Josh Richardson,Restricted Area,4.0,2.0,50.0,1.0,100.0,10.526315789473683
Josh Richardson,Right Corner 3,4.0,1.0,25.0,0.75,100.0,10.526315789473683
Jrue Holiday,Above the Break 3,204.0,77.0,37.745098039215684,1.1323529411764706,81.81818181818181,35.602094240837694
Jrue Holiday,In The Paint (Non-RA),95.0,35.0,36.8421052631579,0.7368421052631579,45.714285714285715,16.57940663176265
Jrue Holiday,Left Corner 3,60.0,18.0,30.0,0.9,94.44444444444444,10.471204188481675
Jrue Holiday,Mid-Range,40.0,18.0,45.0,0.9,27.77777777777778,6.980802792321117
Jrue Holiday,Restricted Area,132.0,93.0,70.45454545454545,1.4090909090909092,54.83870967741935,23.036649214659686
Jrue Holiday,Right Corner 3,42.0,13.0,30.952380952380953,0.9285714285714286,100.0,7.329842931937172
Julian Champagnie,Above the Break 3,328.0,116.0,35.36585365853659,1.0609756097560976,97.41379310344827,49.32330827067669
Julian Champagnie,In The Paint (Non-RA),42.0,11.0,26.19047619047619,0.5238095238095238,81.81818181818181,6.315789473684211
Julian Champagnie,Left Corner 3,84.0,37.0,44.04761904761905,1.3214285714285714,100.0,12.631578947368421
Julian Champagnie,Mid-Range,17.0,7.0,41.1764705882353,0.8235294117647058,100.0,2.556390977443609
Julian Champagnie,Restricted Area,126.0,80.0,63.492063492063494,1.2698412698412698,70.0,18.947368421052634
Julian Champagnie,Right Corner 3,68.0,25.0,36.76470588235294,1.1029411764705883,92.0,10.225563909774436
Julian Phillips,Above the Break 3,50.0,9.0,18.0,0.54,100.0,17.421602787456447
Julian Phillips,In The Paint (Non-RA),29.0,14.0,48.275862068965516,0.9655172413793104,85.71428571428571,10.104529616724738
Julian Phillips,Left Corner 3,50.0,20.0,40.0,1.2,100.0,17.421602787456447
Julian Phillips,Mid-Range,2.0,1.0,50.0,1.0,100.0,0.6968641114982579
Julian Phillips,Restricted Area,103.0,63.0,61.16504854368932,1.2233009708737863,63.492063492063494,35.88850174216028
Julian Phillips,Right Corner 3,53.0,21.0,39.62264150943396,1.1886792452830188,100.0,18.466898954703833
Julian Strawther,Above the Break 3,227.0,73.0,32.158590308370044,0.9647577092511013,86.3013698630137,46.70781893004115
Julian Strawther,In The Paint (Non-RA),104.0,48.0,46.15384615384615,0.9230769230769231,72.91666666666667,21.39917695473251
Julian Strawther,Left Corner 3,26.0,14.0,53.84615384615385,1.6153846153846154,100.0,5.349794238683128
Julian Strawther,Mid-Range,24.0,10.0,41.666666666666664,0.8333333333333334,90.0,4.938271604938271
Julian Strawther,Restricted Area,89.0,58.0,65.1685393258427,1.303370786516854,68.96551724137932,18.31275720164609
Julian Strawther,Right Corner 3,16.0,7.0,43.75,1.3125,100.0,3.292181069958848
Julius Randle,Above the Break 3,239.0,86.0,35.98326359832636,1.0794979079497908,80.23255813953489,25.452609158679447
Julius Randle,Backcourt,1.0,0.0,0.0,0.0,,0.10649627263045794
Julius Randle,In The Paint (Non-RA),256.0,108.0,42.1875,0.84375,35.18518518518518,27.263045793397232
Julius Randle,Left Corner 3,38.0,9.0,23.68421052631579,0.7105263157894737,100.0,4.046858359957402
Julius Randle,Mid-Range,75.0,33.0,44.0,0.88,36.36363636363637,7.987220447284344
Julius Randle,Restricted Area,294.0,206.0,70.06802721088435,1.401360544217687,50.970873786407765,31.309904153354633
Julius Randle,Right Corner 3,36.0,13.0,36.111111111111114,1.0833333333333333,100.0,3.8338658146964857
Justin Champagnie,Above the Break 3,128.0,51.0,39.84375,1.1953125,98.03921568627452,31.143552311435524
Justin Champagnie,Backcourt,1.0,0.0,0.0,0.0,,0.24330900243309003
Justin Champagnie,In The Paint (Non-RA),55.0,20.0,36.36363636363637,0.7272727272727273,70.0,13.381995133819952
Justin Champagnie,Left Corner 3,42.0,13.0,30.952380952380953,0.9285714285714286,100.0,10.218978102189782
Justin Champagnie,Mid-Range,10.0,5.0,50.0,1.0,80.0,2.4330900243309004
Justin Champagnie,Restricted Area,153.0,111.0,72.54901960784314,1.4509803921568627,53.153153153153156,37.22627737226277
Justin Champagnie,Right Corner 3,22.0,10.0,45.45454545454545,1.3636363636363635,100.0,5.35279805352798
Justin Edwards,Above the Break 3,140.0,49.0,35.0,1.05,89.79591836734694,37.03703703703704
Justin Edwards,In The Paint (Non-RA),57.0,27.0,47.36842105263158,0.9473684210526315,59.25925925925926,15.079365079365079
Justin Edwards,Left Corner 3,33.0,11.0,33.333333333333336,1.0,100.0,8.73015873015873
Justin Edwards,Mid-Range,38.0,17.0,44.73684210526316,0.8947368421052632,64.70588235294117,10.052910052910052
Justin Edwards,Restricted Area,93.0,59.0,63.44086021505376,1.2688172043010753,49.152542372881356,24.6031746031746
Justin Edwards,Right Corner 3,17.0,9.0,52.94117647058823,1.588235294117647,100.0,4.497354497354497
Justin Minaya,Above the Break 3,7.0,1.0,14.285714285714286,0.42857142857142855,100.0,33.33333333333333
Justin Minaya,In The Paint (Non-RA),3.0,2.0,66.66666666666667,1.3333333333333333,100.0,14.285714285714285
Justin Minaya,Left Corner 3,2.0,1.0,50.0,1.5,100.0,9.523809523809524
Justin Minaya,Restricted Area,8.0,4.0,50.0,1.0,25.0,38.095238095238095
Justin Minaya,Right Corner 3,1.0,0.0,0.0,0.0,,4.761904761904762
Jusuf Nurkić,Above the Break 3,92.0,27.0,29.347826086956523,0.8804347826086957,96.29629629629629,26.136363636363637
Jusuf Nurkić,Backcourt,1.0,0.0,0.0,0.0,,0.2840909090909091
Jusuf Nurkić,In The Paint (Non-RA),102.0,49.0,48.03921568627451,0.9607843137254902,65.3061224489796,28.97727272727273
Jusuf Nurkić,Left Corner 3,4.0,2.0,50.0,1.5,100.0,1.1363636363636365
Jusuf Nurkić,Mid-Range,9.0,2.0,22.22222222222222,0.4444444444444444,100.0,2.556818181818182
Jusuf Nurkić,Restricted Area,136.0,85.0,62.5,1.25,68.23529411764706,38.63636363636363
Jusuf Nurkić,Right Corner 3,8.0,3.0,37.5,1.125,100.0,2.272727272727273
KJ Martin,Above the Break 3,14.0,1.0,7.142857142857143,0.21428571428571427,100.0,6.965174129353234
KJ Martin,In The Paint (Non-RA),37.0,23.0,62.16216216216216,1.2432432432432432,82.6086956521739,18.407960199004975
KJ Martin,Left Corner 3,27.0,11.0,40.74074074074074,1.2222222222222223,100.0,13.432835820895523
KJ Martin,Mid-Range,1.0,1.0,100.0,2.0,100.0,0.4975124378109453
KJ Martin,Restricted Area,105.0,72.0,68.57142857142857,1.3714285714285714,84.72222222222223,52.23880597014925
KJ Martin,Right Corner 3,17.0,3.0,17.647058823529413,0.5294117647058824,100.0,8.45771144278607
KJ Simpson,Above the Break 3,111.0,28.0,25.225225225225227,0.7567567567567568,60.714285714285715,36.87707641196013
KJ Simpson,In The Paint (Non-RA),78.0,24.0,30.76923076923077,0.6153846153846154,29.166666666666668,25.91362126245847
KJ Simpson,Left Corner 3,10.0,3.0,30.0,0.9,100.0,3.322259136212625
KJ Simpson,Mid-Range,30.0,8.0,26.666666666666668,0.5333333333333333,37.5,9.966777408637874
KJ Simpson,Restricted Area,63.0,39.0,61.904761904761905,1.2380952380952381,33.333333333333336,20.930232558139537
KJ Simpson,Right Corner 3,9.0,2.0,22.22222222222222,0.6666666666666666,100.0,2.990033222591362
Kai Jones,Above the Break 3,4.0,1.0,25.0,0.75,100.0,3.669724770642202
Kai Jones,In The Paint (Non-RA),21.0,12.0,57.142857142857146,1.1428571428571428,83.33333333333333,19.26605504587156
Kai Jones,Left Corner 3,1.0,0.0,0.0,0.0,,0.9174311926605505
Kai Jones,Mid-Range,8.0,3.0,37.5,0.75,100.0,7.339449541284404
Kai Jones,Restricted Area,75.0,71.0,94.66666666666667,1.8933333333333333,81.69014084507042,68.80733944954129
Karl-Anthony Towns,Above the Break 3,316.0,135.0,42.721518987341774,1.2816455696202531,97.03703703703704,26.008230452674898
Karl-Anthony Towns,In The Paint (Non-RA),261.0,118.0,45.21072796934866,0.9042145593869731,53.389830508474574,21.48148148148148
Karl-Anthony Towns,Left Corner 3,11.0,3.0,27.272727272727273,0.8181818181818182,100.0,0.9053497942386831
Karl-Anthony Towns,Mid-Range,102.0,35.0,34.31372549019608,0.6862745098039216,65.71428571428571,8.395061728395062
Karl-Anthony Towns,Restricted Area,514.0,344.0,66.92607003891051,1.33852140077821,59.593023255813954,42.30452674897119
Karl-Anthony Towns,Right Corner 3,11.0,4.0,36.36363636363637,1.0909090909090908,100.0,0.9053497942386831
Karlo Matković,Above the Break 3,30.0,8.0,26.666666666666668,0.8,100.0,12.76595744680851
Karlo Matković,In The Paint (Non-RA),50.0,26.0,52.0,1.04,88.46153846153847,21.27659574468085
Karlo Matković,Left Corner 3,15.0,5.0,33.333333333333336,1.0,100.0,6.382978723404255
Karlo Matković,Mid-Range,7.0,3.0,42.857142857142854,0.8571428571428571,100.0,2.9787234042553195
Karlo Matković,Restricted Area,112.0,85.0,75.89285714285714,1.5178571428571428,67.05882352941177,47.65957446808511
Karlo Matković,Right Corner 3,21.0,8.0,38.095238095238095,1.1428571428571428,100.0,8.936170212765958
Kawhi Leonard,Above the Break 3,162.0,67.0,41.358024691358025,1.2407407407407407,62.6865671641791,26.003210272873194
Kawhi Leonard,In The Paint (Non-RA),171.0,78.0,45.6140350877193,0.9122807017543859,38.46153846153846,27.447833065810595
Kawhi Leonard,Left Corner 3,17.0,8.0,47.05882352941177,1.411764705882353,100.0,2.7287319422150884
Kawhi Leonard,Mid-Range,146.0,70.0,47.945205479452056,0.958904109589041,34.285714285714285,23.434991974317818
Kawhi Leonard,Restricted Area,116.0,84.0,72.41379310344827,1.4482758620689655,54.76190476190476,18.619582664526487
Kawhi Leonard,Right Corner 3,11.0,3.0,27.272727272727273,0.8181818181818182,100.0,1.7656500802568218
Keaton Wallace,Above the Break 3,71.0,23.0,32.394366197183096,0.971830985915493,78.26086956521739,43.82716049382716
Keaton Wallace,Backcourt,1.0,0.0,0.0,0.0,,0.6172839506172839
Keaton Wallace,In The Paint (Non-RA),46.0,25.0,54.34782608695652,1.0869565217391304,28.0,28.39506172839506
Keaton Wallace,Left Corner 3,5.0,2.0,40.0,1.2,100.0,3.0864197530864197
Keaton Wallace,Mid-Range,18.0,4.0,22.22222222222222,0.4444444444444444,0.0,11.11111111111111
Keaton Wallace,Restricted Area,16.0,9.0,56.25,1.125,44.44444444444444,9.876543209876543
Keaton Wallace,Right Corner 3,5.0,2.0,40.0,1.2,100.0,3.0864197530864197
Keegan Murray,Above the Break 3,313.0,103.0,32.9073482428115,0.987220447284345,98.05825242718447,38.170731707317074
Keegan Murray,Backcourt,1.0,0.0,0.0,0.0,,0.12195121951219512
Keegan Murray,In The Paint (Non-RA),152.0,66.0,43.421052631578945,0.868421052631579,63.63636363636363,18.536585365853657
Keegan Murray,Left Corner 3,81.0,34.0,41.97530864197531,1.2592592592592593,100.0,9.878048780487806
Keegan Murray,Mid-Range,64.0,24.0,37.5,0.75,62.5,7.804878048780488
Keegan Murray,Restricted Area,155.0,120.0,77.41935483870968,1.5483870967741935,66.66666666666667,18.902439024390244
Keegan Murray,Right Corner 3,54.0,17.0,31.48148148148148,0.9444444444444444,100.0,6.585365853658537
Keion Brooks Jr.,Above the Break 3,26.0,7.0,26.923076923076923,0.8076923076923077,100.0,23.853211009174313
Keion Brooks Jr.,In The Paint (Non-RA),25.0,7.0,28.0,0.56,71.42857142857143,22.93577981651376
Keion Brooks Jr.,Left Corner 3,12.0,4.0,33.333333333333336,1.0,100.0,11.009174311926607
Keion Brooks Jr.,Mid-Range,8.0,8.0,100.0,2.0,87.5,7.339449541284404
Keion Brooks Jr.,Restricted Area,33.0,24.0,72.72727272727273,1.4545454545454546,66.66666666666667,30.275229357798167
Keion Brooks Jr.,Right Corner 3,5.0,3.0,60.0,1.8,100.0,4.587155963302752
Kel'el Ware,Above the Break 3,88.0,31.0,35.22727272727273,1.0568181818181819,96.7741935483871,18.96551724137931
Kel'el Ware,Backcourt,2.0,0.0,0.0,0.0,,0.43103448275862066
Kel'el Ware,In The Paint (Non-RA),92.0,48.0,52.17391304347826,1.0434782608695652,83.33333333333333,19.82758620689655
Kel'el Ware,Left Corner 3,13.0,3.0,23.076923076923077,0.6923076923076923,100.0,2.8017241379310347
Kel'el Ware,Mid-Range,30.0,12.0,40.0,0.8,83.33333333333333,6.4655172413793105
Kel'el Ware,Restricted Area,231.0,162.0,70.12987012987013,1.4025974025974026,74.07407407407408,49.78448275862069
Kel'el Ware,Right Corner 3,8.0,1.0,12.5,0.375,100.0,1.7241379310344827
Keldon Johnson,Above the Break 3,175.0,60.0,34.285714285714285,1.0285714285714285,85.0,22.727272727272727
Keldon Johnson,In The Paint (Non-RA),162.0,67.0,41.358024691358025,0.8271604938271605,67.16417910447761,21.038961038961038
Keldon Johnson,Left Corner 3,47.0,9.0,19.148936170212767,0.574468085106383,100.0,6.103896103896104
Keldon Johnson,Mid-Range,10.0,1.0,10.0,0.2,100.0,1.2987012987012987
Keldon Johnson,Restricted Area,324.0,216.0,66.66666666666667,1.3333333333333333,61.111111111111114,42.077922077922075
Keldon Johnson,Right Corner 3,52.0,18.0,34.61538461538461,1.0384615384615385,100.0,6.753246753246753
Kelly Olynyk,Above the Break 3,69.0,27.0,39.130434782608695,1.173913043478261,81.48148148148148,25.74626865671642
Kelly Olynyk,In The Paint (Non-RA),53.0,23.0,43.39622641509434,0.8679245283018868,56.52173913043478,19.776119402985074
Kelly Olynyk,Left Corner 3,3.0,3.0,100.0,3.0,66.66666666666667,1.1194029850746268
Kelly Olynyk,Mid-Range,26.0,8.0,30.76923076923077,0.6153846153846154,50.0,9.701492537313433
Kelly Olynyk,Restricted Area,110.0,70.0,63.63636363636363,1.2727272727272727,57.142857142857146,41.04477611940299
Kelly Olynyk,Right Corner 3,7.0,3.0,42.857142857142854,1.2857142857142858,100.0,2.6119402985074625
Kelly Oubre Jr.,Above the Break 3,157.0,41.0,26.11464968152866,0.7834394904458599,95.1219512195122,21.18758434547908
Kelly Oubre Jr.,In The Paint (Non-RA),183.0,74.0,40.43715846994535,0.8087431693989071,39.189189189189186,24.696356275303643
Kelly Oubre Jr.,Left Corner 3,40.0,14.0,35.0,1.05,100.0,5.398110661268556
Kelly Oubre Jr.,Mid-Range,26.0,10.0,38.46153846153846,0.7692307692307693,50.0,3.508771929824561
Kelly Oubre Jr.,Restricted Area,290.0,193.0,66.55172413793103,1.3310344827586207,59.067357512953365,39.13630229419703
Kelly Oubre Jr.,Right Corner 3,45.0,16.0,35.55555555555556,1.0666666666666667,100.0,6.0728744939271255
Kenrich Williams,Above the Break 3,125.0,47.0,37.6,1.128,100.0,35.31073446327684
Kenrich Williams,In The Paint (Non-RA),49.0,24.0,48.97959183673469,0.9795918367346939,62.5,13.841807909604519
Kenrich Williams,Left Corner 3,24.0,10.0,41.666666666666664,1.25,100.0,6.779661016949152
Kenrich Williams,Mid-Range,31.0,10.0,32.25806451612903,0.6451612903225806,60.0,8.757062146892656
Kenrich Williams,Restricted Area,103.0,71.0,68.93203883495146,1.3786407766990292,59.15492957746479,29.09604519774011
Kenrich Williams,Right Corner 3,22.0,9.0,40.90909090909091,1.2272727272727273,100.0,6.214689265536723
Kentavious Caldwell-Pope,Above the Break 3,211.0,72.0,34.12322274881517,1.0236966824644549,90.27777777777777,38.786764705882355
Kentavious Caldwell-Pope,In The Paint (Non-RA),34.0,15.0,44.11764705882353,0.8823529411764706,73.33333333333333,6.25
Kentavious Caldwell-Pope,Left Corner 3,67.0,20.0,29.850746268656717,0.8955223880597015,100.0,12.316176470588236
Kentavious Caldwell-Pope,Mid-Range,104.0,55.0,52.88461538461539,1.0576923076923077,78.18181818181819,19.11764705882353
Kentavious Caldwell-Pope,Restricted Area,76.0,56.0,73.6842105263158,1.4736842105263157,60.714285714285715,13.970588235294118
Kentavious Caldwell-Pope,Right Corner 3,52.0,21.0,40.38461538461539,1.2115384615384615,95.23809523809524,9.558823529411764
Keon Ellis,Above the Break 3,213.0,85.0,39.906103286384976,1.1971830985915493,87.05882352941177,45.9051724137931
Keon Ellis,In The Paint (Non-RA),50.0,28.0,56.0,1.12,67.85714285714286,10.775862068965516
Keon Ellis,Left Corner 3,69.0,36.0,52.17391304347826,1.565217391304348,100.0,14.870689655172415
Keon Ellis,Mid-Range,30.0,10.0,33.333333333333336,0.6666666666666666,80.0,6.4655172413793105
Keon Ellis,Restricted Area,63.0,50.0,79.36507936507937,1.5873015873015872,66.0,13.577586206896552
Keon Ellis,Right Corner 3,39.0,18.0,46.15384615384615,1.3846153846153846,100.0,8.405172413793103
Keon Johnson,Above the Break 3,277.0,87.0,31.407942238267147,0.9422382671480144,94.25287356321839,35.5584082156611
Keon Johnson,Backcourt,2.0,0.0,0.0,0.0,,0.25673940949935814
Keon Johnson,In The Paint (Non-RA),115.0,39.0,33.91304347826087,0.6782608695652174,41.02564102564103,14.762516046213095
Keon Johnson,Left Corner 3,56.0,20.0,35.714285714285715,1.0714285714285714,100.0,7.188703465982028
Keon Johnson,Mid-Range,42.0,18.0,42.857142857142854,0.8571428571428571,33.333333333333336,5.391527599486521
Keon Johnson,Restricted Area,221.0,120.0,54.29864253393665,1.085972850678733,54.166666666666664,28.369704749679077
Keon Johnson,Right Corner 3,66.0,19.0,28.78787878787879,0.8636363636363636,94.73684210526316,8.472400513478819
Keshad Johnson,Above the Break 3,6.0,3.0,50.0,1.5,100.0,23.076923076923077
Keshad Johnson,In The Paint (Non-RA),1.0,0.0,0.0,0.0,,3.8461538461538463
Keshad Johnson,Left Corner 3,1.0,0.0,0.0,0.0,,3.8461538461538463
Keshad Johnson,Restricted Area,18.0,15.0,83.33333333333333,1.6666666666666667,60.0,69.23076923076923
Kessler Edwards,Above the Break 3,26.0,12.0,46.15384615384615,1.3846153846153846,100.0,19.25925925925926
Kessler Edwards,In The Paint (Non-RA),27.0,12.0,44.44444444444444,0.8888888888888888,91.66666666666667,20.0
Kessler Edwards,Left Corner 3,17.0,6.0,35.294117647058826,1.0588235294117647,100.0,12.592592592592592
Kessler Edwards,Mid-Range,5.0,1.0,20.0,0.4,100.0,3.7037037037037033
Kessler Edwards,Restricted Area,49.0,32.0,65.3061224489796,1.3061224489795917,78.125,36.2962962962963
Kessler Edwards,Right Corner 3,11.0,4.0,36.36363636363637,1.0909090909090908,100.0,8.148148148148149
Kevin Durant,Above the Break 3,284.0,116.0,40.84507042253521,1.2253521126760563,84.48275862068965,25.26690391459075
Kevin Durant,In The Paint (Non-RA),342.0,182.0,53.21637426900585,1.064327485380117,35.714285714285715,30.427046263345197
Kevin Durant,Left Corner 3,42.0,22.0,52.38095238095238,1.5714285714285714,100.0,3.7366548042704624
Kevin Durant,Mid-Range,286.0,152.0,53.14685314685315,1.062937062937063,39.473684210526315,25.444839857651246
Kevin Durant,Restricted Area,124.0,98.0,79.03225806451613,1.5806451612903225,63.265306122448976,11.032028469750891
Kevin Durant,Right Corner 3,46.0,22.0,47.82608695652174,1.434782608695652,100.0,4.092526690391459
Kevin Huerter,Above the Break 3,294.0,93.0,31.632653061224488,0.9489795918367347,91.39784946236558,48.675496688741724
Kevin Huerter,Backcourt,1.0,0.0,0.0,0.0,,0.16556291390728478
Kevin Huerter,In The Paint (Non-RA),84.0,40.0,47.61904761904762,0.9523809523809523,70.0,13.90728476821192
Kevin Huerter,Left Corner 3,45.0,17.0,37.77777777777778,1.1333333333333333,100.0,7.450331125827815
Kevin Huerter,Mid-Range,28.0,11.0,39.285714285714285,0.7857142857142857,81.81818181818181,4.635761589403973
Kevin Huerter,Restricted Area,101.0,74.0,73.26732673267327,1.4653465346534653,78.37837837837837,16.721854304635762
Kevin Huerter,Right Corner 3,51.0,22.0,43.13725490196079,1.2941176470588236,95.45454545454545,8.443708609271523
Kevin Knox II,Above the Break 3,9.0,3.0,33.333333333333336,1.0,100.0,25.0
Kevin Knox II,In The Paint (Non-RA),8.0,6.0,75.0,1.5,83.33333333333333,22.22222222222222
Kevin Knox II,Left Corner 3,3.0,1.0,33.333333333333336,1.0,100.0,8.333333333333332
Kevin Knox II,Mid-Range,3.0,1.0,33.333333333333336,0.6666666666666666,100.0,8.333333333333332
Kevin Knox II,Restricted Area,10.0,7.0,70.0,1.4,42.857142857142854,27.77777777777778
Kevin Knox II,Right Corner 3,3.0,0.0,0.0,0.0,,8.333333333333332
Kevin Love,Above the Break 3,52.0,19.0,36.53846153846154,1.0961538461538463,89.47368421052632,45.21739130434783
Kevin Love,Backcourt,1.0,0.0,0.0,0.0,,0.8695652173913043
Kevin Love,In The Paint (Non-RA),14.0,4.0,28.571428571428573,0.5714285714285714,50.0,12.173913043478262
Kevin Love,Left Corner 3,11.0,3.0,27.272727272727273,0.8181818181818182,100.0,9.565217391304348
Kevin Love,Mid-Range,7.0,2.0,28.571428571428573,0.5714285714285714,100.0,6.086956521739131
Kevin Love,Restricted Area,27.0,11.0,40.74074074074074,0.8148148148148148,36.36363636363637,23.47826086956522
Kevin Love,Right Corner 3,3.0,2.0,66.66666666666667,2.0,100.0,2.608695652173913
Kevin McCullar Jr.,Above the Break 3,1.0,0.0,0.0,0.0,,14.285714285714285
Kevin McCullar Jr.,In The Paint (Non-RA),3.0,0.0,0.0,0.0,,42.857142857142854
Kevin McCullar Jr.,Mid-Range,1.0,0.0,0.0,0.0,,14.285714285714285
Kevin McCullar Jr.,Restricted Area,2.0,2.0,100.0,2.0,50.0,28.57142857142857
Kevin Porter Jr.,Above the Break 3,153.0,45.0,29.41176470588235,0.8823529411764706,42.22222222222222,23.466257668711656
Kevin Porter Jr.,In The Paint (Non-RA),182.0,81.0,44.505494505494504,0.8901098901098901,24.691358024691358,27.914110429447852
Kevin Porter Jr.,Left Corner 3,9.0,3.0,33.333333333333336,1.0,66.66666666666667,1.3803680981595092
Kevin Porter Jr.,Mid-Range,153.0,70.0,45.751633986928105,0.9150326797385621,14.285714285714286,23.466257668711656
Kevin Porter Jr.,Restricted Area,140.0,87.0,62.142857142857146,1.2428571428571429,36.7816091954023,21.472392638036812
Kevin Porter Jr.,Right Corner 3,15.0,7.0,46.666666666666664,1.4,85.71428571428571,2.3006134969325154
Kevon Looney,Above the Break 3,2.0,0.0,0.0,0.0,,0.7194244604316548
Kevon Looney,Backcourt,1.0,0.0,0.0,0.0,,0.3597122302158274
Kevon Looney,In The Paint (Non-RA),59.0,17.0,28.8135593220339,0.576271186440678,82.3529411764706,21.223021582733814
Kevon Looney,Left Corner 3,1.0,1.0,100.0,3.0,100.0,0.3597122302158274
Kevon Looney,Mid-Range,28.0,5.0,17.857142857142858,0.35714285714285715,80.0,10.071942446043165
Kevon Looney,Restricted Area,186.0,119.0,63.97849462365591,1.2795698924731183,52.10084033613445,66.90647482014388
Kevon Looney,Right Corner 3,1.0,1.0,100.0,3.0,100.0,0.3597122302158274
Keyonte George,Above the Break 3,433.0,138.0,31.87066974595843,0.9561200923787528,56.52173913043478,47.1164309031556
Keyonte George,In The Paint (Non-RA),229.0,94.0,41.048034934497814,0.8209606986899564,43.61702127659574,24.918389553862895
Keyonte George,Left Corner 3,32.0,16.0,50.0,1.5,93.75,3.4820457018498367
Keyonte George,Mid-Range,82.0,29.0,35.36585365853659,0.7073170731707317,41.37931034482759,8.922742110990207
Keyonte George,Restricted Area,101.0,62.0,61.386138613861384,1.2277227722772277,41.935483870967744,10.990206746463548
Keyonte George,Right Corner 3,42.0,20.0,47.61904761904762,1.4285714285714286,100.0,4.570184983677911
Khris Middleton,Above the Break 3,110.0,41.0,37.27272727272727,1.1181818181818182,73.17073170731707,32.640949554896146
Khris Middleton,Backcourt,1.0,0.0,0.0,0.0,,0.2967359050445104
Khris Middleton,In The Paint (Non-RA),71.0,41.0,57.74647887323944,1.1549295774647887,29.26829268292683,21.068249258160236
Khris Middleton,Left Corner 3,15.0,4.0,26.666666666666668,0.8,75.0,4.451038575667656
Khris Middleton,Mid-Range,101.0,51.0,50.495049504950494,1.00990099009901,41.1764705882353,29.970326409495552
Khris Middleton,Restricted Area,32.0,20.0,62.5,1.25,60.0,9.495548961424333
Khris Middleton,Right Corner 3,7.0,3.0,42.857142857142854,1.2857142857142858,100.0,2.0771513353115725
Killian Hayes,Above the Break 3,18.0,7.0,38.888888888888886,1.1666666666666667,100.0,41.86046511627907
Killian Hayes,In The Paint (Non-RA),11.0,3.0,27.272727272727273,0.5454545454545454,33.333333333333336,25.581395348837212
Killian Hayes,Left Corner 3,3.0,1.0,33.333333333333336,1.0,100.0,6.976744186046512
Killian Hayes,Mid-Range,2.0,1.0,50.0,1.0,100.0,4.651162790697675
Killian Hayes,Restricted Area,9.0,6.0,66.66666666666667,1.3333333333333333,33.333333333333336,20.930232558139537
Klay Thompson,Above the Break 3,397.0,156.0,39.29471032745592,1.1788413098236776,92.94871794871794,45.26795895096921
Klay Thompson,In The Paint (Non-RA),85.0,29.0,34.11764705882353,0.6823529411764706,65.51724137931035,9.692132269099202
Klay Thompson,Left Corner 3,57.0,17.0,29.82456140350877,0.8947368421052632,100.0,6.499429874572406
Klay Thompson,Mid-Range,168.0,68.0,40.476190476190474,0.8095238095238095,67.6470588235294,19.156214367160775
Klay Thompson,Restricted Area,71.0,48.0,67.6056338028169,1.352112676056338,72.91666666666667,8.095781071835804
Klay Thompson,Right Corner 3,99.0,43.0,43.43434343434343,1.303030303030303,97.67441860465117,11.2884834663626
Kobe Brown,Above the Break 3,20.0,3.0,15.0,0.45,100.0,27.77777777777778
Kobe Brown,In The Paint (Non-RA),14.0,7.0,50.0,1.0,57.142857142857146,19.444444444444446
Kobe Brown,Left Corner 3,4.0,2.0,50.0,1.5,100.0,5.555555555555555
Kobe Brown,Restricted Area,32.0,20.0,62.5,1.25,55.0,44.44444444444444
Kobe Brown,Right Corner 3,2.0,1.0,50.0,1.5,100.0,2.7777777777777777
Kobe Bufkin,Above the Break 3,12.0,3.0,25.0,0.75,100.0,25.53191489361702
Kobe Bufkin,Backcourt,1.0,0.0,0.0,0.0,,2.127659574468085
Kobe Bufkin,In The Paint (Non-RA),10.0,6.0,60.0,1.2,33.333333333333336,21.27659574468085
Kobe Bufkin,Left Corner 3,2.0,1.0,50.0,1.5,100.0,4.25531914893617
Kobe Bufkin,Mid-Range,4.0,1.0,25.0,0.5,0.0,8.51063829787234
Kobe Bufkin,Restricted Area,14.0,7.0,50.0,1.0,57.142857142857146,29.78723404255319
Kobe Bufkin,Right Corner 3,4.0,0.0,0.0,0.0,,8.51063829787234
Kris Dunn,Above the Break 3,111.0,36.0,32.432432432432435,0.972972972972973,91.66666666666667,25.400457665903893
Kris Dunn,Backcourt,1.0,0.0,0.0,0.0,,0.2288329519450801
Kris Dunn,In The Paint (Non-RA),112.0,50.0,44.642857142857146,0.8928571428571429,50.0,25.62929061784897
Kris Dunn,Left Corner 3,55.0,19.0,34.54545454545455,1.0363636363636364,94.73684210526316,12.585812356979407
Kris Dunn,Mid-Range,12.0,5.0,41.666666666666664,0.8333333333333334,80.0,2.745995423340961
Kris Dunn,Restricted Area,89.0,62.0,69.66292134831461,1.3932584269662922,58.064516129032256,20.36613272311213
Kris Dunn,Right Corner 3,57.0,20.0,35.08771929824562,1.0526315789473684,95.0,13.043478260869565
Kris Murray,Above the Break 3,59.0,10.0,16.949152542372882,0.5084745762711864,90.0,21.14695340501792
Kris Murray,In The Paint (Non-RA),32.0,10.0,31.25,0.625,20.0,11.469534050179211
Kris Murray,Left Corner 3,29.0,5.0,17.24137931034483,0.5172413793103449,100.0,10.39426523297491
Kris Murray,Mid-Range,2.0,2.0,100.0,2.0,100.0,0.7168458781362007
Kris Murray,Restricted Area,125.0,78.0,62.4,1.248,62.82051282051282,44.80286738351255
Kris Murray,Right Corner 3,32.0,12.0,37.5,1.125,100.0,11.469534050179211
Kristaps Porziņģis,Above the Break 3,233.0,97.0,41.63090128755365,1.2489270386266094,97.9381443298969,40.59233449477352
Kristaps Porziņģis,In The Paint (Non-RA),139.0,66.0,47.48201438848921,0.9496402877697842,78.78787878787878,24.21602787456446
Kristaps Porziņģis,Left Corner 3,7.0,2.0,28.571428571428573,0.8571428571428571,100.0,1.2195121951219512
Kristaps Porziņģis,Mid-Range,59.0,21.0,35.59322033898305,0.711864406779661,66.66666666666667,10.278745644599303
Kristaps Porziņģis,Restricted Area,126.0,87.0,69.04761904761905,1.380952380952381,78.16091954022988,21.951219512195124
Kristaps Porziņģis,Right Corner 3,10.0,4.0,40.0,1.2,100.0,1.7421602787456445
Kyle Anderson,Above the Break 3,33.0,11.0,33.333333333333336,1.0,90.9090909090909,10.891089108910892
Kyle Anderson,Backcourt,4.0,0.0,0.0,0.0,,1.3201320132013201
Kyle Anderson,In The Paint (Non-RA),123.0,51.0,41.46341463414634,0.8292682926829268,49.01960784313726,40.5940594059406
Kyle Anderson,Left Corner 3,21.0,8.0,38.095238095238095,1.1428571428571428,100.0,6.9306930693069315
Kyle Anderson,Mid-Range,29.0,9.0,31.03448275862069,0.6206896551724138,11.11111111111111,9.570957095709572
Kyle Anderson,Restricted Area,81.0,57.0,70.37037037037037,1.4074074074074074,56.14035087719298,26.732673267326735
Kyle Anderson,Right Corner 3,12.0,6.0,50.0,1.5,100.0,3.9603960396039604
Kyle Filipowski,Above the Break 3,142.0,48.0,33.80281690140845,1.0140845070422535,89.58333333333333,27.413127413127413
Kyle Filipowski,Backcourt,1.0,0.0,0.0,0.0,,0.19305019305019305
Kyle Filipowski,In The Paint (Non-RA),132.0,74.0,56.06060606060606,1.121212121212121,64.86486486486487,25.482625482625483
Kyle Filipowski,Left Corner 3,34.0,14.0,41.1764705882353,1.2352941176470589,100.0,6.563706563706563
Kyle Filipowski,Mid-Range,10.0,5.0,50.0,1.0,60.0,1.9305019305019304
Kyle Filipowski,Restricted Area,156.0,104.0,66.66666666666667,1.3333333333333333,52.88461538461539,30.115830115830118
Kyle Filipowski,Right Corner 3,43.0,15.0,34.883720930232556,1.0465116279069768,100.0,8.301158301158301
Kyle Kuzma,Above the Break 3,225.0,66.0,29.333333333333332,0.88,80.3030303030303,26.53301886792453
Kyle Kuzma,Backcourt,4.0,1.0,25.0,0.75,100.0,0.4716981132075472
Kyle Kuzma,In The Paint (Non-RA),213.0,81.0,38.028169014084504,0.7605633802816901,48.148148148148145,25.117924528301888
Kyle Kuzma,Left Corner 3,46.0,21.0,45.65217391304348,1.3695652173913044,95.23809523809524,5.4245283018867925
Kyle Kuzma,Mid-Range,85.0,28.0,32.94117647058823,0.6588235294117647,35.714285714285715,10.023584905660378
Kyle Kuzma,Restricted Area,236.0,165.0,69.91525423728814,1.3983050847457628,65.45454545454545,27.830188679245282
Kyle Kuzma,Right Corner 3,39.0,8.0,20.512820512820515,0.6153846153846154,100.0,4.599056603773585
Kyle Lowry,Above the Break 3,66.0,22.0,33.333333333333336,1.0,90.9090909090909,56.41025641025641
Kyle Lowry,Backcourt,2.0,0.0,0.0,0.0,,1.7094017094017095
Kyle Lowry,In The Paint (Non-RA),14.0,5.0,35.714285714285715,0.7142857142857143,60.0,11.965811965811966
Kyle Lowry,Left Corner 3,10.0,2.0,20.0,0.6,100.0,8.547008547008547
Kyle Lowry,Mid-Range,9.0,3.0,33.333333333333336,0.6666666666666666,100.0,7.6923076923076925
Kyle Lowry,Restricted Area,6.0,4.0,66.66666666666667,1.3333333333333333,50.0,5.128205128205128
Kyle Lowry,Right Corner 3,10.0,5.0,50.0,1.5,100.0,8.547008547008547
Kylor Kelley,In The Paint (Non-RA),7.0,3.0,42.857142857142854,0.8571428571428571,100.0,31.818181818181817
Kylor Kelley,Mid-Range,2.0,2.0,100.0,2.0,100.0,9.090909090909092
Kylor Kelley,Restricted Area,13.0,9.0,69.23076923076923,1.3846153846153846,77.77777777777777,59.09090909090909
Kyrie Irving,Above the Break 3,298.0,114.0,38.25503355704698,1.1476510067114094,57.01754385964912,31.53439153439154
Kyrie Irving,Backcourt,1.0,0.0,0.0,0.0,,0.10582010582010583
Kyrie Irving,In The Paint (Non-RA),224.0,105.0,46.875,0.9375,22.857142857142858,23.703703703703706
Kyrie Irving,Left Corner 3,36.0,16.0,44.44444444444444,1.3333333333333333,93.75,3.8095238095238098
Kyrie Irving,Mid-Range,174.0,71.0,40.804597701149426,0.8160919540229885,30.985915492957748,18.412698412698415
Kyrie Irving,Restricted Area,188.0,127.0,67.55319148936171,1.351063829787234,40.15748031496063,19.894179894179896
Kyrie Irving,Right Corner 3,24.0,14.0,58.333333333333336,1.75,78.57142857142857,2.5396825396825395
Kyshawn George,Above the Break 3,277.0,88.0,31.768953068592058,0.9530685920577617,89.77272727272727,50.73260073260073
Kyshawn George,Backcourt,3.0,0.0,0.0,0.0,,0.5494505494505495
Kyshawn George,In The Paint (Non-RA),56.0,19.0,33.92857142857143,0.6785714285714286,36.8421052631579,10.256410256410255
Kyshawn George,Left Corner 3,48.0,17.0,35.416666666666664,1.0625,100.0,8.791208791208792
Kyshawn George,Mid-Range,26.0,7.0,26.923076923076923,0.5384615384615384,42.857142857142854,4.761904761904762
Kyshawn George,Restricted Area,110.0,63.0,57.27272727272727,1.1454545454545455,65.07936507936508,20.146520146520146
Kyshawn George,Right Corner 3,26.0,9.0,34.61538461538461,1.0384615384615385,100.0,4.761904761904762
LaMelo Ball,Above the Break 3,471.0,163.0,34.6072186836518,1.0382165605095541,60.122699386503065,46.959122632103686
LaMelo Ball,Backcourt,7.0,0.0,0.0,0.0,,0.6979062811565304
LaMelo Ball,In The Paint (Non-RA),211.0,98.0,46.44549763033175,0.9289099526066351,19.387755102040817,21.036889332003987
LaMelo Ball,Left Corner 3,23.0,7.0,30.434782608695652,0.9130434782608695,100.0,2.293120638085743
LaMelo Ball,Mid-Range,85.0,33.0,38.8235294117647,0.7764705882352941,39.39393939393939,8.47457627118644
LaMelo Ball,Restricted Area,179.0,96.0,53.63128491620112,1.0726256983240223,21.875,17.846460618145564
LaMelo Ball,Right Corner 3,27.0,9.0,33.333333333333336,1.0,66.66666666666667,2.6919242273180455
Lamar Stevens,Above the Break 3,16.0,6.0,37.5,1.125,83.33333333333333,25.396825396825395
Lamar Stevens,Backcourt,1.0,0.0,0.0,0.0,,1.5873015873015872
Lamar Stevens,In The Paint (Non-RA),13.0,8.0,61.53846153846154,1.2307692307692308,75.0,20.634920634920633
Lamar Stevens,Left Corner 3,4.0,1.0,25.0,0.75,100.0,6.349206349206349
Lamar Stevens,Mid-Range,4.0,3.0,75.0,1.5,33.333333333333336,6.349206349206349
Lamar Stevens,Restricted Area,19.0,10.0,52.63157894736842,1.0526315789473684,40.0,30.158730158730158
Lamar Stevens,Right Corner 3,6.0,1.0,16.666666666666668,0.5,100.0,9.523809523809524
Landry Shamet,Above the Break 3,91.0,33.0,36.26373626373626,1.0879120879120878,84.84848484848484,39.565217391304344
Landry Shamet,Backcourt,1.0,0.0,0.0,0.0,,0.43478260869565216
Landry Shamet,In The Paint (Non-RA),18.0,10.0,55.55555555555556,1.1111111111111112,60.0,7.82608695652174
Landry Shamet,Left Corner 3,24.0,9.0,37.5,1.125,100.0,10.434782608695652
Landry Shamet,Mid-Range,21.0,10.0,47.61904761904762,0.9523809523809523,90.0,9.130434782608695
Landry Shamet,Restricted Area,35.0,24.0,68.57142857142857,1.3714285714285714,87.5,15.217391304347828
Landry Shamet,Right Corner 3,40.0,20.0,50.0,1.5,100.0,17.391304347826086
Larry Nance Jr.,Above the Break 3,46.0,21.0,45.65217391304348,1.3695652173913044,95.23809523809524,29.677419354838708
Larry Nance Jr.,Backcourt,2.0,0.0,0.0,0.0,,1.2903225806451613
Larry Nance Jr.,In The Paint (Non-RA),24.0,10.0,41.666666666666664,0.8333333333333334,100.0,15.483870967741936
Larry Nance Jr.,Left Corner 3,11.0,5.0,45.45454545454545,1.3636363636363635,100.0,7.096774193548387
Larry Nance Jr.,Mid-Range,7.0,3.0,42.857142857142854,0.8571428571428571,100.0,4.516129032258064
Larry Nance Jr.,Restricted Area,48.0,33.0,68.75,1.375,78.78787878787878,30.967741935483872
Larry Nance Jr.,Right Corner 3,17.0,8.0,47.05882352941177,1.411764705882353,100.0,10.967741935483872
Lauri Markkanen,Above the Break 3,325.0,108.0,33.23076923076923,0.9969230769230769,100.0,46.42857142857143
Lauri Markkanen,Backcourt,1.0,0.0,0.0,0.0,,0.14285714285714285
Lauri Markkanen,In The Paint (Non-RA),117.0,54.0,46.15384615384615,0.9230769230769231,70.37037037037037,16.714285714285715
Lauri Markkanen,Left Corner 3,39.0,16.0,41.02564102564103,1.2307692307692308,100.0,5.571428571428571
Lauri Markkanen,Mid-Range,43.0,14.0,32.55813953488372,0.6511627906976745,42.857142857142854,6.142857142857143
Lauri Markkanen,Restricted Area,141.0,90.0,63.829787234042556,1.2765957446808511,66.66666666666667,20.142857142857142
Lauri Markkanen,Right Corner 3,34.0,14.0,41.1764705882353,1.2352941176470589,100.0,4.857142857142857
LeBron James,Above the Break 3,357.0,136.0,38.095238095238095,1.1428571428571428,66.17647058823529,28.11023622047244
LeBron James,Backcourt,2.0,0.0,0.0,0.0,,0.15748031496062992
LeBron James,In The Paint (Non-RA),270.0,120.0,44.44444444444444,0.8888888888888888,30.0,21.25984251968504
LeBron James,Left Corner 3,23.0,8.0,34.78260869565217,1.0434782608695652,100.0,1.811023622047244
LeBron James,Mid-Range,218.0,95.0,43.57798165137615,0.8715596330275229,24.210526315789473,17.165354330708663
LeBron James,Restricted Area,386.0,287.0,74.35233160621762,1.4870466321243523,46.34146341463415,30.393700787401574
LeBron James,Right Corner 3,14.0,5.0,35.714285714285715,1.0714285714285714,100.0,1.1023622047244095
Leonard Miller,Above the Break 3,5.0,0.0,0.0,0.0,,33.33333333333333
Leonard Miller,In The Paint (Non-RA),2.0,1.0,50.0,1.0,0.0,13.333333333333334
Leonard Miller,Mid-Range,1.0,0.0,0.0,0.0,,6.666666666666667
Leonard Miller,Restricted Area,7.0,5.0,71.42857142857143,1.4285714285714286,80.0,46.666666666666664
Lester Quinones,Above the Break 3,37.0,11.0,29.72972972972973,0.8918918918918919,90.9090909090909,47.43589743589743
Lester Quinones,In The Paint (Non-RA),9.0,3.0,33.333333333333336,0.6666666666666666,33.333333333333336,11.538461538461538
Lester Quinones,Left Corner 3,4.0,1.0,25.0,0.75,100.0,5.128205128205128
Lester Quinones,Mid-Range,5.0,0.0,0.0,0.0,,6.41025641025641
Lester Quinones,Restricted Area,20.0,15.0,75.0,1.5,46.666666666666664,25.64102564102564
Lester Quinones,Right Corner 3,3.0,1.0,33.333333333333336,1.0,100.0,3.8461538461538463
Liam Robbins,Above the Break 3,2.0,0.0,0.0,0.0,,25.0
Liam Robbins,In The Paint (Non-RA),2.0,1.0,50.0,1.0,100.0,25.0
Liam Robbins,Restricted Area,4.0,1.0,25.0,0.5,100.0,50.0
Lindy Waters III,Above the Break 3,128.0,45.0,35.15625,1.0546875,93.33333333333333,51.40562248995983
Lindy Waters III,In The Paint (Non-RA),20.0,8.0,40.0,0.8,50.0,8.032128514056225
Lindy Waters III,Left Corner 3,29.0,11.0,37.93103448275862,1.1379310344827587,90.9090909090909,11.646586345381527
Lindy Waters III,Mid-Range,20.0,7.0,35.0,0.7,85.71428571428571,8.032128514056225
Lindy Waters III,Restricted Area,23.0,13.0,56.52173913043478,1.1304347826086956,76.92307692307692,9.236947791164658
Lindy Waters III,Right Corner 3,29.0,8.0,27.586206896551722,0.8275862068965517,100.0,11.646586345381527
Lonnie Walker IV,Above the Break 3,105.0,39.0,37.142857142857146,1.1142857142857143,74.35897435897436,49.528301886792455
Lonnie Walker IV,Backcourt,3.0,0.0,0.0,0.0,,1.4150943396226416
Lonnie Walker IV,In The Paint (Non-RA),26.0,12.0,46.15384615384615,0.9230769230769231,50.0,12.264150943396226
Lonnie Walker IV,Left Corner 3,9.0,1.0,11.11111111111111,0.3333333333333333,100.0,4.245283018867925
Lonnie Walker IV,Mid-Range,20.0,8.0,40.0,0.8,25.0,9.433962264150944
Lonnie Walker IV,Restricted Area,39.0,24.0,61.53846153846154,1.2307692307692308,75.0,18.39622641509434
Lonnie Walker IV,Right Corner 3,10.0,5.0,50.0,1.5,100.0,4.716981132075472
Lonzo Ball,Above the Break 3,147.0,50.0,34.01360544217687,1.0204081632653061,84.0,60.49382716049383
Lonzo Ball,Backcourt,4.0,0.0,0.0,0.0,,1.646090534979424
Lonzo Ball,In The Paint (Non-RA),18.0,8.0,44.44444444444444,0.8888888888888888,50.0,7.4074074074074066
Lonzo Ball,Left Corner 3,24.0,12.0,50.0,1.5,100.0,9.876543209876543
Lonzo Ball,Mid-Range,10.0,3.0,30.0,0.6,66.66666666666667,4.11522633744856
Lonzo Ball,Restricted Area,20.0,11.0,55.0,1.1,54.54545454545455,8.23045267489712
Lonzo Ball,Right Corner 3,20.0,5.0,25.0,0.75,100.0,8.23045267489712
Luguentz Dort,Above the Break 3,301.0,123.0,40.863787375415285,1.2259136212624584,95.1219512195122,50.75885328836425
Luguentz Dort,In The Paint (Non-RA),52.0,18.0,34.61538461538461,0.6923076923076923,83.33333333333333,8.768971332209107
Luguentz Dort,Left Corner 3,52.0,20.0,38.46153846153846,1.1538461538461537,100.0,8.768971332209107
Luguentz Dort,Mid-Range,34.0,16.0,47.05882352941177,0.9411764705882353,50.0,5.733558178752108
Luguentz Dort,Restricted Area,94.0,54.0,57.4468085106383,1.148936170212766,66.66666666666667,15.851602023608768
Luguentz Dort,Right Corner 3,60.0,27.0,45.0,1.35,96.29629629629629,10.118043844856661
Luka Dončić,Above the Break 3,454.0,167.0,36.784140969163,1.10352422907489,43.11377245508982,44.29268292682927
Luka Dončić,Backcourt,2.0,0.0,0.0,0.0,,0.1951219512195122
Luka Dončić,In The Paint (Non-RA),229.0,111.0,48.47161572052402,0.9694323144104804,16.216216216216218,22.34146341463415
Luka Dončić,Left Corner 3,18.0,7.0,38.888888888888886,1.1666666666666667,57.142857142857146,1.75609756097561
Luka Dončić,Mid-Range,157.0,61.0,38.853503184713375,0.7770700636942676,16.39344262295082,15.317073170731707
Luka Dončić,Restricted Area,158.0,112.0,70.88607594936708,1.4177215189873418,41.07142857142857,15.414634146341463
Luka Dončić,Right Corner 3,7.0,3.0,42.857142857142854,1.2857142857142858,66.66666666666667,0.6829268292682927
Luka Garza,Above the Break 3,33.0,10.0,30.303030303030305,0.9090909090909091,100.0,31.428571428571427
Luka Garza,In The Paint (Non-RA),24.0,14.0,58.333333333333336,1.1666666666666667,78.57142857142857,22.857142857142858
Luka Garza,Left Corner 3,2.0,0.0,0.0,0.0,,1.9047619047619049
Luka Garza,Mid-Range,7.0,2.0,28.571428571428573,0.5714285714285714,100.0,6.666666666666667
Luka Garza,Restricted Area,38.0,26.0,68.42105263157895,1.368421052631579,65.38461538461539,36.19047619047619
Luka Garza,Right Corner 3,1.0,0.0,0.0,0.0,,0.9523809523809524
Luke Kennard,Above the Break 3,196.0,80.0,40.816326530612244,1.219387755102041,92.5,45.47563805104408
Luke Kennard,Backcourt,1.0,0.0,0.0,0.0,,0.23201856148491878
Luke Kennard,In The Paint (Non-RA),71.0,35.0,49.29577464788732,0.9859154929577465,60.0,16.473317865429234
Luke Kennard,Left Corner 3,30.0,19.0,63.333333333333336,1.9,100.0,6.960556844547564
Luke Kennard,Mid-Range,51.0,24.0,47.05882352941177,0.9411764705882353,54.166666666666664,11.832946635730858
Luke Kennard,Restricted Area,46.0,33.0,71.73913043478261,1.434782608695652,45.45454545454545,10.672853828306264
Luke Kennard,Right Corner 3,36.0,15.0,41.666666666666664,1.25,100.0,8.352668213457076
Luke Kornet,Above the Break 3,2.0,0.0,0.0,0.0,,0.7142857142857143
Luke Kornet,In The Paint (Non-RA),46.0,19.0,41.30434782608695,0.8260869565217391,73.6842105263158,16.428571428571427
Luke Kornet,Mid-Range,6.0,4.0,66.66666666666667,1.3333333333333333,75.0,2.142857142857143
Luke Kornet,Restricted Area,225.0,164.0,72.88888888888889,1.4577777777777778,68.90243902439025,80.35714285714286
Luke Kornet,Right Corner 3,1.0,0.0,0.0,0.0,,0.35714285714285715
Luke Travers,Above the Break 3,4.0,0.0,0.0,0.0,,20.0
Luke Travers,Left Corner 3,2.0,0.0,0.0,0.0,,10.0
Luke Travers,Restricted Area,11.0,5.0,45.45454545454545,0.9090909090909091,80.0,55.00000000000001
Luke Travers,Right Corner 3,3.0,0.0,0.0,0.0,,15.0
Mac McClung,Above the Break 3,1.0,0.0,0.0,0.0,,50.0
Mac McClung,In The Paint (Non-RA),1.0,0.0,0.0,0.0,,50.0
Malachi Flynn,Above the Break 3,4.0,1.0,25.0,0.75,100.0,30.76923076923077
Malachi Flynn,In The Paint (Non-RA),6.0,1.0,16.666666666666668,0.3333333333333333,100.0,46.15384615384615
Malachi Flynn,Mid-Range,1.0,1.0,100.0,2.0,100.0,7.6923076923076925
Malachi Flynn,Restricted Area,2.0,2.0,100.0,2.0,0.0,15.384615384615385
Malaki Branham,Above the Break 3,67.0,26.0,38.80597014925373,1.164179104477612,92.3076923076923,35.26315789473684
Malaki Branham,In The Paint (Non-RA),39.0,13.0,33.333333333333336,0.6666666666666666,53.84615384615385,20.526315789473685
Malaki Branham,Left Corner 3,11.0,4.0,36.36363636363637,1.0909090909090908,100.0,5.7894736842105265
Malaki Branham,Mid-Range,25.0,8.0,32.0,0.64,50.0,13.157894736842104
Malaki Branham,Restricted Area,42.0,32.0,76.19047619047619,1.5238095238095237,50.0,22.105263157894736
Malaki Branham,Right Corner 3,6.0,4.0,66.66666666666667,2.0,100.0,3.1578947368421053
Malcolm Brogdon,Above the Break 3,50.0,14.0,28.0,0.84,92.85714285714286,20.833333333333336
Malcolm Brogdon,Backcourt,1.0,0.0,0.0,0.0,,0.4166666666666667
Malcolm Brogdon,In The Paint (Non-RA),62.0,23.0,37.096774193548384,0.7419354838709677,47.82608695652174,25.833333333333336
Malcolm Brogdon,Left Corner 3,4.0,1.0,25.0,0.75,100.0,1.6666666666666667
Malcolm Brogdon,Mid-Range,37.0,10.0,27.027027027027028,0.5405405405405406,40.0,15.416666666666668
Malcolm Brogdon,Restricted Area,85.0,55.0,64.70588235294117,1.2941176470588236,30.90909090909091,35.41666666666667
Malcolm Brogdon,Right Corner 3,1.0,1.0,100.0,3.0,100.0,0.4166666666666667
Malevy Leons,In The Paint (Non-RA),1.0,0.0,0.0,0.0,,50.0
Malevy Leons,Right Corner 3,1.0,0.0,0.0,0.0,,50.0
Malik Beasley,Above the Break 3,597.0,231.0,38.69346733668342,1.1608040201005025,91.77489177489177,55.74229691876751
Malik Beasley,Backcourt,2.0,0.0,0.0,0.0,,0.18674136321195145
Malik Beasley,In The Paint (Non-RA),135.0,54.0,40.0,0.8,57.407407407407405,12.605042016806722
Malik Beasley,Left Corner 3,87.0,47.0,54.02298850574713,1.6206896551724137,97.87234042553192,8.123249299719888
Malik Beasley,Mid-Range,81.0,33.0,40.74074074074074,0.8148148148148148,69.6969696969697,7.563025210084033
Malik Beasley,Restricted Area,89.0,55.0,61.79775280898876,1.2359550561797752,65.45454545454545,8.309990662931838
Malik Beasley,Right Corner 3,80.0,41.0,51.25,1.5375,100.0,7.469654528478058
Malik Monk,Above the Break 3,373.0,115.0,30.831099195710454,0.9249329758713136,80.0,39.72310969116081
Malik Monk,Backcourt,2.0,0.0,0.0,0.0,,0.21299254526091588
Malik Monk,In The Paint (Non-RA),235.0,122.0,51.91489361702128,1.0382978723404255,39.34426229508197,25.026624068157616
Malik Monk,Left Corner 3,33.0,13.0,39.39393939393939,1.1818181818181819,100.0,3.5143769968051117
Malik Monk,Mid-Range,91.0,37.0,40.65934065934066,0.8131868131868132,35.13513513513514,9.691160809371672
Malik Monk,Restricted Area,185.0,114.0,61.62162162162162,1.2324324324324325,52.63157894736842,19.701810436634716
Malik Monk,Right Corner 3,20.0,11.0,55.0,1.65,81.81818181818181,2.1299254526091587
MarJon Beauchamp,Above the Break 3,19.0,7.0,36.8421052631579,1.105263157894737,71.42857142857143,29.230769230769234
MarJon Beauchamp,In The Paint (Non-RA),8.0,2.0,25.0,0.5,0.0,12.307692307692308
MarJon Beauchamp,Left Corner 3,7.0,3.0,42.857142857142854,1.2857142857142858,66.66666666666667,10.76923076923077
MarJon Beauchamp,Mid-Range,13.0,4.0,30.76923076923077,0.6153846153846154,25.0,20.0
MarJon Beauchamp,Restricted Area,15.0,11.0,73.33333333333333,1.4666666666666666,36.36363636363637,23.076923076923077
MarJon Beauchamp,Right Corner 3,3.0,0.0,0.0,0.0,,4.615384615384616
Marcus Bagley,Above the Break 3,19.0,1.0,5.2631578947368425,0.15789473684210525,100.0,27.536231884057973
Marcus Bagley,In The Paint (Non-RA),6.0,1.0,16.666666666666668,0.3333333333333333,0.0,8.695652173913043
Marcus Bagley,Left Corner 3,5.0,1.0,20.0,0.6,100.0,7.246376811594203
Marcus Bagley,Mid-Range,1.0,0.0,0.0,0.0,,1.4492753623188406
Marcus Bagley,Restricted Area,30.0,21.0,70.0,1.4,57.142857142857146,43.47826086956522
Marcus Bagley,Right Corner 3,8.0,3.0,37.5,1.125,66.66666666666667,11.594202898550725
Marcus Garrett,Above the Break 3,5.0,2.0,40.0,1.2,100.0,18.51851851851852
Marcus Garrett,In The Paint (Non-RA),13.0,5.0,38.46153846153846,0.7692307692307693,40.0,48.148148148148145
Marcus Garrett,Left Corner 3,1.0,0.0,0.0,0.0,,3.7037037037037033
Marcus Garrett,Mid-Range,1.0,0.0,0.0,0.0,,3.7037037037037033
Marcus Garrett,Restricted Area,5.0,3.0,60.0,1.2,0.0,18.51851851851852
Marcus Garrett,Right Corner 3,2.0,1.0,50.0,1.5,100.0,7.4074074074074066
Marcus Sasser,Above the Break 3,129.0,49.0,37.98449612403101,1.1395348837209303,55.10204081632653,43.58108108108108
Marcus Sasser,In The Paint (Non-RA),57.0,30.0,52.63157894736842,1.0526315789473684,23.333333333333332,19.256756756756758
Marcus Sasser,Left Corner 3,13.0,3.0,23.076923076923077,0.6923076923076923,66.66666666666667,4.391891891891892
Marcus Sasser,Mid-Range,41.0,17.0,41.46341463414634,0.8292682926829268,64.70588235294117,13.85135135135135
Marcus Sasser,Restricted Area,46.0,32.0,69.56521739130434,1.391304347826087,46.875,15.54054054054054
Marcus Sasser,Right Corner 3,10.0,6.0,60.0,1.8,83.33333333333333,3.3783783783783785
Marcus Smart,Above the Break 3,98.0,36.0,36.734693877551024,1.1020408163265305,80.55555555555556,38.13229571984436
Marcus Smart,Backcourt,3.0,0.0,0.0,0.0,,1.1673151750972763
Marcus Smart,In The Paint (Non-RA),77.0,27.0,35.064935064935064,0.7012987012987013,29.62962962962963,29.961089494163424
Marcus Smart,Left Corner 3,24.0,8.0,33.333333333333336,1.0,87.5,9.33852140077821
Marcus Smart,Mid-Range,13.0,8.0,61.53846153846154,1.2307692307692308,25.0,5.058365758754864
Marcus Smart,Restricted Area,26.0,17.0,65.38461538461539,1.3076923076923077,58.8235294117647,10.116731517509727
Marcus Smart,Right Corner 3,16.0,5.0,31.25,0.9375,100.0,6.22568093385214
Mark Williams,Above the Break 3,3.0,0.0,0.0,0.0,,0.6711409395973155
Mark Williams,In The Paint (Non-RA),130.0,49.0,37.69230769230769,0.7538461538461538,91.83673469387755,29.082774049217004
Mark Williams,Left Corner 3,1.0,0.0,0.0,0.0,,0.22371364653243847
Mark Williams,Mid-Range,11.0,6.0,54.54545454545455,1.0909090909090908,100.0,2.460850111856823
Mark Williams,Restricted Area,302.0,215.0,71.19205298013244,1.423841059602649,77.67441860465117,67.56152125279642
Markelle Fultz,Above the Break 3,2.0,1.0,50.0,1.5,100.0,2.9850746268656714
Markelle Fultz,In The Paint (Non-RA),34.0,15.0,44.11764705882353,0.8823529411764706,46.666666666666664,50.74626865671642
Markelle Fultz,Left Corner 3,4.0,2.0,50.0,1.5,100.0,5.970149253731343
Markelle Fultz,Mid-Range,20.0,5.0,25.0,0.5,80.0,29.850746268656714
Markelle Fultz,Restricted Area,5.0,4.0,80.0,1.6,25.0,7.462686567164178
Markelle Fultz,Right Corner 3,2.0,1.0,50.0,1.5,100.0,2.9850746268656714
Markieff Morris,Above the Break 3,24.0,8.0,33.333333333333336,1.0,100.0,34.285714285714285
Markieff Morris,Backcourt,1.0,0.0,0.0,0.0,,1.4285714285714286
Markieff Morris,In The Paint (Non-RA),10.0,6.0,60.0,1.2,50.0,14.285714285714285
Markieff Morris,Left Corner 3,7.0,1.0,14.285714285714286,0.42857142857142855,100.0,10.0
Markieff Morris,Mid-Range,16.0,5.0,31.25,0.625,80.0,22.857142857142858
Markieff Morris,Restricted Area,8.0,1.0,12.5,0.25,100.0,11.428571428571429
Markieff Morris,Right Corner 3,4.0,0.0,0.0,0.0,,5.714285714285714
Marvin Bagley III,Above the Break 3,13.0,2.0,15.384615384615385,0.46153846153846156,100.0,12.264150943396226
Marvin Bagley III,In The Paint (Non-RA),23.0,8.0,34.78260869565217,0.6956521739130435,87.5,21.69811320754717
Marvin Bagley III,Left Corner 3,4.0,1.0,25.0,0.75,100.0,3.7735849056603774
Marvin Bagley III,Mid-Range,5.0,2.0,40.0,0.8,100.0,4.716981132075472
Marvin Bagley III,Restricted Area,59.0,42.0,71.1864406779661,1.423728813559322,45.23809523809524,55.660377358490564
Marvin Bagley III,Right Corner 3,2.0,0.0,0.0,0.0,,1.8867924528301887
Mason Jones,Above the Break 3,7.0,1.0,14.285714285714286,0.42857142857142855,100.0,38.88888888888889
Mason Jones,In The Paint (Non-RA),7.0,5.0,71.42857142857143,1.4285714285714286,40.0,38.88888888888889
Mason Jones,Restricted Area,3.0,3.0,100.0,2.0,66.66666666666667,16.666666666666664
Mason Jones,Right Corner 3,1.0,0.0,0.0,0.0,,5.555555555555555
Mason Plumlee,Above the Break 3,1.0,0.0,0.0,0.0,,0.49504950495049505
Mason Plumlee,Backcourt,1.0,0.0,0.0,0.0,,0.49504950495049505
Mason Plumlee,In The Paint (Non-RA),50.0,16.0,32.0,0.64,81.25,24.752475247524753
Mason Plumlee,Left Corner 3,2.0,0.0,0.0,0.0,,0.9900990099009901
Mason Plumlee,Mid-Range,5.0,0.0,0.0,0.0,,2.4752475247524752
Mason Plumlee,Restricted Area,143.0,109.0,76.22377622377623,1.5244755244755244,77.06422018348624,70.79207920792079
Matas Buzelis,Above the Break 3,131.0,47.0,35.87786259541985,1.0763358778625953,97.87234042553192,23.603603603603602
Matas Buzelis,In The Paint (Non-RA),67.0,30.0,44.776119402985074,0.8955223880597015,56.666666666666664,12.072072072072073
Matas Buzelis,Left Corner 3,81.0,35.0,43.20987654320987,1.2962962962962963,97.14285714285714,14.594594594594595
Matas Buzelis,Mid-Range,17.0,5.0,29.41176470588235,0.5882352941176471,80.0,3.063063063063063
Matas Buzelis,Restricted Area,205.0,121.0,59.02439024390244,1.1804878048780487,72.72727272727273,36.93693693693694
Matas Buzelis,Right Corner 3,54.0,14.0,25.925925925925927,0.7777777777777778,100.0,9.72972972972973
Matisse Thybulle,Above the Break 3,22.0,10.0,45.45454545454545,1.3636363636363635,100.0,25.0
Matisse Thybulle,In The Paint (Non-RA),19.0,8.0,42.10526315789474,0.8421052631578947,37.5,21.59090909090909
Matisse Thybulle,Left Corner 3,14.0,5.0,35.714285714285715,1.0714285714285714,100.0,15.909090909090908
Matisse Thybulle,Mid-Range,2.0,0.0,0.0,0.0,,2.272727272727273
Matisse Thybulle,Restricted Area,19.0,13.0,68.42105263157895,1.368421052631579,69.23076923076923,21.59090909090909
Matisse Thybulle,Right Corner 3,12.0,6.0,50.0,1.5,100.0,13.636363636363635
Matt Ryan,Above the Break 3,11.0,4.0,36.36363636363637,1.0909090909090908,100.0,35.483870967741936
Matt Ryan,In The Paint (Non-RA),3.0,1.0,33.333333333333336,0.6666666666666666,100.0,9.67741935483871
Matt Ryan,Left Corner 3,5.0,1.0,20.0,0.6,100.0,16.129032258064516
Matt Ryan,Mid-Range,4.0,0.0,0.0,0.0,,12.903225806451612
Matt Ryan,Restricted Area,5.0,3.0,60.0,1.2,100.0,16.129032258064516
Matt Ryan,Right Corner 3,3.0,1.0,33.333333333333336,1.0,100.0,9.67741935483871
Max Christie,Above the Break 3,195.0,70.0,35.8974358974359,1.0769230769230769,95.71428571428571,33.05084745762712
Max Christie,Backcourt,2.0,0.0,0.0,0.0,,0.3389830508474576
Max Christie,In The Paint (Non-RA),106.0,34.0,32.075471698113205,0.6415094339622641,41.1764705882353,17.966101694915253
Max Christie,Left Corner 3,63.0,27.0,42.857142857142854,1.2857142857142858,96.29629629629629,10.677966101694915
Max Christie,Mid-Range,60.0,21.0,35.0,0.7,42.857142857142854,10.16949152542373
Max Christie,Restricted Area,110.0,82.0,74.54545454545455,1.490909090909091,73.17073170731707,18.64406779661017
Max Christie,Right Corner 3,54.0,18.0,33.333333333333336,1.0,94.44444444444444,9.152542372881356
Max Strus,Above the Break 3,199.0,76.0,38.19095477386934,1.1457286432160805,97.36842105263158,53.35120643431635
Max Strus,Backcourt,1.0,0.0,0.0,0.0,,0.2680965147453083
Max Strus,In The Paint (Non-RA),20.0,8.0,40.0,0.8,75.0,5.361930294906166
Max Strus,Left Corner 3,54.0,22.0,40.74074074074074,1.2222222222222223,95.45454545454545,14.47721179624665
Max Strus,Mid-Range,1.0,0.0,0.0,0.0,,0.2680965147453083
Max Strus,Restricted Area,59.0,44.0,74.57627118644068,1.4915254237288136,72.72727272727273,15.81769436997319
Max Strus,Right Corner 3,39.0,15.0,38.46153846153846,1.1538461538461537,93.33333333333333,10.455764075067025
Maxi Kleber,Above the Break 3,32.0,9.0,28.125,0.84375,88.88888888888889,33.33333333333333
Maxi Kleber,In The Paint (Non-RA),14.0,4.0,28.571428571428573,0.5714285714285714,100.0,14.583333333333334
Maxi Kleber,Left Corner 3,5.0,1.0,20.0,0.6,100.0,5.208333333333334
Maxi Kleber,Mid-Range,10.0,7.0,70.0,1.4,85.71428571428571,10.416666666666668
Maxi Kleber,Restricted Area,23.0,13.0,56.52173913043478,1.1304347826086956,76.92307692307692,23.958333333333336
Maxi Kleber,Right Corner 3,12.0,3.0,25.0,0.75,100.0,12.5
Maxwell Lewis,Above the Break 3,30.0,12.0,40.0,1.2,91.66666666666667,27.77777777777778
Maxwell Lewis,In The Paint (Non-RA),21.0,6.0,28.571428571428573,0.5714285714285714,50.0,19.444444444444446
Maxwell Lewis,Left Corner 3,13.0,4.0,30.76923076923077,0.9230769230769231,100.0,12.037037037037036
Maxwell Lewis,Mid-Range,7.0,1.0,14.285714285714286,0.2857142857142857,100.0,6.481481481481481
Maxwell Lewis,Restricted Area,30.0,19.0,63.333333333333336,1.2666666666666666,68.42105263157895,27.77777777777778
Maxwell Lewis,Right Corner 3,7.0,3.0,42.857142857142854,1.2857142857142858,66.66666666666667,6.481481481481481
Micah Potter,Above the Break 3,40.0,12.0,30.0,0.9,100.0,29.629629629629626
Micah Potter,In The Paint (Non-RA),11.0,6.0,54.54545454545455,1.0909090909090908,83.33333333333333,8.148148148148149
Micah Potter,Left Corner 3,27.0,11.0,40.74074074074074,1.2222222222222223,100.0,20.0
Micah Potter,Mid-Range,1.0,1.0,100.0,2.0,100.0,0.7407407407407408
Micah Potter,Restricted Area,25.0,19.0,76.0,1.52,57.89473684210526,18.51851851851852
Micah Potter,Right Corner 3,31.0,8.0,25.806451612903224,0.7741935483870968,100.0,22.962962962962962
Michael Porter Jr.,Above the Break 3,418.0,161.0,38.516746411483254,1.1555023923444976,92.54658385093168,39.88549618320611
Michael Porter Jr.,Backcourt,8.0,0.0,0.0,0.0,,0.7633587786259541
Michael Porter Jr.,In The Paint (Non-RA),134.0,65.0,48.507462686567166,0.9701492537313433,78.46153846153847,12.786259541984732
Michael Porter Jr.,Left Corner 3,31.0,17.0,54.83870967741935,1.6451612903225807,88.23529411764706,2.9580152671755724
Michael Porter Jr.,Mid-Range,132.0,54.0,40.90909090909091,0.8181818181818182,68.51851851851852,12.595419847328243
Michael Porter Jr.,Restricted Area,293.0,216.0,73.72013651877133,1.4744027303754266,74.07407407407408,27.958015267175572
Michael Porter Jr.,Right Corner 3,32.0,15.0,46.875,1.40625,93.33333333333333,3.0534351145038165
Mikal Bridges,Above the Break 3,233.0,71.0,30.472103004291846,0.9141630901287554,92.95774647887323,19.695688926458157
Mikal Bridges,Backcourt,11.0,0.0,0.0,0.0,,0.9298393913778529
Mikal Bridges,In The Paint (Non-RA),268.0,139.0,51.865671641791046,1.037313432835821,58.273381294964025,22.65426880811496
Mikal Bridges,Left Corner 3,98.0,38.0,38.775510204081634,1.163265306122449,97.36842105263158,8.284023668639055
Mikal Bridges,Mid-Range,211.0,107.0,50.71090047393365,1.014218009478673,65.42056074766356,17.836010143702453
Mikal Bridges,Restricted Area,241.0,182.0,75.51867219917013,1.5103734439834025,77.47252747252747,20.37193575655114
Mikal Bridges,Right Corner 3,121.0,55.0,45.45454545454545,1.3636363636363635,98.18181818181819,10.228233305156383
Mike Conley,Above the Break 3,221.0,83.0,37.55656108597285,1.1266968325791855,78.3132530120482,47.22222222222222
Mike Conley,Backcourt,1.0,0.0,0.0,0.0,,0.2136752136752137
Mike Conley,In The Paint (Non-RA),75.0,25.0,33.333333333333336,0.6666666666666666,32.0,16.025641025641026
Mike Conley,Left Corner 3,40.0,19.0,47.5,1.425,94.73684210526316,8.547008547008547
Mike Conley,Mid-Range,27.0,5.0,18.51851851851852,0.37037037037037035,60.0,5.769230769230769
Mike Conley,Restricted Area,56.0,30.0,53.57142857142857,1.0714285714285714,50.0,11.965811965811966
Mike Conley,Right Corner 3,48.0,25.0,52.083333333333336,1.5625,84.0,10.256410256410255
Miles Bridges,Above the Break 3,333.0,99.0,29.72972972972973,0.8918918918918919,88.88888888888889,30.57851239669421
Miles Bridges,Backcourt,6.0,0.0,0.0,0.0,,0.5509641873278237
Miles Bridges,In The Paint (Non-RA),253.0,95.0,37.54940711462451,0.7509881422924901,33.68421052631579,23.232323232323232
Miles Bridges,Left Corner 3,55.0,18.0,32.72727272727273,0.9818181818181818,94.44444444444444,5.05050505050505
Miles Bridges,Mid-Range,56.0,17.0,30.357142857142858,0.6071428571428571,41.1764705882353,5.142332415059688
Miles Bridges,Restricted Area,330.0,216.0,65.45454545454545,1.309090909090909,55.092592592592595,30.303030303030305
Miles Bridges,Right Corner 3,56.0,24.0,42.857142857142854,1.2857142857142858,95.83333333333333,5.142332415059688
Miles McBride,Above the Break 3,218.0,81.0,37.15596330275229,1.114678899082569,72.8395061728395,39.853747714808044
Miles McBride,Backcourt,3.0,0.0,0.0,0.0,,0.5484460694698354
Miles McBride,In The Paint (Non-RA),57.0,18.0,31.57894736842105,0.631578947368421,38.888888888888886,10.420475319926874
Miles McBride,Left Corner 3,51.0,21.0,41.1764705882353,1.2352941176470589,100.0,9.323583180987203
Miles McBride,Mid-Range,87.0,43.0,49.42528735632184,0.9885057471264368,37.2093023255814,15.904936014625228
Miles McBride,Restricted Area,91.0,46.0,50.54945054945055,1.010989010989011,41.30434782608695,16.63619744058501
Miles McBride,Right Corner 3,40.0,13.0,32.5,0.975,100.0,7.312614259597806
Miles Norris,Above the Break 3,7.0,2.0,28.571428571428573,0.8571428571428571,100.0,77.77777777777779
Miles Norris,In The Paint (Non-RA),1.0,0.0,0.0,0.0,,11.11111111111111
Miles Norris,Restricted Area,1.0,0.0,0.0,0.0,,11.11111111111111
Mitchell Robinson,In The Paint (Non-RA),3.0,1.0,33.333333333333336,0.6666666666666666,100.0,5.357142857142857
Mitchell Robinson,Restricted Area,53.0,36.0,67.9245283018868,1.3584905660377358,36.111111111111114,94.64285714285714
Mo Bamba,Above the Break 3,35.0,10.0,28.571428571428573,0.8571428571428571,100.0,31.25
Mo Bamba,In The Paint (Non-RA),17.0,6.0,35.294117647058826,0.7058823529411765,100.0,15.178571428571427
Mo Bamba,Left Corner 3,10.0,5.0,50.0,1.5,100.0,8.928571428571429
Mo Bamba,Mid-Range,4.0,3.0,75.0,1.5,100.0,3.571428571428571
Mo Bamba,Restricted Area,37.0,28.0,75.67567567567568,1.5135135135135136,53.57142857142857,33.035714285714285
Mo Bamba,Right Corner 3,9.0,0.0,0.0,0.0,,8.035714285714286
Monté Morris,Above the Break 3,45.0,16.0,35.55555555555556,1.0666666666666667,81.25,23.076923076923077
Monté Morris,In The Paint (Non-RA),59.0,25.0,42.3728813559322,0.847457627118644,44.0,30.256410256410255
Monté Morris,Left Corner 3,19.0,4.0,21.05263157894737,0.631578947368421,100.0,9.743589743589745
Monté Morris,Mid-Range,30.0,14.0,46.666666666666664,0.9333333333333333,50.0,15.384615384615385
Monté Morris,Restricted Area,20.0,13.0,65.0,1.3,46.15384615384615,10.256410256410255
Monté Morris,Right Corner 3,22.0,11.0,50.0,1.5,100.0,11.282051282051283
Moritz Wagner,Above the Break 3,51.0,18.0,35.294117647058826,1.0588235294117647,100.0,20.481927710843372
Moritz Wagner,In The Paint (Non-RA),28.0,13.0,46.42857142857143,0.9285714285714286,61.53846153846154,11.244979919678714
Moritz Wagner,Left Corner 3,12.0,5.0,41.666666666666664,1.25,100.0,4.819277108433735
Moritz Wagner,Mid-Range,1.0,0.0,0.0,0.0,,0.4016064257028112
Moritz Wagner,Restricted Area,145.0,100.0,68.96551724137932,1.3793103448275863,70.0,58.23293172690763
Moritz Wagner,Right Corner 3,12.0,4.0,33.333333333333336,1.0,100.0,4.819277108433735
Moses Brown,In The Paint (Non-RA),15.0,5.0,33.333333333333336,0.6666666666666666,80.0,30.612244897959183
Moses Brown,Restricted Area,34.0,29.0,85.29411764705883,1.7058823529411764,62.06896551724138,69.38775510204081
Moses Moody,Above the Break 3,209.0,71.0,33.97129186602871,1.0191387559808613,97.1830985915493,36.79577464788733
Moses Moody,In The Paint (Non-RA),87.0,33.0,37.93103448275862,0.7586206896551724,69.6969696969697,15.316901408450704
Moses Moody,Left Corner 3,61.0,27.0,44.26229508196721,1.3278688524590163,96.29629629629629,10.73943661971831
Moses Moody,Mid-Range,31.0,5.0,16.129032258064516,0.3225806451612903,40.0,5.457746478873239
Moses Moody,Restricted Area,113.0,82.0,72.56637168141593,1.4513274336283186,67.07317073170732,19.8943661971831
Moses Moody,Right Corner 3,67.0,28.0,41.791044776119406,1.2537313432835822,96.42857142857143,11.795774647887324
Mouhamed Gueye,Above the Break 3,32.0,9.0,28.125,0.84375,100.0,18.71345029239766
Mouhamed Gueye,In The Paint (Non-RA),24.0,10.0,41.666666666666664,0.8333333333333334,80.0,14.035087719298245
Mouhamed Gueye,Left Corner 3,22.0,6.0,27.272727272727273,0.8181818181818182,100.0,12.865497076023392
Mouhamed Gueye,Mid-Range,5.0,2.0,40.0,0.8,100.0,2.923976608187134
Mouhamed Gueye,Restricted Area,61.0,39.0,63.9344262295082,1.278688524590164,82.05128205128206,35.67251461988304
Mouhamed Gueye,Right Corner 3,27.0,6.0,22.22222222222222,0.6666666666666666,100.0,15.789473684210526
Moussa Diabaté,Above the Break 3,4.0,0.0,0.0,0.0,,1.4285714285714286
Moussa Diabaté,In The Paint (Non-RA),71.0,33.0,46.478873239436616,0.9295774647887324,81.81818181818181,25.357142857142854
Moussa Diabaté,Left Corner 3,1.0,0.0,0.0,0.0,,0.35714285714285715
Moussa Diabaté,Mid-Range,3.0,2.0,66.66666666666667,1.3333333333333333,100.0,1.0714285714285714
Moussa Diabaté,Restricted Area,200.0,132.0,66.0,1.32,71.96969696969697,71.42857142857143
Moussa Diabaté,Right Corner 3,1.0,0.0,0.0,0.0,,0.35714285714285715
Myles Turner,Above the Break 3,338.0,128.0,37.8698224852071,1.136094674556213,97.65625,41.676942046855736
Myles Turner,In The Paint (Non-RA),157.0,64.0,40.76433121019108,0.8152866242038217,93.75,19.35881627620222
Myles Turner,Left Corner 3,15.0,9.0,60.0,1.8,100.0,1.8495684340320593
Myles Turner,Mid-Range,73.0,40.0,54.794520547945204,1.095890410958904,92.5,9.001233045622687
Myles Turner,Restricted Area,187.0,130.0,69.5187165775401,1.3903743315508021,77.6923076923077,23.05795314426634
Myles Turner,Right Corner 3,41.0,19.0,46.34146341463415,1.3902439024390243,100.0,5.055487053020962
N'Faly Dante,In The Paint (Non-RA),3.0,3.0,100.0,2.0,66.66666666666667,23.076923076923077
N'Faly Dante,Mid-Range,1.0,0.0,0.0,0.0,,7.6923076923076925
N'Faly Dante,Restricted Area,9.0,7.0,77.77777777777777,1.5555555555555556,57.142857142857146,69.23076923076923
Nae'Qwan Tomlin,Above the Break 3,9.0,2.0,22.22222222222222,0.6666666666666666,100.0,28.125
Nae'Qwan Tomlin,In The Paint (Non-RA),5.0,2.0,40.0,0.8,50.0,15.625
Nae'Qwan Tomlin,Restricted Area,17.0,9.0,52.94117647058823,1.0588235294117647,44.44444444444444,53.125
Nae'Qwan Tomlin,Right Corner 3,1.0,0.0,0.0,0.0,,3.125
Naji Marshall,Above the Break 3,104.0,29.0,27.884615384615383,0.8365384615384616,100.0,14.606741573033707
Naji Marshall,Backcourt,8.0,0.0,0.0,0.0,,1.1235955056179776
Naji Marshall,In The Paint (Non-RA),245.0,131.0,53.46938775510204,1.0693877551020408,37.404580152671755,34.41011235955056
Naji Marshall,Left Corner 3,58.0,21.0,36.206896551724135,1.0862068965517242,100.0,8.146067415730338
Naji Marshall,Mid-Range,40.0,23.0,57.5,1.15,60.869565217391305,5.617977528089887
Naji Marshall,Restricted Area,209.0,148.0,70.8133971291866,1.4162679425837321,56.08108108108108,29.353932584269664
Naji Marshall,Right Corner 3,48.0,10.0,20.833333333333332,0.625,100.0,6.741573033707865
Nate Williams,Above the Break 3,13.0,3.0,23.076923076923077,0.6923076923076923,100.0,20.967741935483872
Nate Williams,In The Paint (Non-RA),22.0,11.0,50.0,1.0,63.63636363636363,35.483870967741936
Nate Williams,Left Corner 3,6.0,0.0,0.0,0.0,,9.67741935483871
Nate Williams,Mid-Range,2.0,1.0,50.0,1.0,0.0,3.225806451612903
Nate Williams,Restricted Area,12.0,9.0,75.0,1.5,66.66666666666667,19.35483870967742
Nate Williams,Right Corner 3,7.0,3.0,42.857142857142854,1.2857142857142858,100.0,11.29032258064516
Naz Reid,Above the Break 3,349.0,133.0,38.108882521489974,1.143266475644699,90.97744360902256,37.81148429035753
Naz Reid,Backcourt,2.0,0.0,0.0,0.0,,0.21668472372697722
Naz Reid,In The Paint (Non-RA),210.0,92.0,43.80952380952381,0.8761904761904762,58.69565217391305,22.75189599133261
Naz Reid,Left Corner 3,63.0,25.0,39.682539682539684,1.1904761904761905,92.0,6.825568797399784
Naz Reid,Mid-Range,28.0,12.0,42.857142857142854,0.8571428571428571,66.66666666666667,3.0335861321776814
Naz Reid,Restricted Area,223.0,147.0,65.91928251121077,1.3183856502242153,67.34693877551021,24.160346695557962
Naz Reid,Right Corner 3,48.0,17.0,35.416666666666664,1.0625,100.0,5.200433369447454
Neemias Queta,Above the Break 3,1.0,0.0,0.0,0.0,,0.49261083743842365
Neemias Queta,Backcourt,1.0,0.0,0.0,0.0,,0.49261083743842365
Neemias Queta,In The Paint (Non-RA),51.0,26.0,50.98039215686274,1.0196078431372548,96.15384615384616,25.12315270935961
Neemias Queta,Mid-Range,4.0,3.0,75.0,1.5,66.66666666666667,1.9704433497536946
Neemias Queta,Restricted Area,145.0,103.0,71.03448275862068,1.4206896551724137,75.72815533980582,71.42857142857143
Neemias Queta,Right Corner 3,1.0,0.0,0.0,0.0,,0.49261083743842365
Nic Claxton,Above the Break 3,13.0,3.0,23.076923076923077,0.6923076923076923,100.0,2.2887323943661975
Nic Claxton,In The Paint (Non-RA),191.0,72.0,37.696335078534034,0.7539267015706806,69.44444444444444,33.62676056338028
Nic Claxton,Left Corner 3,4.0,1.0,25.0,0.75,100.0,0.7042253521126761
Nic Claxton,Mid-Range,33.0,12.0,36.36363636363637,0.7272727272727273,66.66666666666667,5.809859154929577
Nic Claxton,Restricted Area,323.0,231.0,71.51702786377709,1.4303405572755419,66.66666666666667,56.866197183098585
Nic Claxton,Right Corner 3,4.0,1.0,25.0,0.75,100.0,0.7042253521126761
Nick Richards,In The Paint (Non-RA),108.0,41.0,37.96296296296296,0.7592592592592593,87.8048780487805,31.12391930835735
Nick Richards,Mid-Range,17.0,8.0,47.05882352941177,0.9411764705882353,75.0,4.899135446685879
Nick Richards,Restricted Area,220.0,156.0,70.9090909090909,1.4181818181818182,62.82051282051282,63.40057636887608
Nick Richards,Right Corner 3,2.0,0.0,0.0,0.0,,0.5763688760806917
Nick Smith Jr.,Above the Break 3,241.0,81.0,33.60995850622407,1.008298755186722,76.54320987654322,42.42957746478873
Nick Smith Jr.,Backcourt,1.0,0.0,0.0,0.0,,0.17605633802816903
Nick Smith Jr.,In The Paint (Non-RA),143.0,61.0,42.65734265734266,0.8531468531468531,37.704918032786885,25.176056338028168
Nick Smith Jr.,Left Corner 3,42.0,15.0,35.714285714285715,1.0714285714285714,100.0,7.394366197183098
Nick Smith Jr.,Mid-Range,74.0,31.0,41.891891891891895,0.8378378378378378,25.806451612903224,13.028169014084506
Nick Smith Jr.,Restricted Area,45.0,26.0,57.77777777777778,1.1555555555555554,53.84615384615385,7.922535211267606
Nick Smith Jr.,Right Corner 3,22.0,8.0,36.36363636363637,1.0909090909090908,100.0,3.873239436619718
Nickeil Alexander-Walker,Above the Break 3,229.0,76.0,33.18777292576419,0.9956331877729258,97.36842105263158,37.17532467532468
Nickeil Alexander-Walker,Backcourt,4.0,0.0,0.0,0.0,,0.6493506493506493
Nickeil Alexander-Walker,In The Paint (Non-RA),88.0,34.0,38.63636363636363,0.7727272727272727,76.47058823529412,14.285714285714285
Nickeil Alexander-Walker,Left Corner 3,56.0,29.0,51.785714285714285,1.5535714285714286,100.0,9.090909090909092
Nickeil Alexander-Walker,Mid-Range,35.0,17.0,48.57142857142857,0.9714285714285714,64.70588235294117,5.681818181818182
Nickeil Alexander-Walker,Restricted Area,123.0,78.0,63.41463414634146,1.2682926829268293,53.84615384615385,19.967532467532468
Nickeil Alexander-Walker,Right Corner 3,81.0,36.0,44.44444444444444,1.3333333333333333,100.0,13.14935064935065
Nicolas Batum,Above the Break 3,101.0,41.0,40.59405940594059,1.2178217821782178,100.0,42.436974789915965
Nicolas Batum,In The Paint (Non-RA),7.0,1.0,14.285714285714286,0.2857142857142857,100.0,2.941176470588235
Nicolas Batum,Left Corner 3,48.0,22.0,45.833333333333336,1.375,100.0,20.168067226890756
Nicolas Batum,Mid-Range,7.0,3.0,42.857142857142854,0.8571428571428571,66.66666666666667,2.941176470588235
Nicolas Batum,Restricted Area,21.0,12.0,57.142857142857146,1.1428571428571428,41.666666666666664,8.823529411764707
Nicolas Batum,Right Corner 3,54.0,25.0,46.2962962962963,1.3888888888888888,96.0,22.689075630252102
Nikola Jokić,Above the Break 3,294.0,128.0,43.53741496598639,1.3061224489795917,85.15625,21.55425219941349
Nikola Jokić,Backcourt,22.0,2.0,9.090909090909092,0.2727272727272727,100.0,1.6129032258064515
Nikola Jokić,In The Paint (Non-RA),486.0,278.0,57.20164609053498,1.1440329218106995,70.14388489208633,35.63049853372434
Nikola Jokić,Left Corner 3,5.0,4.0,80.0,2.4,100.0,0.36656891495601174
Nikola Jokić,Mid-Range,116.0,60.0,51.724137931034484,1.0344827586206897,61.666666666666664,8.504398826979472
Nikola Jokić,Restricted Area,431.0,310.0,71.92575406032482,1.4385150812064966,61.61290322580645,31.59824046920821
Nikola Jokić,Right Corner 3,10.0,4.0,40.0,1.2,100.0,0.7331378299120235
Nikola Jović,Above the Break 3,130.0,40.0,30.76923076923077,0.9230769230769231,90.0,34.48275862068966
Nikola Jović,In The Paint (Non-RA),60.0,26.0,43.333333333333336,0.8666666666666667,53.84615384615385,15.915119363395224
Nikola Jović,Left Corner 3,37.0,20.0,54.054054054054056,1.6216216216216217,100.0,9.814323607427056
Nikola Jović,Mid-Range,18.0,7.0,38.888888888888886,0.7777777777777778,57.142857142857146,4.774535809018567
Nikola Jović,Restricted Area,89.0,61.0,68.53932584269663,1.3707865168539326,70.49180327868852,23.607427055702917
Nikola Jović,Right Corner 3,43.0,18.0,41.86046511627907,1.255813953488372,100.0,11.405835543766578
Nikola Vučević,Above the Break 3,293.0,118.0,40.27303754266212,1.2081911262798635,99.15254237288136,28.227360308285164
Nikola Vučević,Backcourt,1.0,0.0,0.0,0.0,,0.09633911368015415
Nikola Vučević,In The Paint (Non-RA),336.0,194.0,57.73809523809524,1.1547619047619047,83.50515463917526,32.369942196531795
Nikola Vučević,Left Corner 3,16.0,7.0,43.75,1.3125,100.0,1.5414258188824663
Nikola Vučević,Mid-Range,108.0,47.0,43.51851851851852,0.8703703703703703,82.97872340425532,10.404624277456648
Nikola Vučević,Restricted Area,273.0,180.0,65.93406593406593,1.3186813186813187,65.55555555555556,26.300578034682083
Nikola Vučević,Right Corner 3,11.0,4.0,36.36363636363637,1.0909090909090908,100.0,1.0597302504816954
Noah Clowney,Above the Break 3,191.0,63.0,32.98429319371728,0.9895287958115183,93.65079365079364,51.344086021505376
Noah Clowney,Backcourt,1.0,0.0,0.0,0.0,,0.2688172043010753
Noah Clowney,In The Paint (Non-RA),44.0,10.0,22.727272727272727,0.45454545454545453,70.0,11.827956989247312
Noah Clowney,Left Corner 3,36.0,12.0,33.333333333333336,1.0,100.0,9.67741935483871
Noah Clowney,Mid-Range,6.0,1.0,16.666666666666668,0.3333333333333333,100.0,1.6129032258064515
Noah Clowney,Restricted Area,61.0,35.0,57.377049180327866,1.1475409836065573,68.57142857142857,16.397849462365592
Noah Clowney,Right Corner 3,33.0,12.0,36.36363636363637,1.0909090909090908,100.0,8.870967741935484
Norman Powell,Above the Break 3,359.0,153.0,42.618384401114206,1.2785515320334262,79.08496732026144,37.98941798941799
Norman Powell,Backcourt,3.0,0.0,0.0,0.0,,0.31746031746031744
Norman Powell,In The Paint (Non-RA),194.0,90.0,46.391752577319586,0.9278350515463918,68.88888888888889,20.529100529100532
Norman Powell,Left Corner 3,35.0,13.0,37.142857142857146,1.1142857142857143,92.3076923076923,3.7037037037037033
Norman Powell,Mid-Range,77.0,28.0,36.36363636363637,0.7272727272727273,67.85714285714286,8.148148148148149
Norman Powell,Restricted Area,246.0,160.0,65.04065040650407,1.3008130081300813,53.75,26.031746031746035
Norman Powell,Right Corner 3,31.0,13.0,41.935483870967744,1.2580645161290323,69.23076923076923,3.28042328042328
OG Anunoby,Above the Break 3,243.0,89.0,36.62551440329218,1.0987654320987654,91.01123595505618,23.661148977604675
OG Anunoby,Backcourt,1.0,0.0,0.0,0.0,,0.09737098344693282
OG Anunoby,In The Paint (Non-RA),99.0,37.0,37.37373737373738,0.7474747474747475,67.56756756756756,9.639727361246349
OG Anunoby,Left Corner 3,128.0,49.0,38.28125,1.1484375,100.0,12.4634858812074
OG Anunoby,Mid-Range,78.0,25.0,32.05128205128205,0.6410256410256411,64.0,7.59493670886076
OG Anunoby,Restricted Area,390.0,256.0,65.64102564102564,1.3128205128205128,73.046875,37.9746835443038
OG Anunoby,Right Corner 3,88.0,33.0,37.5,1.125,87.87878787878788,8.568646543330088
Obi Toppin,Above the Break 3,176.0,56.0,31.818181818181817,0.9545454545454546,100.0,29.382303839732888
Obi Toppin,Backcourt,5.0,0.0,0.0,0.0,,0.8347245409015025
Obi Toppin,In The Paint (Non-RA),73.0,41.0,56.16438356164384,1.1232876712328768,78.04878048780488,12.186978297161936
Obi Toppin,Left Corner 3,78.0,35.0,44.87179487179487,1.3461538461538463,88.57142857142857,13.02170283806344
Obi Toppin,Mid-Range,21.0,6.0,28.571428571428573,0.5714285714285714,33.333333333333336,3.5058430717863103
Obi Toppin,Restricted Area,204.0,160.0,78.43137254901961,1.5686274509803921,76.875,34.05676126878131
Obi Toppin,Right Corner 3,42.0,19.0,45.23809523809524,1.3571428571428572,100.0,7.0116861435726205
Ochai Agbaji,Above the Break 3,109.0,42.0,38.53211009174312,1.1559633027522935,92.85714285714286,20.411985018726593
Ochai Agbaji,In The Paint (Non-RA),44.0,14.0,31.818181818181817,0.6363636363636364,71.42857142857143,8.239700374531834
Ochai Agbaji,Left Corner 3,68.0,29.0,42.64705882352941,1.2794117647058822,100.0,12.734082397003746
Ochai Agbaji,Mid-Range,16.0,6.0,37.5,0.75,83.33333333333333,2.9962546816479403
Ochai Agbaji,Restricted Area,221.0,145.0,65.61085972850678,1.3122171945701357,80.0,41.38576779026217
Ochai Agbaji,Right Corner 3,76.0,30.0,39.473684210526315,1.1842105263157894,96.66666666666667,14.232209737827715
Olivier-Maxence Prosper,Above the Break 3,16.0,3.0,18.75,0.5625,100.0,9.195402298850574
Olivier-Maxence Prosper,In The Paint (Non-RA),38.0,11.0,28.94736842105263,0.5789473684210527,45.45454545454545,21.839080459770116
Olivier-Maxence Prosper,Left Corner 3,14.0,3.0,21.428571428571427,0.6428571428571429,100.0,8.045977011494253
Olivier-Maxence Prosper,Mid-Range,10.0,2.0,20.0,0.4,100.0,5.747126436781609
Olivier-Maxence Prosper,Restricted Area,75.0,45.0,60.0,1.2,66.66666666666667,43.103448275862064
Olivier-Maxence Prosper,Right Corner 3,21.0,6.0,28.571428571428573,0.8571428571428571,100.0,12.068965517241379
Onyeka Okongwu,Above the Break 3,66.0,20.0,30.303030303030305,0.9090909090909091,100.0,9.649122807017543
Onyeka Okongwu,Backcourt,1.0,0.0,0.0,0.0,,0.14619883040935672
Onyeka Okongwu,In The Paint (Non-RA),156.0,74.0,47.43589743589744,0.9487179487179487,85.13513513513513,22.807017543859647
Onyeka Okongwu,Left Corner 3,15.0,7.0,46.666666666666664,1.4,100.0,2.1929824561403506
Onyeka Okongwu,Mid-Range,5.0,3.0,60.0,1.2,100.0,0.7309941520467835
Onyeka Okongwu,Restricted Area,375.0,263.0,70.13333333333334,1.4026666666666667,74.1444866920152,54.824561403508774
Onyeka Okongwu,Right Corner 3,66.0,21.0,31.818181818181817,0.9545454545454546,100.0,9.649122807017543
Orlando Robinson,Above the Break 3,45.0,15.0,33.333333333333336,1.0,100.0,17.24137931034483
Orlando Robinson,In The Paint (Non-RA),96.0,33.0,34.375,0.6875,75.75757575757575,36.7816091954023
Orlando Robinson,Left Corner 3,1.0,0.0,0.0,0.0,,0.38314176245210724
Orlando Robinson,Mid-Range,9.0,5.0,55.55555555555556,1.1111111111111112,100.0,3.4482758620689653
Orlando Robinson,Restricted Area,104.0,61.0,58.65384615384615,1.1730769230769231,57.377049180327866,39.84674329501915
Orlando Robinson,Right Corner 3,6.0,2.0,33.333333333333336,1.0,100.0,2.2988505747126435
Oscar Tshiebwe,In The Paint (Non-RA),34.0,17.0,50.0,1.0,64.70588235294117,48.57142857142857
Oscar Tshiebwe,Mid-Range,1.0,0.0,0.0,0.0,,1.4285714285714286
Oscar Tshiebwe,Restricted Area,35.0,25.0,71.42857142857143,1.4285714285714286,56.0,50.0
Oshae Brissett,Above the Break 3,12.0,4.0,33.333333333333336,1.0,75.0,30.76923076923077
Oshae Brissett,In The Paint (Non-RA),7.0,4.0,57.142857142857146,1.1428571428571428,75.0,17.94871794871795
Oshae Brissett,Left Corner 3,1.0,0.0,0.0,0.0,,2.564102564102564
Oshae Brissett,Restricted Area,14.0,9.0,64.28571428571429,1.2857142857142858,55.55555555555556,35.8974358974359
Oshae Brissett,Right Corner 3,5.0,2.0,40.0,1.2,50.0,12.82051282051282
Oso Ighodaro,Above the Break 3,1.0,0.0,0.0,0.0,,0.53475935828877
Oso Ighodaro,Backcourt,1.0,0.0,0.0,0.0,,0.53475935828877
Oso Ighodaro,In The Paint (Non-RA),93.0,41.0,44.086021505376344,0.8817204301075269,92.6829268292683,49.73262032085562
Oso Ighodaro,Mid-Range,10.0,6.0,60.0,1.2,83.33333333333333,5.347593582887701
Oso Ighodaro,Restricted Area,82.0,66.0,80.48780487804878,1.6097560975609757,81.81818181818181,43.85026737967914
Ousmane Dieng,Above the Break 3,49.0,16.0,32.6530612244898,0.9795918367346939,87.5,39.2
Ousmane Dieng,In The Paint (Non-RA),18.0,9.0,50.0,1.0,77.77777777777777,14.399999999999999
Ousmane Dieng,Left Corner 3,6.0,0.0,0.0,0.0,,4.8
Ousmane Dieng,Mid-Range,7.0,3.0,42.857142857142854,0.8571428571428571,66.66666666666667,5.6000000000000005
Ousmane Dieng,Restricted Area,29.0,19.0,65.51724137931035,1.3103448275862069,73.6842105263158,23.200000000000003
Ousmane Dieng,Right Corner 3,16.0,7.0,43.75,1.3125,100.0,12.8
P.J. Tucker,Above the Break 3,1.0,0.0,0.0,0.0,,14.285714285714285
P.J. Tucker,Left Corner 3,3.0,2.0,66.66666666666667,2.0,100.0,42.857142857142854
P.J. Tucker,Mid-Range,1.0,0.0,0.0,0.0,,14.285714285714285
P.J. Tucker,Right Corner 3,2.0,1.0,50.0,1.5,100.0,28.57142857142857
P.J. Washington,Above the Break 3,154.0,59.0,38.311688311688314,1.1493506493506493,84.7457627118644,23.157894736842106
P.J. Washington,In The Paint (Non-RA),204.0,73.0,35.78431372549019,0.7156862745098039,49.31506849315068,30.67669172932331
P.J. Washington,Left Corner 3,54.0,21.0,38.888888888888886,1.1666666666666667,100.0,8.1203007518797
P.J. Washington,Mid-Range,34.0,12.0,35.294117647058826,0.7058823529411765,25.0,5.112781954887218
P.J. Washington,Restricted Area,188.0,125.0,66.48936170212765,1.3297872340425532,56.8,28.270676691729324
P.J. Washington,Right Corner 3,31.0,11.0,35.483870967741936,1.064516129032258,100.0,4.661654135338346
PJ Dozier,Above the Break 3,2.0,1.0,50.0,1.5,100.0,66.66666666666666
PJ Dozier,Left Corner 3,1.0,1.0,100.0,3.0,100.0,33.33333333333333
PJ Hall,Above the Break 3,8.0,2.0,25.0,0.75,100.0,33.33333333333333
PJ Hall,In The Paint (Non-RA),4.0,3.0,75.0,1.5,66.66666666666667,16.666666666666664
PJ Hall,Mid-Range,1.0,1.0,100.0,2.0,100.0,4.166666666666666
PJ Hall,Restricted Area,11.0,8.0,72.72727272727273,1.4545454545454546,87.5,45.83333333333333
Pacôme Dadiet,Above the Break 3,11.0,5.0,45.45454545454545,1.3636363636363635,100.0,35.483870967741936
Pacôme Dadiet,In The Paint (Non-RA),3.0,0.0,0.0,0.0,,9.67741935483871
Pacôme Dadiet,Left Corner 3,3.0,0.0,0.0,0.0,,9.67741935483871
Pacôme Dadiet,Mid-Range,5.0,2.0,40.0,0.8,100.0,16.129032258064516
Pacôme Dadiet,Restricted Area,4.0,2.0,50.0,1.0,100.0,12.903225806451612
Pacôme Dadiet,Right Corner 3,5.0,1.0,20.0,0.6,100.0,16.129032258064516
Paolo Banchero,Above the Break 3,241.0,80.0,33.19502074688797,0.995850622406639,45.0,26.454445664105382
Paolo Banchero,Backcourt,5.0,0.0,0.0,0.0,,0.5488474204171241
Paolo Banchero,In The Paint (Non-RA),179.0,74.0,41.340782122905026,0.8268156424581006,32.432432432432435,19.64873765093304
Paolo Banchero,Left Corner 3,9.0,2.0,22.22222222222222,0.6666666666666666,100.0,0.9879253567508233
Paolo Banchero,Mid-Range,218.0,91.0,41.74311926605505,0.8348623853211009,29.67032967032967,23.929747530186606
Paolo Banchero,Restricted Area,242.0,160.0,66.11570247933884,1.322314049586777,45.0,26.5642151481888
Paolo Banchero,Right Corner 3,17.0,5.0,29.41176470588235,0.8823529411764706,100.0,1.8660812294182216
Pascal Siakam,Above the Break 3,226.0,87.0,38.49557522123894,1.154867256637168,96.55172413793103,19.120135363790187
Pascal Siakam,Backcourt,1.0,0.0,0.0,0.0,,0.08460236886632826
Pascal Siakam,In The Paint (Non-RA),310.0,159.0,51.29032258064516,1.0258064516129033,50.314465408805034,26.22673434856176
Pascal Siakam,Left Corner 3,41.0,18.0,43.90243902439025,1.3170731707317074,100.0,3.4686971235194584
Pascal Siakam,Mid-Range,206.0,79.0,38.349514563106794,0.7669902912621359,46.835443037974684,17.428087986463623
Pascal Siakam,Restricted Area,342.0,249.0,72.80701754385964,1.456140350877193,68.27309236947791,28.934010152284262
Pascal Siakam,Right Corner 3,56.0,21.0,37.5,1.125,100.0,4.737732656514383
Pat Connaughton,Above the Break 3,61.0,22.0,36.0655737704918,1.0819672131147542,86.36363636363636,34.463276836158194
Pat Connaughton,In The Paint (Non-RA),22.0,10.0,45.45454545454545,0.9090909090909091,70.0,12.429378531073446
Pat Connaughton,Left Corner 3,8.0,1.0,12.5,0.375,100.0,4.519774011299435
Pat Connaughton,Mid-Range,6.0,4.0,66.66666666666667,1.3333333333333333,25.0,3.389830508474576
Pat Connaughton,Restricted Area,68.0,43.0,63.23529411764706,1.2647058823529411,74.4186046511628,38.4180790960452
Pat Connaughton,Right Corner 3,12.0,3.0,25.0,0.75,100.0,6.779661016949152
Pat Spencer,Above the Break 3,19.0,4.0,21.05263157894737,0.631578947368421,100.0,18.81188118811881
Pat Spencer,In The Paint (Non-RA),38.0,16.0,42.10526315789474,0.8421052631578947,43.75,37.62376237623762
Pat Spencer,Left Corner 3,3.0,1.0,33.333333333333336,1.0,100.0,2.9702970297029703
Pat Spencer,Mid-Range,10.0,5.0,50.0,1.0,60.0,9.900990099009901
Pat Spencer,Restricted Area,31.0,15.0,48.38709677419355,0.967741935483871,66.66666666666667,30.693069306930692
Patrick Baldwin Jr.,Above the Break 3,19.0,10.0,52.63157894736842,1.5789473684210527,100.0,54.285714285714285
Patrick Baldwin Jr.,In The Paint (Non-RA),2.0,0.0,0.0,0.0,,5.714285714285714
Patrick Baldwin Jr.,Left Corner 3,1.0,1.0,100.0,3.0,100.0,2.857142857142857
Patrick Baldwin Jr.,Restricted Area,10.0,6.0,60.0,1.2,83.33333333333333,28.57142857142857
Patrick Baldwin Jr.,Right Corner 3,3.0,2.0,66.66666666666667,2.0,100.0,8.571428571428571
Patrick Williams,Above the Break 3,211.0,73.0,34.59715639810427,1.037914691943128,91.78082191780823,40.89147286821706
Patrick Williams,In The Paint (Non-RA),79.0,35.0,44.30379746835443,0.8860759493670886,45.714285714285715,15.310077519379844
Patrick Williams,Left Corner 3,28.0,12.0,42.857142857142854,1.2857142857142858,100.0,5.426356589147287
Patrick Williams,Mid-Range,43.0,13.0,30.232558139534884,0.6046511627906976,92.3076923076923,8.333333333333332
Patrick Williams,Restricted Area,122.0,61.0,50.0,1.0,55.73770491803279,23.643410852713178
Patrick Williams,Right Corner 3,33.0,11.0,33.333333333333336,1.0,100.0,6.395348837209303
Patty Mills,Above the Break 3,63.0,20.0,31.746031746031747,0.9523809523809523,70.0,65.625
Patty Mills,In The Paint (Non-RA),7.0,3.0,42.857142857142854,0.8571428571428571,33.333333333333336,7.291666666666667
Patty Mills,Left Corner 3,6.0,3.0,50.0,1.5,100.0,6.25
Patty Mills,Mid-Range,9.0,4.0,44.44444444444444,0.8888888888888888,75.0,9.375
Patty Mills,Restricted Area,5.0,3.0,60.0,1.2,33.333333333333336,5.208333333333334
Patty Mills,Right Corner 3,6.0,3.0,50.0,1.5,100.0,6.25
Paul George,Above the Break 3,218.0,82.0,37.61467889908257,1.128440366972477,62.19512195121951,38.24561403508772
Paul George,Backcourt,1.0,0.0,0.0,0.0,,0.17543859649122806
Paul George,In The Paint (Non-RA),67.0,25.0,37.3134328358209,0.746268656716418,32.0,11.75438596491228
Paul George,Left Corner 3,21.0,7.0,33.333333333333336,1.0,71.42857142857143,3.684210526315789
Paul George,Mid-Range,155.0,65.0,41.935483870967744,0.8387096774193549,21.53846153846154,27.192982456140353
Paul George,Restricted Area,80.0,59.0,73.75,1.475,33.898305084745765,14.035087719298245
Paul George,Right Corner 3,28.0,7.0,25.0,0.75,100.0,4.912280701754386
Paul Reed,Above the Break 3,23.0,7.0,30.434782608695652,0.9130434782608695,100.0,16.19718309859155
Paul Reed,In The Paint (Non-RA),30.0,10.0,33.333333333333336,0.6666666666666666,90.0,21.12676056338028
Paul Reed,Mid-Range,19.0,9.0,47.36842105263158,0.9473684210526315,100.0,13.380281690140844
Paul Reed,Restricted Area,65.0,45.0,69.23076923076923,1.3846153846153846,57.77777777777778,45.774647887323944
Paul Reed,Right Corner 3,5.0,1.0,20.0,0.6,100.0,3.5211267605633805
Payton Pritchard,Above the Break 3,514.0,207.0,40.27237354085603,1.2081712062256809,75.84541062801932,59.353348729792145
Payton Pritchard,Backcourt,8.0,0.0,0.0,0.0,,0.9237875288683602
Payton Pritchard,In The Paint (Non-RA),57.0,32.0,56.14035087719298,1.1228070175438596,6.25,6.581986143187067
Payton Pritchard,Left Corner 3,39.0,16.0,41.02564102564103,1.2307692307692308,100.0,4.503464203233257
Payton Pritchard,Mid-Range,53.0,24.0,45.283018867924525,0.9056603773584906,25.0,6.1200923787528865
Payton Pritchard,Restricted Area,130.0,98.0,75.38461538461539,1.5076923076923077,30.612244897959183,15.011547344110854
Payton Pritchard,Right Corner 3,65.0,32.0,49.23076923076923,1.476923076923077,100.0,7.505773672055427
Pelle Larsson,Above the Break 3,62.0,19.0,30.64516129032258,0.9193548387096774,94.73684210526316,30.541871921182267
Pelle Larsson,In The Paint (Non-RA),25.0,9.0,36.0,0.72,66.66666666666667,12.31527093596059
Pelle Larsson,Left Corner 3,16.0,6.0,37.5,1.125,100.0,7.8817733990147785
Pelle Larsson,Mid-Range,3.0,0.0,0.0,0.0,,1.477832512315271
Pelle Larsson,Restricted Area,80.0,48.0,60.0,1.2,81.25,39.40886699507389
Pelle Larsson,Right Corner 3,17.0,7.0,41.1764705882353,1.2352941176470589,100.0,8.374384236453201
Pete Nance,Above the Break 3,21.0,8.0,38.095238095238095,1.1428571428571428,100.0,65.625
Pete Nance,Backcourt,1.0,0.0,0.0,0.0,,3.125
Pete Nance,In The Paint (Non-RA),1.0,0.0,0.0,0.0,,3.125
Pete Nance,Left Corner 3,1.0,0.0,0.0,0.0,,3.125
Pete Nance,Mid-Range,2.0,1.0,50.0,1.0,0.0,6.25
Pete Nance,Restricted Area,5.0,4.0,80.0,1.6,100.0,15.625
Pete Nance,Right Corner 3,1.0,1.0,100.0,3.0,100.0,3.125
Peyton Watson,Above the Break 3,59.0,14.0,23.728813559322035,0.711864406779661,92.85714285714286,13.785046728971961
Peyton Watson,Backcourt,1.0,0.0,0.0,0.0,,0.23364485981308408
Peyton Watson,In The Paint (Non-RA),80.0,29.0,36.25,0.725,75.86206896551724,18.69158878504673
Peyton Watson,Left Corner 3,49.0,22.0,44.89795918367347,1.346938775510204,100.0,11.448598130841122
Peyton Watson,Mid-Range,17.0,3.0,17.647058823529413,0.35294117647058826,66.66666666666667,3.9719626168224296
Peyton Watson,Restricted Area,195.0,124.0,63.58974358974359,1.2717948717948717,81.45161290322581,45.5607476635514
Peyton Watson,Right Corner 3,27.0,12.0,44.44444444444444,1.3333333333333333,100.0,6.308411214953271
Phillip Wheeler,Above the Break 3,7.0,0.0,0.0,0.0,,33.33333333333333
Phillip Wheeler,Restricted Area,11.0,3.0,27.272727272727273,0.5454545454545454,33.333333333333336,52.38095238095239
Phillip Wheeler,Right Corner 3,3.0,0.0,0.0,0.0,,14.285714285714285
Precious Achiuwa,Above the Break 3,8.0,2.0,25.0,0.75,100.0,2.4464831804281344
Precious Achiuwa,In The Paint (Non-RA),86.0,29.0,33.72093023255814,0.6744186046511628,68.96551724137932,26.299694189602445
Precious Achiuwa,Left Corner 3,22.0,7.0,31.818181818181817,0.9545454545454546,100.0,6.727828746177369
Precious Achiuwa,Mid-Range,13.0,6.0,46.15384615384615,0.9230769230769231,83.33333333333333,3.9755351681957185
Precious Achiuwa,Restricted Area,192.0,119.0,61.979166666666664,1.2395833333333333,68.90756302521008,58.71559633027523
Precious Achiuwa,Right Corner 3,6.0,1.0,16.666666666666668,0.5,100.0,1.834862385321101
Quentin Grimes,Above the Break 3,320.0,113.0,35.3125,1.059375,74.33628318584071,38.88213851761847
Quentin Grimes,In The Paint (Non-RA),75.0,29.0,38.666666666666664,0.7733333333333333,37.93103448275862,9.113001215066829
Quentin Grimes,Left Corner 3,66.0,33.0,50.0,1.5,90.9090909090909,8.019441069258809
Quentin Grimes,Mid-Range,99.0,37.0,37.37373737373738,0.7474747474747475,27.027027027027028,12.029161603888214
Quentin Grimes,Restricted Area,228.0,156.0,68.42105263157895,1.368421052631579,49.35897435897436,27.703523693803163
Quentin Grimes,Right Corner 3,35.0,16.0,45.714285714285715,1.3714285714285714,87.5,4.25273390036452
Quenton Jackson,Above the Break 3,27.0,11.0,40.74074074074074,1.2222222222222223,90.9090909090909,22.131147540983605
Quenton Jackson,In The Paint (Non-RA),11.0,5.0,45.45454545454545,0.9090909090909091,40.0,9.01639344262295
Quenton Jackson,Left Corner 3,9.0,3.0,33.333333333333336,1.0,100.0,7.377049180327869
Quenton Jackson,Mid-Range,7.0,1.0,14.285714285714286,0.2857142857142857,0.0,5.737704918032787
Quenton Jackson,Restricted Area,64.0,37.0,57.8125,1.15625,59.45945945945946,52.459016393442624
Quenton Jackson,Right Corner 3,4.0,1.0,25.0,0.75,100.0,3.278688524590164
Quincy Olivari,Above the Break 3,4.0,1.0,25.0,0.75,100.0,80.0
Quincy Olivari,Right Corner 3,1.0,0.0,0.0,0.0,,20.0
Quinten Post,Above the Break 3,129.0,52.0,40.310077519379846,1.2093023255813953,100.0,47.08029197080292
Quinten Post,Backcourt,1.0,0.0,0.0,0.0,,0.36496350364963503
Quinten Post,In The Paint (Non-RA),35.0,19.0,54.285714285714285,1.0857142857142856,89.47368421052632,12.773722627737227
Quinten Post,Left Corner 3,23.0,9.0,39.130434782608695,1.173913043478261,100.0,8.394160583941606
Quinten Post,Mid-Range,8.0,5.0,62.5,1.25,100.0,2.9197080291970803
Quinten Post,Restricted Area,52.0,26.0,50.0,1.0,73.07692307692308,18.97810218978102
Quinten Post,Right Corner 3,26.0,12.0,46.15384615384615,1.3846153846153846,100.0,9.48905109489051
RJ Barrett,Above the Break 3,234.0,78.0,33.333333333333336,1.0,93.58974358974359,23.828920570264767
RJ Barrett,Backcourt,1.0,0.0,0.0,0.0,,0.10183299389002036
RJ Barrett,In The Paint (Non-RA),233.0,91.0,39.05579399141631,0.7811158798283262,28.571428571428573,23.727087576374746
RJ Barrett,Left Corner 3,32.0,12.0,37.5,1.125,75.0,3.2586558044806515
RJ Barrett,Mid-Range,40.0,17.0,42.5,0.85,23.529411764705884,4.0733197556008145
RJ Barrett,Restricted Area,403.0,245.0,60.79404466501241,1.215880893300248,53.87755102040816,41.03869653767821
RJ Barrett,Right Corner 3,39.0,17.0,43.58974358974359,1.3076923076923077,100.0,3.971486761710794
RayJ Dennis,Above the Break 3,17.0,6.0,35.294117647058826,1.0588235294117647,66.66666666666667,51.515151515151516
RayJ Dennis,Backcourt,1.0,0.0,0.0,0.0,,3.0303030303030303
RayJ Dennis,In The Paint (Non-RA),8.0,1.0,12.5,0.25,0.0,24.242424242424242
RayJ Dennis,Left Corner 3,1.0,0.0,0.0,0.0,,3.0303030303030303
RayJ Dennis,Mid-Range,2.0,2.0,100.0,2.0,50.0,6.0606060606060606
RayJ Dennis,Restricted Area,2.0,2.0,100.0,2.0,0.0,6.0606060606060606
RayJ Dennis,Right Corner 3,2.0,0.0,0.0,0.0,,6.0606060606060606
Rayan Rupert,Above the Break 3,36.0,7.0,19.444444444444443,0.5833333333333334,57.142857142857146,25.352112676056336
Rayan Rupert,In The Paint (Non-RA),34.0,13.0,38.23529411764706,0.7647058823529411,46.15384615384615,23.943661971830984
Rayan Rupert,Left Corner 3,15.0,5.0,33.333333333333336,1.0,100.0,10.56338028169014
Rayan Rupert,Mid-Range,5.0,4.0,80.0,1.6,75.0,3.5211267605633805
Rayan Rupert,Restricted Area,44.0,25.0,56.81818181818182,1.1363636363636365,52.0,30.985915492957744
Rayan Rupert,Right Corner 3,8.0,4.0,50.0,1.5,100.0,5.633802816901409
Reece Beekman,Above the Break 3,24.0,3.0,12.5,0.375,100.0,22.429906542056074
Reece Beekman,In The Paint (Non-RA),24.0,6.0,25.0,0.5,33.333333333333336,22.429906542056074
Reece Beekman,Left Corner 3,9.0,2.0,22.22222222222222,0.6666666666666666,100.0,8.411214953271028
Reece Beekman,Mid-Range,5.0,1.0,20.0,0.4,100.0,4.672897196261682
Reece Beekman,Restricted Area,38.0,21.0,55.26315789473684,1.105263157894737,47.61904761904762,35.51401869158878
Reece Beekman,Right Corner 3,7.0,2.0,28.571428571428573,0.8571428571428571,100.0,6.5420560747663545
Reed Sheppard,Above the Break 3,118.0,42.0,35.59322033898305,1.0677966101694916,80.95238095238095,49.37238493723849
Reed Sheppard,In The Paint (Non-RA),38.0,10.0,26.31578947368421,0.5263157894736842,30.0,15.899581589958158
Reed Sheppard,Left Corner 3,12.0,4.0,33.333333333333336,1.0,100.0,5.02092050209205
Reed Sheppard,Mid-Range,35.0,11.0,31.428571428571427,0.6285714285714286,18.181818181818183,14.644351464435147
Reed Sheppard,Restricted Area,24.0,15.0,62.5,1.25,46.666666666666664,10.0418410041841
Reed Sheppard,Right Corner 3,12.0,2.0,16.666666666666668,0.5,100.0,5.02092050209205
Reggie Jackson,Above the Break 3,58.0,19.0,32.758620689655174,0.9827586206896551,73.6842105263158,43.609022556390975
Reggie Jackson,Backcourt,1.0,0.0,0.0,0.0,,0.7518796992481203
Reggie Jackson,In The Paint (Non-RA),22.0,10.0,45.45454545454545,0.9090909090909091,50.0,16.541353383458645
Reggie Jackson,Left Corner 3,8.0,2.0,25.0,0.75,100.0,6.015037593984962
Reggie Jackson,Mid-Range,18.0,6.0,33.333333333333336,0.6666666666666666,0.0,13.533834586466165
Reggie Jackson,Restricted Area,19.0,11.0,57.89473684210526,1.1578947368421053,63.63636363636363,14.285714285714285
Reggie Jackson,Right Corner 3,7.0,4.0,57.142857142857146,1.7142857142857142,100.0,5.263157894736842
Richaun Holmes,Above the Break 3,1.0,0.0,0.0,0.0,,0.7194244604316548
Richaun Holmes,In The Paint (Non-RA),36.0,17.0,47.22222222222222,0.9444444444444444,70.58823529411765,25.899280575539567
Richaun Holmes,Left Corner 3,1.0,0.0,0.0,0.0,,0.7194244604316548
Richaun Holmes,Mid-Range,2.0,0.0,0.0,0.0,,1.4388489208633095
Richaun Holmes,Restricted Area,98.0,73.0,74.48979591836735,1.489795918367347,61.64383561643836,70.50359712230215
Richaun Holmes,Right Corner 3,1.0,0.0,0.0,0.0,,0.7194244604316548
Ricky Council IV,Above the Break 3,165.0,37.0,22.424242424242426,0.6727272727272727,91.89189189189189,35.63714902807775
Ricky Council IV,Backcourt,4.0,0.0,0.0,0.0,,0.8639308855291578
Ricky Council IV,In The Paint (Non-RA),94.0,34.0,36.170212765957444,0.723404255319149,32.35294117647059,20.302375809935207
Ricky Council IV,Left Corner 3,23.0,11.0,47.82608695652174,1.434782608695652,100.0,4.967602591792657
Ricky Council IV,Mid-Range,23.0,8.0,34.78260869565217,0.6956521739130435,25.0,4.967602591792657
Ricky Council IV,Restricted Area,133.0,80.0,60.150375939849624,1.2030075187969924,62.5,28.725701943844495
Ricky Council IV,Right Corner 3,21.0,7.0,33.333333333333336,1.0,85.71428571428571,4.535637149028078
Riley Minix,Above the Break 3,1.0,0.0,0.0,0.0,,100.0
Rob Dillingham,Above the Break 3,62.0,19.0,30.64516129032258,0.9193548387096774,31.57894736842105,29.383886255924168
Rob Dillingham,In The Paint (Non-RA),48.0,23.0,47.916666666666664,0.9583333333333334,13.043478260869565,22.748815165876778
Rob Dillingham,Left Corner 3,7.0,4.0,57.142857142857146,1.7142857142857142,100.0,3.3175355450236967
Rob Dillingham,Mid-Range,30.0,8.0,26.666666666666668,0.5333333333333333,50.0,14.218009478672986
Rob Dillingham,Restricted Area,59.0,37.0,62.71186440677966,1.2542372881355932,37.83783783783784,27.96208530805687
Rob Dillingham,Right Corner 3,5.0,2.0,40.0,1.2,100.0,2.3696682464454977
Robert Williams III,Above the Break 3,1.0,0.0,0.0,0.0,,1.282051282051282
Robert Williams III,In The Paint (Non-RA),12.0,3.0,25.0,0.5,66.66666666666667,15.384615384615385
Robert Williams III,Left Corner 3,1.0,0.0,0.0,0.0,,1.282051282051282
Robert Williams III,Mid-Range,3.0,1.0,33.333333333333336,0.6666666666666666,100.0,3.8461538461538463
Robert Williams III,Restricted Area,60.0,45.0,75.0,1.5,75.55555555555556,76.92307692307693
Robert Williams III,Right Corner 3,1.0,1.0,100.0,3.0,100.0,1.282051282051282
Ron Harper Jr.,Above the Break 3,3.0,0.0,0.0,0.0,,37.5
Ron Harper Jr.,In The Paint (Non-RA),1.0,1.0,100.0,2.0,100.0,12.5
Ron Harper Jr.,Left Corner 3,1.0,0.0,0.0,0.0,,12.5
Ron Harper Jr.,Restricted Area,1.0,0.0,0.0,0.0,,12.5
Ron Harper Jr.,Right Corner 3,2.0,0.0,0.0,0.0,,25.0
Ronald Holland II,Above the Break 3,73.0,21.0,28.767123287671232,0.863013698630137,100.0,17.548076923076923
Ronald Holland II,Backcourt,3.0,0.0,0.0,0.0,,0.7211538461538461
Ronald Holland II,In The Paint (Non-RA),88.0,49.0,55.68181818181818,1.1136363636363635,57.142857142857146,21.153846153846153
Ronald Holland II,Left Corner 3,28.0,6.0,21.428571428571427,0.6428571428571429,100.0,6.730769230769231
Ronald Holland II,Mid-Range,19.0,7.0,36.8421052631579,0.7368421052631579,71.42857142857143,4.567307692307692
Ronald Holland II,Restricted Area,158.0,105.0,66.45569620253164,1.3291139240506329,60.0,37.980769230769226
Ronald Holland II,Right Corner 3,47.0,9.0,19.148936170212767,0.574468085106383,100.0,11.298076923076923
Royce O'Neale,Above the Break 3,326.0,122.0,37.423312883435585,1.1226993865030674,95.90163934426229,57.19298245614035
Royce O'Neale,Backcourt,3.0,0.0,0.0,0.0,,0.5263157894736842
Royce O'Neale,In The Paint (Non-RA),51.0,17.0,33.333333333333336,0.6666666666666666,88.23529411764706,8.947368421052632
Royce O'Neale,Left Corner 3,63.0,30.0,47.61904761904762,1.4285714285714286,96.66666666666667,11.052631578947368
Royce O'Neale,Mid-Range,12.0,3.0,25.0,0.5,100.0,2.1052631578947367
Royce O'Neale,Restricted Area,66.0,42.0,63.63636363636363,1.2727272727272727,61.904761904761905,11.578947368421053
Royce O'Neale,Right Corner 3,49.0,27.0,55.10204081632653,1.653061224489796,96.29629629629629,8.596491228070176
Rudy Gobert,In The Paint (Non-RA),76.0,18.0,23.68421052631579,0.47368421052631576,94.44444444444444,14.901960784313726
Rudy Gobert,Mid-Range,7.0,0.0,0.0,0.0,,1.3725490196078431
Rudy Gobert,Restricted Area,427.0,323.0,75.64402810304449,1.5128805620608898,69.3498452012384,83.72549019607844
Rui Hachimura,Above the Break 3,137.0,53.0,38.68613138686131,1.1605839416058394,96.22641509433963,23.78472222222222
Rui Hachimura,In The Paint (Non-RA),97.0,37.0,38.144329896907216,0.7628865979381443,89.1891891891892,16.84027777777778
Rui Hachimura,Left Corner 3,57.0,22.0,38.59649122807018,1.1578947368421053,95.45454545454545,9.895833333333332
Rui Hachimura,Mid-Range,44.0,20.0,45.45454545454545,0.9090909090909091,60.0,7.638888888888889
Rui Hachimura,Restricted Area,188.0,134.0,71.27659574468085,1.425531914893617,82.83582089552239,32.63888888888889
Rui Hachimura,Right Corner 3,53.0,27.0,50.943396226415096,1.528301886792453,96.29629629629629,9.20138888888889
Russell Westbrook,Above the Break 3,184.0,49.0,26.630434782608695,0.7989130434782609,83.6734693877551,22.14199759326113
Russell Westbrook,Backcourt,1.0,0.0,0.0,0.0,,0.12033694344163659
Russell Westbrook,In The Paint (Non-RA),136.0,48.0,35.294117647058826,0.7058823529411765,29.166666666666668,16.365824308062578
Russell Westbrook,Left Corner 3,50.0,18.0,36.0,1.08,83.33333333333333,6.016847172081829
Russell Westbrook,Mid-Range,81.0,23.0,28.395061728395063,0.5679012345679012,43.47826086956522,9.747292418772563
Russell Westbrook,Restricted Area,323.0,208.0,64.39628482972137,1.2879256965944272,45.19230769230769,38.86883273164862
Russell Westbrook,Right Corner 3,56.0,27.0,48.214285714285715,1.4464285714285714,92.5925925925926,6.738868832731648
Ryan Dunn,Above the Break 3,110.0,31.0,28.181818181818183,0.8454545454545455,100.0,23.060796645702304
Ryan Dunn,In The Paint (Non-RA),102.0,49.0,48.03921568627451,0.9607843137254902,83.6734693877551,21.38364779874214
Ryan Dunn,Left Corner 3,73.0,25.0,34.24657534246575,1.0273972602739727,100.0,15.30398322851153
Ryan Dunn,Mid-Range,12.0,4.0,33.333333333333336,0.6666666666666666,75.0,2.515723270440252
Ryan Dunn,Restricted Area,99.0,70.0,70.70707070707071,1.4141414141414141,68.57142857142857,20.754716981132077
Ryan Dunn,Right Corner 3,81.0,26.0,32.098765432098766,0.9629629629629629,100.0,16.9811320754717
Ryan Rollins,Above the Break 3,68.0,24.0,35.294117647058826,1.0588235294117647,83.33333333333333,25.092250922509223
Ryan Rollins,In The Paint (Non-RA),47.0,22.0,46.808510638297875,0.9361702127659575,22.727272727272727,17.343173431734318
Ryan Rollins,Left Corner 3,31.0,16.0,51.61290322580645,1.5483870967741935,100.0,11.439114391143912
Ryan Rollins,Mid-Range,32.0,13.0,40.625,0.8125,38.46153846153846,11.808118081180812
Ryan Rollins,Restricted Area,72.0,48.0,66.66666666666667,1.3333333333333333,39.583333333333336,26.56826568265683
Ryan Rollins,Right Corner 3,21.0,9.0,42.857142857142854,1.2857142857142858,100.0,7.7490774907749085
Sam Hauser,Above the Break 3,285.0,115.0,40.35087719298246,1.2105263157894737,95.65217391304348,60.12658227848101
Sam Hauser,Backcourt,1.0,0.0,0.0,0.0,,0.21097046413502107
Sam Hauser,In The Paint (Non-RA),16.0,8.0,50.0,1.0,75.0,3.375527426160337
Sam Hauser,Left Corner 3,57.0,25.0,43.85964912280702,1.3157894736842106,96.0,12.025316455696203
Sam Hauser,Mid-Range,27.0,17.0,62.96296296296296,1.2592592592592593,88.23529411764706,5.69620253164557
Sam Hauser,Restricted Area,32.0,23.0,71.875,1.4375,78.26086956521739,6.751054852320674
Sam Hauser,Right Corner 3,56.0,26.0,46.42857142857143,1.3928571428571428,92.3076923076923,11.814345991561181
Sam Merrill,Above the Break 3,284.0,104.0,36.61971830985915,1.0985915492957747,99.03846153846153,66.98113207547169
Sam Merrill,In The Paint (Non-RA),12.0,5.0,41.666666666666664,0.8333333333333334,60.0,2.8301886792452833
Sam Merrill,Left Corner 3,55.0,22.0,40.0,1.2,100.0,12.971698113207546
Sam Merrill,Mid-Range,6.0,3.0,50.0,1.0,100.0,1.4150943396226416
Sam Merrill,Restricted Area,38.0,27.0,71.05263157894737,1.4210526315789473,81.48148148148148,8.962264150943396
Sam Merrill,Right Corner 3,29.0,11.0,37.93103448275862,1.1379310344827587,100.0,6.839622641509433
Sandro Mamukelashvili,Above the Break 3,125.0,50.0,40.0,1.2,100.0,44.48398576512456
Sandro Mamukelashvili,Backcourt,1.0,0.0,0.0,0.0,,0.3558718861209964
Sandro Mamukelashvili,In The Paint (Non-RA),29.0,13.0,44.827586206896555,0.896551724137931,69.23076923076923,10.320284697508896
Sandro Mamukelashvili,Left Corner 3,14.0,4.0,28.571428571428573,0.8571428571428571,100.0,4.98220640569395
Sandro Mamukelashvili,Mid-Range,7.0,4.0,57.142857142857146,1.1428571428571428,50.0,2.491103202846975
Sandro Mamukelashvili,Restricted Area,84.0,64.0,76.19047619047619,1.5238095238095237,67.1875,29.8932384341637
Sandro Mamukelashvili,Right Corner 3,21.0,6.0,28.571428571428573,0.8571428571428571,100.0,7.473309608540925
Santi Aldama,Above the Break 3,232.0,84.0,36.206896551724135,1.0862068965517242,97.61904761904762,35.80246913580247
Santi Aldama,Backcourt,4.0,0.0,0.0,0.0,,0.6172839506172839
Santi Aldama,In The Paint (Non-RA),134.0,66.0,49.25373134328358,0.9850746268656716,68.18181818181819,20.679012345679013
Santi Aldama,Left Corner 3,52.0,22.0,42.30769230769231,1.2692307692307692,95.45454545454545,8.024691358024691
Santi Aldama,Mid-Range,32.0,13.0,40.625,0.8125,61.53846153846154,4.938271604938271
Santi Aldama,Restricted Area,156.0,114.0,73.07692307692308,1.4615384615384615,62.280701754385966,24.074074074074073
Santi Aldama,Right Corner 3,38.0,14.0,36.8421052631579,1.105263157894737,92.85714285714286,5.864197530864197
Scoot Henderson,Above the Break 3,248.0,86.0,34.67741935483871,1.0403225806451613,73.25581395348837,36.2043795620438
Scoot Henderson,Backcourt,4.0,1.0,25.0,0.75,0.0,0.583941605839416
Scoot Henderson,In The Paint (Non-RA),118.0,44.0,37.28813559322034,0.7457627118644068,18.181818181818183,17.226277372262775
Scoot Henderson,Left Corner 3,23.0,10.0,43.47826086956522,1.3043478260869565,100.0,3.3576642335766427
Scoot Henderson,Mid-Range,64.0,24.0,37.5,0.75,20.833333333333332,9.343065693430656
Scoot Henderson,Restricted Area,206.0,114.0,55.33980582524272,1.1067961165048543,28.94736842105263,30.072992700729927
Scoot Henderson,Right Corner 3,22.0,8.0,36.36363636363637,1.0909090909090908,100.0,3.2116788321167884
Scottie Barnes,Above the Break 3,234.0,62.0,26.495726495726494,0.7948717948717948,69.35483870967742,22.013170272812793
Scottie Barnes,Backcourt,5.0,0.0,0.0,0.0,,0.4703668861712135
Scottie Barnes,In The Paint (Non-RA),298.0,135.0,45.30201342281879,0.9060402684563759,31.11111111111111,28.033866415804326
Scottie Barnes,Left Corner 3,32.0,11.0,34.375,1.03125,90.9090909090909,3.0103480714957667
Scottie Barnes,Mid-Range,202.0,80.0,39.603960396039604,0.7920792079207921,41.25,19.002822201317027
Scottie Barnes,Restricted Area,283.0,183.0,64.66431095406361,1.2932862190812722,57.377049180327866,26.62276575729069
Scottie Barnes,Right Corner 3,9.0,3.0,33.333333333333336,1.0,100.0,0.8466603951081844
Scotty Pippen Jr.,Above the Break 3,171.0,63.0,36.8421052631579,1.105263157894737,98.41269841269842,28.78787878787879
Scotty Pippen Jr.,Backcourt,1.0,0.0,0.0,0.0,,0.16835016835016833
Scotty Pippen Jr.,In The Paint (Non-RA),164.0,72.0,43.90243902439025,0.8780487804878049,45.833333333333336,27.609427609427613
Scotty Pippen Jr.,Left Corner 3,26.0,8.0,30.76923076923077,0.9230769230769231,87.5,4.377104377104377
Scotty Pippen Jr.,Mid-Range,17.0,6.0,35.294117647058826,0.7058823529411765,16.666666666666668,2.861952861952862
Scotty Pippen Jr.,Restricted Area,194.0,120.0,61.855670103092784,1.2371134020618557,54.166666666666664,32.659932659932664
Scotty Pippen Jr.,Right Corner 3,21.0,16.0,76.19047619047619,2.2857142857142856,100.0,3.535353535353535
Seth Curry,Above the Break 3,123.0,51.0,41.46341463414634,1.2439024390243902,80.3921568627451,35.8600583090379
Seth Curry,In The Paint (Non-RA),41.0,14.0,34.146341463414636,0.6829268292682927,64.28571428571429,11.9533527696793
Seth Curry,Left Corner 3,29.0,16.0,55.172413793103445,1.6551724137931034,87.5,8.454810495626822
Seth Curry,Mid-Range,88.0,43.0,48.86363636363637,0.9772727272727273,74.4186046511628,25.65597667638484
Seth Curry,Restricted Area,32.0,24.0,75.0,1.5,29.166666666666668,9.329446064139942
Seth Curry,Right Corner 3,30.0,16.0,53.333333333333336,1.6,93.75,8.746355685131196
Shaedon Sharpe,Above the Break 3,384.0,117.0,30.46875,0.9140625,66.66666666666667,34.78260869565217
Shaedon Sharpe,Backcourt,4.0,0.0,0.0,0.0,,0.36231884057971014
Shaedon Sharpe,In The Paint (Non-RA),164.0,63.0,38.41463414634146,0.7682926829268293,34.92063492063492,14.855072463768115
Shaedon Sharpe,Left Corner 3,45.0,18.0,40.0,1.2,83.33333333333333,4.076086956521739
Shaedon Sharpe,Mid-Range,174.0,80.0,45.97701149425287,0.9195402298850575,26.25,15.760869565217392
Shaedon Sharpe,Restricted Area,294.0,209.0,71.08843537414965,1.4217687074829932,48.32535885167464,26.6304347826087
Shaedon Sharpe,Right Corner 3,39.0,12.0,30.76923076923077,0.9230769230769231,91.66666666666667,3.532608695652174
Shai Gilgeous-Alexander,Above the Break 3,419.0,158.0,37.70883054892602,1.1312649164677804,32.91139240506329,25.30193236714976
Shai Gilgeous-Alexander,Backcourt,1.0,0.0,0.0,0.0,,0.06038647342995169
Shai Gilgeous-Alexander,In The Paint (Non-RA),451.0,229.0,50.7760532150776,1.0155210643015522,14.847161572052402,27.234299516908212
Shai Gilgeous-Alexander,Left Corner 3,12.0,4.0,33.333333333333336,1.0,100.0,0.7246376811594203
Shai Gilgeous-Alexander,Mid-Range,348.0,174.0,50.0,1.0,16.666666666666668,21.014492753623188
Shai Gilgeous-Alexander,Restricted Area,422.0,294.0,69.66824644549763,1.3933649289099526,28.91156462585034,25.483091787439616
Shai Gilgeous-Alexander,Right Corner 3,3.0,1.0,33.333333333333336,1.0,100.0,0.18115942028985507
Shake Milton,Above the Break 3,69.0,26.0,37.68115942028985,1.1304347826086956,100.0,27.165354330708663
Shake Milton,Backcourt,1.0,0.0,0.0,0.0,,0.39370078740157477
Shake Milton,In The Paint (Non-RA),73.0,34.0,46.57534246575342,0.9315068493150684,47.05882352941177,28.74015748031496
Shake Milton,Left Corner 3,18.0,5.0,27.77777777777778,0.8333333333333334,100.0,7.086614173228346
Shake Milton,Mid-Range,20.0,9.0,45.0,0.9,0.0,7.874015748031496
Shake Milton,Restricted Area,55.0,34.0,61.81818181818182,1.2363636363636363,35.294117647058826,21.653543307086615
Shake Milton,Right Corner 3,18.0,7.0,38.888888888888886,1.1666666666666667,100.0,7.086614173228346
Sidy Cissoko,Above the Break 3,8.0,1.0,12.5,0.375,100.0,26.666666666666668
Sidy Cissoko,In The Paint (Non-RA),8.0,4.0,50.0,1.0,75.0,26.666666666666668
Sidy Cissoko,Left Corner 3,2.0,1.0,50.0,1.5,100.0,6.666666666666667
Sidy Cissoko,Mid-Range,1.0,0.0,0.0,0.0,,3.3333333333333335
Sidy Cissoko,Restricted Area,8.0,6.0,75.0,1.5,66.66666666666667,26.666666666666668
Sidy Cissoko,Right Corner 3,3.0,1.0,33.333333333333336,1.0,100.0,10.0
Simone Fontecchio,Above the Break 3,140.0,52.0,37.142857142857146,1.1142857142857143,100.0,37.533512064343164
Simone Fontecchio,Backcourt,2.0,0.0,0.0,0.0,,0.5361930294906166
Simone Fontecchio,In The Paint (Non-RA),41.0,19.0,46.34146341463415,0.926829268292683,63.1578947368421,10.991957104557642
Simone Fontecchio,Left Corner 3,39.0,12.0,30.76923076923077,0.9230769230769231,100.0,10.455764075067025
Simone Fontecchio,Mid-Range,26.0,9.0,34.61538461538461,0.6923076923076923,66.66666666666667,6.970509383378016
Simone Fontecchio,Restricted Area,79.0,46.0,58.22784810126582,1.1645569620253164,65.21739130434783,21.179624664879356
Simone Fontecchio,Right Corner 3,46.0,12.0,26.08695652173913,0.782608695652174,100.0,12.332439678284182
Skal Labissiere,Above the Break 3,1.0,1.0,100.0,3.0,100.0,25.0
Skal Labissiere,In The Paint (Non-RA),2.0,1.0,50.0,1.0,100.0,50.0
Skal Labissiere,Mid-Range,1.0,0.0,0.0,0.0,,25.0
Spencer Dinwiddie,Above the Break 3,263.0,83.0,31.55893536121673,0.9467680608365019,49.397590361445786,38.56304985337243
Spencer Dinwiddie,In The Paint (Non-RA),167.0,77.0,46.10778443113772,0.9221556886227545,18.181818181818183,24.486803519061585
Spencer Dinwiddie,Left Corner 3,29.0,14.0,48.275862068965516,1.4482758620689655,71.42857142857143,4.252199413489736
Spencer Dinwiddie,Mid-Range,67.0,27.0,40.298507462686565,0.8059701492537313,22.22222222222222,9.824046920821115
Spencer Dinwiddie,Restricted Area,122.0,71.0,58.19672131147541,1.1639344262295082,23.943661971830984,17.888563049853374
Spencer Dinwiddie,Right Corner 3,34.0,12.0,35.294117647058826,1.0588235294117647,75.0,4.9853372434017595
Spencer Jones,Above the Break 3,6.0,1.0,16.666666666666668,0.5,100.0,17.647058823529413
Spencer Jones,In The Paint (Non-RA),8.0,5.0,62.5,1.25,80.0,23.52941176470588
Spencer Jones,Left Corner 3,7.0,0.0,0.0,0.0,,20.588235294117645
Spencer Jones,Mid-Range,2.0,1.0,50.0,1.0,100.0,5.88235294117647
Spencer Jones,Restricted Area,7.0,4.0,57.142857142857146,1.1428571428571428,100.0,20.588235294117645
Spencer Jones,Right Corner 3,4.0,0.0,0.0,0.0,,11.76470588235294
Stanley Umude,Above the Break 3,5.0,1.0,20.0,0.6,100.0,19.230769230769234
Stanley Umude,In The Paint (Non-RA),5.0,0.0,0.0,0.0,,19.230769230769234
Stanley Umude,Left Corner 3,5.0,1.0,20.0,0.6,100.0,19.230769230769234
Stanley Umude,Mid-Range,3.0,0.0,0.0,0.0,,11.538461538461538
Stanley Umude,Restricted Area,3.0,2.0,66.66666666666667,1.3333333333333333,50.0,11.538461538461538
Stanley Umude,Right Corner 3,5.0,1.0,20.0,0.6,100.0,19.230769230769234
Stephen Curry,Above the Break 3,693.0,269.0,38.81673881673882,1.1645021645021645,66.54275092936803,55.087440381558025
Stephen Curry,Backcourt,6.0,1.0,16.666666666666668,0.5,100.0,0.47694753577106513
Stephen Curry,In The Paint (Non-RA),182.0,84.0,46.15384615384615,0.9230769230769231,40.476190476190474,14.467408585055644
Stephen Curry,Left Corner 3,55.0,24.0,43.63636363636363,1.309090909090909,91.66666666666667,4.372019077901431
Stephen Curry,Mid-Range,130.0,65.0,50.0,1.0,41.53846153846154,10.333863275039745
Stephen Curry,Restricted Area,162.0,104.0,64.19753086419753,1.2839506172839505,57.69230769230769,12.87758346581876
Stephen Curry,Right Corner 3,30.0,17.0,56.666666666666664,1.7,100.0,2.384737678855326
Stephon Castle,Above the Break 3,279.0,78.0,27.956989247311828,0.8387096774193549,74.35897435897436,28.238866396761132
Stephon Castle,Backcourt,4.0,0.0,0.0,0.0,,0.4048582995951417
Stephon Castle,In The Paint (Non-RA),187.0,64.0,34.224598930481285,0.6844919786096256,26.5625,18.927125506072876
Stephon Castle,Left Corner 3,16.0,5.0,31.25,0.9375,100.0,1.6194331983805668
Stephon Castle,Mid-Range,101.0,34.0,33.663366336633665,0.6732673267326733,38.23529411764706,10.222672064777328
Stephon Castle,Restricted Area,367.0,230.0,62.67029972752044,1.2534059945504088,52.608695652173914,37.14574898785425
Stephon Castle,Right Corner 3,34.0,12.0,35.294117647058826,1.0588235294117647,100.0,3.4412955465587043
Steven Adams,Backcourt,2.0,0.0,0.0,0.0,,1.1976047904191618
Steven Adams,In The Paint (Non-RA),52.0,21.0,40.38461538461539,0.8076923076923077,66.66666666666667,31.137724550898206
Steven Adams,Restricted Area,113.0,70.0,61.94690265486726,1.238938053097345,38.57142857142857,67.66467065868264
Svi Mykhailiuk,Above the Break 3,150.0,52.0,34.666666666666664,1.04,75.0,49.668874172185426
Svi Mykhailiuk,Backcourt,2.0,0.0,0.0,0.0,,0.6622516556291391
Svi Mykhailiuk,In The Paint (Non-RA),41.0,18.0,43.90243902439025,0.8780487804878049,22.22222222222222,13.57615894039735
Svi Mykhailiuk,Left Corner 3,32.0,10.0,31.25,0.9375,100.0,10.596026490066226
Svi Mykhailiuk,Mid-Range,22.0,10.0,45.45454545454545,0.9090909090909091,20.0,7.28476821192053
Svi Mykhailiuk,Restricted Area,36.0,20.0,55.55555555555556,1.1111111111111112,60.0,11.920529801324504
Svi Mykhailiuk,Right Corner 3,19.0,8.0,42.10526315789474,1.263157894736842,75.0,6.291390728476822
T.J. McConnell,Above the Break 3,32.0,9.0,28.125,0.84375,55.55555555555556,5.128205128205128
T.J. McConnell,Backcourt,1.0,0.0,0.0,0.0,,0.16025641025641024
T.J. McConnell,In The Paint (Non-RA),246.0,123.0,50.0,1.0,31.70731707317073,39.42307692307692
T.J. McConnell,Left Corner 3,10.0,4.0,40.0,1.2,100.0,1.6025641025641024
T.J. McConnell,Mid-Range,134.0,60.0,44.776119402985074,0.8955223880597015,46.666666666666664,21.474358974358974
T.J. McConnell,Restricted Area,195.0,126.0,64.61538461538461,1.2923076923076924,42.06349206349206,31.25
T.J. McConnell,Right Corner 3,6.0,2.0,33.333333333333336,1.0,100.0,0.9615384615384616
Taj Gibson,In The Paint (Non-RA),26.0,11.0,42.30769230769231,0.8461538461538461,72.72727272727273,27.368421052631582
Taj Gibson,Left Corner 3,1.0,1.0,100.0,3.0,100.0,1.0526315789473684
Taj Gibson,Mid-Range,7.0,2.0,28.571428571428573,0.5714285714285714,100.0,7.368421052631578
Taj Gibson,Restricted Area,60.0,33.0,55.0,1.1,57.57575757575758,63.1578947368421
Taj Gibson,Right Corner 3,1.0,0.0,0.0,0.0,,1.0526315789473684
Talen Horton-Tucker,Above the Break 3,95.0,30.0,31.57894736842105,0.9473684210526315,86.66666666666667,32.64604810996563
Talen Horton-Tucker,In The Paint (Non-RA),34.0,16.0,47.05882352941177,0.9411764705882353,37.5,11.683848797250858
Talen Horton-Tucker,Left Corner 3,15.0,8.0,53.333333333333336,1.6,87.5,5.154639175257731
Talen Horton-Tucker,Mid-Range,7.0,3.0,42.857142857142854,0.8571428571428571,0.0,2.405498281786942
Talen Horton-Tucker,Restricted Area,128.0,73.0,57.03125,1.140625,35.61643835616438,43.986254295532646
Talen Horton-Tucker,Right Corner 3,12.0,3.0,25.0,0.75,100.0,4.123711340206185
Tari Eason,Above the Break 3,112.0,37.0,33.035714285714285,0.9910714285714286,97.29729729729729,20.03577817531306
Tari Eason,Backcourt,1.0,0.0,0.0,0.0,,0.17889087656529518
Tari Eason,In The Paint (Non-RA),108.0,40.0,37.03703703703704,0.7407407407407407,52.5,19.32021466905188
Tari Eason,Left Corner 3,26.0,9.0,34.61538461538461,1.0384615384615385,100.0,4.651162790697675
Tari Eason,Mid-Range,26.0,8.0,30.76923076923077,0.6153846153846154,75.0,4.651162790697675
Tari Eason,Restricted Area,241.0,161.0,66.80497925311204,1.3360995850622406,52.17391304347826,43.112701252236135
Tari Eason,Right Corner 3,45.0,17.0,37.77777777777778,1.1333333333333333,100.0,8.050089445438283
Taurean Prince,Above the Break 3,160.0,69.0,43.125,1.29375,98.55072463768116,31.1284046692607
Taurean Prince,Backcourt,2.0,0.0,0.0,0.0,,0.38910505836575876
Taurean Prince,In The Paint (Non-RA),55.0,20.0,36.36363636363637,0.7272727272727273,70.0,10.700389105058365
Taurean Prince,Left Corner 3,94.0,48.0,51.06382978723404,1.5319148936170213,97.91666666666667,18.28793774319066
Taurean Prince,Mid-Range,25.0,10.0,40.0,0.8,80.0,4.863813229571985
Taurean Prince,Restricted Area,99.0,58.0,58.58585858585859,1.1717171717171717,79.3103448275862,19.26070038910506
Taurean Prince,Right Corner 3,79.0,30.0,37.9746835443038,1.139240506329114,100.0,15.369649805447471
Taylor Hendricks,Above the Break 3,5.0,0.0,0.0,0.0,,27.77777777777778
Taylor Hendricks,In The Paint (Non-RA),3.0,0.0,0.0,0.0,,16.666666666666664
Taylor Hendricks,Left Corner 3,3.0,1.0,33.333333333333336,1.0,100.0,16.666666666666664
Taylor Hendricks,Mid-Range,1.0,0.0,0.0,0.0,,5.555555555555555
Taylor Hendricks,Restricted Area,2.0,1.0,50.0,1.0,100.0,11.11111111111111
Taylor Hendricks,Right Corner 3,4.0,2.0,50.0,1.5,100.0,22.22222222222222
Tazé Moore,Above the Break 3,3.0,1.0,33.333333333333336,1.0,100.0,30.0
Tazé Moore,Backcourt,1.0,0.0,0.0,0.0,,10.0
Tazé Moore,In The Paint (Non-RA),3.0,0.0,0.0,0.0,,30.0
Tazé Moore,Mid-Range,1.0,0.0,0.0,0.0,,10.0
Tazé Moore,Restricted Area,2.0,1.0,50.0,1.0,0.0,20.0
Terance Mann,Above the Break 3,85.0,27.0,31.764705882352942,0.9529411764705882,85.18518518518519,20.581113801452787
Terance Mann,In The Paint (Non-RA),72.0,34.0,47.22222222222222,0.9444444444444444,41.1764705882353,17.433414043583532
Terance Mann,Left Corner 3,34.0,10.0,29.41176470588235,0.8823529411764706,80.0,8.232445520581114
Terance Mann,Mid-Range,52.0,20.0,38.46153846153846,0.7692307692307693,30.0,12.590799031477
Terance Mann,Restricted Area,126.0,91.0,72.22222222222223,1.4444444444444444,70.32967032967034,30.508474576271187
Terance Mann,Right Corner 3,44.0,23.0,52.27272727272727,1.5681818181818181,100.0,10.653753026634384
Terence Davis,Above the Break 3,1.0,0.0,0.0,0.0,,50.0
Terence Davis,Mid-Range,1.0,0.0,0.0,0.0,,50.0
Terrence Shannon Jr.,Above the Break 3,10.0,3.0,30.0,0.9,100.0,8.771929824561402
Terrence Shannon Jr.,In The Paint (Non-RA),27.0,10.0,37.03703703703704,0.7407407407407407,100.0,23.684210526315788
Terrence Shannon Jr.,Left Corner 3,7.0,4.0,57.142857142857146,1.7142857142857142,100.0,6.140350877192982
Terrence Shannon Jr.,Mid-Range,8.0,1.0,12.5,0.25,100.0,7.017543859649122
Terrence Shannon Jr.,Restricted Area,48.0,33.0,68.75,1.375,78.78787878787878,42.10526315789473
Terrence Shannon Jr.,Right Corner 3,14.0,4.0,28.571428571428573,0.8571428571428571,100.0,12.280701754385964
Terry Rozier,Above the Break 3,165.0,53.0,32.121212121212125,0.9636363636363636,69.81132075471699,25.984251968503933
Terry Rozier,Backcourt,4.0,0.0,0.0,0.0,,0.6299212598425197
Terry Rozier,In The Paint (Non-RA),120.0,47.0,39.166666666666664,0.7833333333333333,38.297872340425535,18.89763779527559
Terry Rozier,Left Corner 3,84.0,24.0,28.571428571428573,0.8571428571428571,91.66666666666667,13.228346456692913
Terry Rozier,Mid-Range,63.0,28.0,44.44444444444444,0.8888888888888888,46.42857142857143,9.921259842519685
Terry Rozier,Restricted Area,144.0,82.0,56.94444444444444,1.1388888888888888,50.0,22.677165354330707
Terry Rozier,Right Corner 3,55.0,14.0,25.454545454545453,0.7636363636363637,100.0,8.661417322834646
Terry Taylor,In The Paint (Non-RA),1.0,0.0,0.0,0.0,,100.0
Thomas Bryant,Above the Break 3,95.0,26.0,27.36842105263158,0.8210526315789474,100.0,29.595015576323984
Thomas Bryant,In The Paint (Non-RA),38.0,23.0,60.526315789473685,1.2105263157894737,78.26086956521739,11.838006230529595
Thomas Bryant,Left Corner 3,25.0,9.0,36.0,1.08,88.88888888888889,7.78816199376947
Thomas Bryant,Mid-Range,10.0,8.0,80.0,1.6,87.5,3.115264797507788
Thomas Bryant,Restricted Area,125.0,84.0,67.2,1.344,61.904761904761905,38.940809968847354
Thomas Bryant,Right Corner 3,28.0,13.0,46.42857142857143,1.3928571428571428,100.0,8.722741433021806
Tidjane Salaün,Above the Break 3,159.0,42.0,26.41509433962264,0.7924528301886793,92.85714285714286,46.08695652173913
Tidjane Salaün,In The Paint (Non-RA),50.0,8.0,16.0,0.32,62.5,14.492753623188406
Tidjane Salaün,Left Corner 3,26.0,12.0,46.15384615384615,1.3846153846153846,83.33333333333333,7.536231884057972
Tidjane Salaün,Mid-Range,13.0,4.0,30.76923076923077,0.6153846153846154,100.0,3.768115942028986
Tidjane Salaün,Restricted Area,77.0,44.0,57.142857142857146,1.1428571428571428,61.36363636363637,22.318840579710145
Tidjane Salaün,Right Corner 3,20.0,4.0,20.0,0.6,50.0,5.797101449275362
Tim Hardaway Jr.,Above the Break 3,344.0,125.0,36.33720930232558,1.0901162790697674,91.2,50.588235294117645
Tim Hardaway Jr.,In The Paint (Non-RA),62.0,27.0,43.54838709677419,0.8709677419354839,77.77777777777777,9.117647058823529
Tim Hardaway Jr.,Left Corner 3,43.0,18.0,41.86046511627907,1.255813953488372,88.88888888888889,6.323529411764706
Tim Hardaway Jr.,Mid-Range,88.0,31.0,35.22727272727273,0.7045454545454546,77.41935483870968,12.941176470588237
Tim Hardaway Jr.,Restricted Area,73.0,50.0,68.4931506849315,1.36986301369863,86.0,10.735294117647058
Tim Hardaway Jr.,Right Corner 3,70.0,25.0,35.714285714285715,1.0714285714285714,100.0,10.294117647058822
Tobias Harris,Above the Break 3,142.0,44.0,30.985915492957748,0.9295774647887324,95.45454545454545,17.63975155279503
Tobias Harris,In The Paint (Non-RA),236.0,111.0,47.03389830508475,0.940677966101695,39.63963963963964,29.316770186335404
Tobias Harris,Left Corner 3,42.0,13.0,30.952380952380953,0.9285714285714286,100.0,5.217391304347826
Tobias Harris,Mid-Range,128.0,52.0,40.625,0.8125,46.15384615384615,15.900621118012422
Tobias Harris,Restricted Area,177.0,130.0,73.44632768361582,1.4689265536723164,69.23076923076923,21.987577639751553
Tobias Harris,Right Corner 3,80.0,34.0,42.5,1.275,88.23529411764706,9.937888198757763
Tolu Smith,Restricted Area,9.0,6.0,66.66666666666667,1.3333333333333333,66.66666666666667,100.0
Tony Bradley,In The Paint (Non-RA),10.0,7.0,70.0,1.4,100.0,22.22222222222222
Tony Bradley,Left Corner 3,2.0,1.0,50.0,1.5,100.0,4.444444444444445
Tony Bradley,Mid-Range,1.0,1.0,100.0,2.0,100.0,2.2222222222222223
Tony Bradley,Restricted Area,31.0,20.0,64.51612903225806,1.2903225806451613,65.0,68.88888888888889
Tony Bradley,Right Corner 3,1.0,0.0,0.0,0.0,,2.2222222222222223
Torrey Craig,Above the Break 3,37.0,15.0,40.54054054054054,1.2162162162162162,93.33333333333333,41.11111111111111
Torrey Craig,In The Paint (Non-RA),8.0,4.0,50.0,1.0,75.0,8.88888888888889
Torrey Craig,Left Corner 3,16.0,5.0,31.25,0.9375,100.0,17.77777777777778
Torrey Craig,Mid-Range,1.0,0.0,0.0,0.0,,1.1111111111111112
Torrey Craig,Restricted Area,15.0,10.0,66.66666666666667,1.3333333333333333,70.0,16.666666666666664
Torrey Craig,Right Corner 3,13.0,4.0,30.76923076923077,0.9230769230769231,100.0,14.444444444444443
Tosan Evbuomwan,Above the Break 3,43.0,14.0,32.55813953488372,0.9767441860465116,100.0,19.545454545454547
Tosan Evbuomwan,In The Paint (Non-RA),65.0,22.0,33.84615384615385,0.676923076923077,45.45454545454545,29.545454545454547
Tosan Evbuomwan,Left Corner 3,15.0,3.0,20.0,0.6,100.0,6.8181818181818175
Tosan Evbuomwan,Mid-Range,14.0,5.0,35.714285714285715,0.7142857142857143,80.0,6.363636363636363
Tosan Evbuomwan,Restricted Area,64.0,43.0,67.1875,1.34375,58.13953488372093,29.09090909090909
Tosan Evbuomwan,Right Corner 3,19.0,7.0,36.8421052631579,1.105263157894737,100.0,8.636363636363637
Toumani Camara,Above the Break 3,198.0,78.0,39.39393939393939,1.1818181818181819,94.87179487179488,27.6536312849162
Toumani Camara,Backcourt,1.0,0.0,0.0,0.0,,0.13966480446927373
Toumani Camara,In The Paint (Non-RA),99.0,34.0,34.343434343434346,0.6868686868686869,73.52941176470588,13.8268156424581
Toumani Camara,Left Corner 3,78.0,28.0,35.8974358974359,1.0769230769230769,100.0,10.893854748603351
Toumani Camara,Mid-Range,2.0,0.0,0.0,0.0,,0.27932960893854747
Toumani Camara,Restricted Area,255.0,159.0,62.35294117647059,1.2470588235294118,64.15094339622641,35.614525139664806
Toumani Camara,Right Corner 3,83.0,29.0,34.93975903614458,1.0481927710843373,93.10344827586206,11.59217877094972
Trae Young,Above the Break 3,586.0,195.0,33.27645051194539,0.9982935153583617,25.128205128205128,42.587209302325576
Trae Young,Backcourt,5.0,1.0,20.0,0.6,0.0,0.3633720930232558
Trae Young,In The Paint (Non-RA),360.0,163.0,45.27777777777778,0.9055555555555556,24.539877300613497,26.16279069767442
Trae Young,Left Corner 3,19.0,8.0,42.10526315789474,1.263157894736842,75.0,1.380813953488372
Trae Young,Mid-Range,155.0,70.0,45.16129032258065,0.9032258064516129,25.714285714285715,11.26453488372093
Trae Young,Restricted Area,219.0,115.0,52.51141552511415,1.0502283105022832,36.52173913043478,15.915697674418606
Trae Young,Right Corner 3,32.0,14.0,43.75,1.3125,64.28571428571429,2.3255813953488373
Trayce Jackson-Davis,Above the Break 3,1.0,0.0,0.0,0.0,,0.33112582781456956
Trayce Jackson-Davis,In The Paint (Non-RA),81.0,28.0,34.5679012345679,0.691358024691358,85.71428571428571,26.82119205298013
Trayce Jackson-Davis,Mid-Range,4.0,0.0,0.0,0.0,,1.3245033112582782
Trayce Jackson-Davis,Restricted Area,214.0,146.0,68.22429906542057,1.3644859813084111,78.76712328767124,70.86092715231787
Trayce Jackson-Davis,Right Corner 3,2.0,0.0,0.0,0.0,,0.6622516556291391
Tre Jones,Above the Break 3,24.0,8.0,33.333333333333336,1.0,100.0,10.084033613445378
Tre Jones,In The Paint (Non-RA),71.0,32.0,45.070422535211264,0.9014084507042254,56.25,29.831932773109244
Tre Jones,Left Corner 3,13.0,5.0,38.46153846153846,1.1538461538461537,100.0,5.46218487394958
Tre Jones,Mid-Range,13.0,5.0,38.46153846153846,0.7692307692307693,40.0,5.46218487394958
Tre Jones,Restricted Area,106.0,72.0,67.9245283018868,1.3584905660377358,50.0,44.537815126050425
Tre Jones,Right Corner 3,11.0,6.0,54.54545454545455,1.6363636363636365,100.0,4.621848739495799
Tre Mann,Above the Break 3,45.0,18.0,40.0,1.2,44.44444444444444,27.95031055900621
Tre Mann,In The Paint (Non-RA),32.0,16.0,50.0,1.0,12.5,19.875776397515526
Tre Mann,Left Corner 3,7.0,4.0,57.142857142857146,1.7142857142857142,100.0,4.3478260869565215
Tre Mann,Mid-Range,17.0,7.0,41.1764705882353,0.8235294117647058,42.857142857142854,10.559006211180124
Tre Mann,Restricted Area,52.0,23.0,44.23076923076923,0.8846153846153846,13.043478260869565,32.298136645962735
Tre Mann,Right Corner 3,8.0,2.0,25.0,0.75,50.0,4.968944099378882
Trendon Watford,Above the Break 3,63.0,22.0,34.92063492063492,1.0476190476190477,95.45454545454545,18.0
Trendon Watford,Backcourt,1.0,0.0,0.0,0.0,,0.2857142857142857
Trendon Watford,In The Paint (Non-RA),119.0,54.0,45.378151260504204,0.907563025210084,22.22222222222222,34.0
Trendon Watford,Left Corner 3,13.0,2.0,15.384615384615385,0.46153846153846156,100.0,3.7142857142857144
Trendon Watford,Mid-Range,12.0,2.0,16.666666666666668,0.3333333333333333,0.0,3.428571428571429
Trendon Watford,Restricted Area,131.0,79.0,60.30534351145038,1.2061068702290076,46.835443037974684,37.42857142857143
Trendon Watford,Right Corner 3,11.0,5.0,45.45454545454545,1.3636363636363635,100.0,3.1428571428571432
Trentyn Flowers,Above the Break 3,1.0,0.0,0.0,0.0,,9.090909090909092
Trentyn Flowers,In The Paint (Non-RA),3.0,2.0,66.66666666666667,1.3333333333333333,50.0,27.27272727272727
Trentyn Flowers,Left Corner 3,1.0,0.0,0.0,0.0,,9.090909090909092
Trentyn Flowers,Mid-Range,1.0,0.0,0.0,0.0,,9.090909090909092
Trentyn Flowers,Restricted Area,5.0,2.0,40.0,0.8,50.0,45.45454545454545
Trevelin Queen,Above the Break 3,54.0,14.0,25.925925925925927,0.7777777777777778,78.57142857142857,36.734693877551024
Trevelin Queen,Backcourt,4.0,0.0,0.0,0.0,,2.7210884353741496
Trevelin Queen,In The Paint (Non-RA),19.0,6.0,31.57894736842105,0.631578947368421,33.333333333333336,12.925170068027212
Trevelin Queen,Left Corner 3,10.0,3.0,30.0,0.9,100.0,6.802721088435375
Trevelin Queen,Mid-Range,5.0,1.0,20.0,0.4,0.0,3.4013605442176873
Trevelin Queen,Restricted Area,46.0,27.0,58.69565217391305,1.173913043478261,66.66666666666667,31.292517006802722
Trevelin Queen,Right Corner 3,9.0,5.0,55.55555555555556,1.6666666666666667,80.0,6.122448979591836
Trey Alexander,Above the Break 3,12.0,1.0,8.333333333333334,0.25,100.0,29.268292682926827
Trey Alexander,In The Paint (Non-RA),7.0,3.0,42.857142857142854,0.8571428571428571,66.66666666666667,17.073170731707318
Trey Alexander,Left Corner 3,2.0,1.0,50.0,1.5,100.0,4.878048780487805
Trey Alexander,Mid-Range,11.0,5.0,45.45454545454545,0.9090909090909091,40.0,26.82926829268293
Trey Alexander,Restricted Area,6.0,2.0,33.333333333333336,0.6666666666666666,100.0,14.634146341463413
Trey Alexander,Right Corner 3,3.0,1.0,33.333333333333336,1.0,100.0,7.317073170731707
Trey Jemison III,In The Paint (Non-RA),24.0,8.0,33.333333333333336,0.6666666666666666,87.5,32.432432432432435
Trey Jemison III,Mid-Range,2.0,0.0,0.0,0.0,,2.7027027027027026
Trey Jemison III,Restricted Area,48.0,33.0,68.75,1.375,72.72727272727273,64.86486486486487
Trey Lyles,Above the Break 3,163.0,53.0,32.515337423312886,0.9754601226993865,100.0,43.58288770053476
Trey Lyles,In The Paint (Non-RA),33.0,10.0,30.303030303030305,0.6060606060606061,80.0,8.823529411764707
Trey Lyles,Left Corner 3,44.0,21.0,47.72727272727273,1.4318181818181819,100.0,11.76470588235294
Trey Lyles,Mid-Range,14.0,9.0,64.28571428571429,1.2857142857142858,77.77777777777777,3.7433155080213902
Trey Lyles,Restricted Area,89.0,57.0,64.04494382022472,1.2808988764044944,78.94736842105263,23.796791443850267
Trey Lyles,Right Corner 3,31.0,7.0,22.580645161290324,0.6774193548387096,100.0,8.288770053475936
Trey Murphy III,Above the Break 3,364.0,124.0,34.065934065934066,1.021978021978022,82.25806451612904,43.3849821215733
Trey Murphy III,Backcourt,1.0,0.0,0.0,0.0,,0.11918951132300357
Trey Murphy III,In The Paint (Non-RA),144.0,58.0,40.27777777777778,0.8055555555555556,65.51724137931035,17.163289630512516
Trey Murphy III,Left Corner 3,41.0,21.0,51.21951219512195,1.5365853658536586,95.23809523809524,4.886769964243146
Trey Murphy III,Mid-Range,45.0,16.0,35.55555555555556,0.7111111111111111,56.25,5.363528009535161
Trey Murphy III,Restricted Area,212.0,149.0,70.28301886792453,1.4056603773584906,71.81208053691275,25.26817640047676
Trey Murphy III,Right Corner 3,32.0,13.0,40.625,1.21875,92.3076923076923,3.814064362336114
Tristan Thompson,Above the Break 3,2.0,0.0,0.0,0.0,,2.8169014084507045
Tristan Thompson,In The Paint (Non-RA),29.0,10.0,34.48275862068966,0.6896551724137931,80.0,40.845070422535215
Tristan Thompson,Mid-Range,2.0,0.0,0.0,0.0,,2.8169014084507045
Tristan Thompson,Restricted Area,37.0,21.0,56.75675675675676,1.135135135135135,66.66666666666667,52.112676056338024
Tristan Thompson,Right Corner 3,1.0,0.0,0.0,0.0,,1.4084507042253522
Tristan Vukcevic,Above the Break 3,88.0,34.0,38.63636363636363,1.1590909090909092,100.0,36.36363636363637
Tristan Vukcevic,Backcourt,2.0,0.0,0.0,0.0,,0.8264462809917356
Tristan Vukcevic,In The Paint (Non-RA),55.0,22.0,40.0,0.8,90.9090909090909,22.727272727272727
Tristan Vukcevic,Left Corner 3,9.0,3.0,33.333333333333336,1.0,100.0,3.71900826446281
Tristan Vukcevic,Mid-Range,25.0,15.0,60.0,1.2,80.0,10.330578512396695
Tristan Vukcevic,Restricted Area,60.0,45.0,75.0,1.5,73.33333333333333,24.793388429752067
Tristan Vukcevic,Right Corner 3,3.0,1.0,33.333333333333336,1.0,100.0,1.2396694214876034
Tristan da Silva,Above the Break 3,141.0,45.0,31.914893617021278,0.9574468085106383,91.11111111111111,29.19254658385093
Tristan da Silva,Backcourt,1.0,0.0,0.0,0.0,,0.2070393374741201
Tristan da Silva,In The Paint (Non-RA),88.0,35.0,39.77272727272727,0.7954545454545454,54.285714285714285,18.219461697722565
Tristan da Silva,Left Corner 3,44.0,15.0,34.09090909090909,1.0227272727272727,100.0,9.109730848861282
Tristan da Silva,Mid-Range,28.0,9.0,32.142857142857146,0.6428571428571429,33.333333333333336,5.797101449275362
Tristan da Silva,Restricted Area,128.0,75.0,58.59375,1.171875,68.0,26.501035196687372
Tristan da Silva,Right Corner 3,53.0,20.0,37.735849056603776,1.1320754716981132,100.0,10.973084886128365
Tristen Newton,Above the Break 3,3.0,0.0,0.0,0.0,,37.5
Tristen Newton,In The Paint (Non-RA),4.0,0.0,0.0,0.0,,50.0
Tristen Newton,Restricted Area,1.0,1.0,100.0,2.0,0.0,12.5
Ty Jerome,Above the Break 3,212.0,92.0,43.39622641509434,1.3018867924528301,56.52173913043478,34.3042071197411
Ty Jerome,Backcourt,2.0,0.0,0.0,0.0,,0.3236245954692557
Ty Jerome,In The Paint (Non-RA),209.0,121.0,57.89473684210526,1.1578947368421053,33.05785123966942,33.81877022653722
Ty Jerome,Left Corner 3,22.0,13.0,59.09090909090909,1.7727272727272727,100.0,3.559870550161812
Ty Jerome,Mid-Range,65.0,38.0,58.46153846153846,1.1692307692307693,39.473684210526315,10.517799352750808
Ty Jerome,Restricted Area,91.0,49.0,53.84615384615385,1.0769230769230769,28.571428571428573,14.724919093851133
Ty Jerome,Right Corner 3,17.0,6.0,35.294117647058826,1.0588235294117647,100.0,2.750809061488673
TyTy Washington Jr.,Above the Break 3,13.0,2.0,15.384615384615385,0.46153846153846156,50.0,28.888888888888886
TyTy Washington Jr.,In The Paint (Non-RA),14.0,6.0,42.857142857142854,0.8571428571428571,66.66666666666667,31.11111111111111
TyTy Washington Jr.,Left Corner 3,4.0,2.0,50.0,1.5,100.0,8.88888888888889
TyTy Washington Jr.,Mid-Range,9.0,3.0,33.333333333333336,0.6666666666666666,66.66666666666667,20.0
TyTy Washington Jr.,Restricted Area,1.0,1.0,100.0,2.0,100.0,2.2222222222222223
TyTy Washington Jr.,Right Corner 3,4.0,0.0,0.0,0.0,,8.88888888888889
Tyler Herro,Above the Break 3,587.0,214.0,36.45655877342419,1.0936967632027257,72.42990654205607,42.59796806966618
Tyler Herro,Backcourt,2.0,0.0,0.0,0.0,,0.14513788098693758
Tyler Herro,In The Paint (Non-RA),347.0,193.0,55.61959654178674,1.1123919308357348,36.26943005181347,25.181422351233675
Tyler Herro,Left Corner 3,36.0,17.0,47.22222222222222,1.4166666666666667,88.23529411764706,2.6124818577648767
Tyler Herro,Mid-Range,133.0,58.0,43.609022556390975,0.8721804511278195,41.37931034482759,9.65166908563135
Tyler Herro,Restricted Area,228.0,149.0,65.35087719298245,1.3070175438596492,38.25503355704698,16.545718432510885
Tyler Herro,Right Corner 3,45.0,20.0,44.44444444444444,1.3333333333333333,95.0,3.265602322206096
Tyler Kolek,Above the Break 3,35.0,10.0,28.571428571428573,0.8571428571428571,100.0,42.68292682926829
Tyler Kolek,Backcourt,1.0,0.0,0.0,0.0,,1.2195121951219512
Tyler Kolek,In The Paint (Non-RA),17.0,5.0,29.41176470588235,0.5882352941176471,20.0,20.73170731707317
Tyler Kolek,Left Corner 3,4.0,1.0,25.0,0.75,100.0,4.878048780487805
Tyler Kolek,Mid-Range,3.0,2.0,66.66666666666667,1.3333333333333333,50.0,3.6585365853658534
Tyler Kolek,Restricted Area,15.0,6.0,40.0,0.8,16.666666666666668,18.29268292682927
Tyler Kolek,Right Corner 3,7.0,3.0,42.857142857142854,1.2857142857142858,100.0,8.536585365853659
Tyler Smith,Above the Break 3,20.0,9.0,45.0,1.35,88.88888888888889,40.0
Tyler Smith,In The Paint (Non-RA),5.0,2.0,40.0,0.8,100.0,10.0
Tyler Smith,Left Corner 3,2.0,1.0,50.0,1.5,100.0,4.0
Tyler Smith,Mid-Range,3.0,1.0,33.333333333333336,0.6666666666666666,100.0,6.0
Tyler Smith,Restricted Area,12.0,8.0,66.66666666666667,1.3333333333333333,75.0,24.0
Tyler Smith,Right Corner 3,8.0,3.0,37.5,1.125,100.0,16.0
Tyrese Haliburton,Above the Break 3,509.0,199.0,39.09626719056975,1.1728880157170924,51.256281407035175,50.59642147117296
Tyrese Haliburton,Backcourt,9.0,0.0,0.0,0.0,,0.8946322067594433
Tyrese Haliburton,In The Paint (Non-RA),158.0,89.0,56.32911392405063,1.1265822784810127,44.943820224719104,15.705765407554672
Tyrese Haliburton,Left Corner 3,17.0,9.0,52.94117647058823,1.588235294117647,88.88888888888889,1.6898608349900597
Tyrese Haliburton,Mid-Range,155.0,75.0,48.38709677419355,0.967741935483871,36.0,15.40755467196819
Tyrese Haliburton,Restricted Area,131.0,94.0,71.7557251908397,1.4351145038167938,36.170212765957444,13.021868787276341
Tyrese Haliburton,Right Corner 3,27.0,10.0,37.03703703703704,1.1111111111111112,50.0,2.68389662027833
Tyrese Martin,Above the Break 3,188.0,63.0,33.51063829787234,1.0053191489361701,93.65079365079364,40.43010752688172
Tyrese Martin,Backcourt,2.0,0.0,0.0,0.0,,0.43010752688172044
Tyrese Martin,In The Paint (Non-RA),77.0,25.0,32.467532467532465,0.6493506493506493,44.0,16.559139784946236
Tyrese Martin,Left Corner 3,46.0,18.0,39.130434782608695,1.173913043478261,88.88888888888889,9.89247311827957
Tyrese Martin,Mid-Range,27.0,10.0,37.03703703703704,0.7407407407407407,50.0,5.806451612903226
Tyrese Martin,Restricted Area,79.0,55.0,69.62025316455696,1.3924050632911393,56.36363636363637,16.989247311827956
Tyrese Martin,Right Corner 3,46.0,18.0,39.130434782608695,1.173913043478261,100.0,9.89247311827957
Tyrese Maxey,Above the Break 3,430.0,147.0,34.18604651162791,1.0255813953488373,44.89795918367347,39.413382218148485
Tyrese Maxey,Backcourt,3.0,0.0,0.0,0.0,,0.27497708524289644
Tyrese Maxey,In The Paint (Non-RA),198.0,86.0,43.43434343434343,0.8686868686868687,23.25581395348837,18.148487626031166
Tyrese Maxey,Left Corner 3,18.0,6.0,33.333333333333336,1.0,100.0,1.6498625114573784
Tyrese Maxey,Mid-Range,96.0,42.0,43.75,0.875,26.19047619047619,8.799266727772686
Tyrese Maxey,Restricted Area,319.0,188.0,58.93416927899686,1.1786833855799372,35.1063829787234,29.23923006416132
Tyrese Maxey,Right Corner 3,27.0,8.0,29.62962962962963,0.8888888888888888,87.5,2.474793767186068
Tyson Etienne,Above the Break 3,30.0,7.0,23.333333333333332,0.7,100.0,57.692307692307686
Tyson Etienne,In The Paint (Non-RA),1.0,1.0,100.0,2.0,100.0,1.9230769230769231
Tyson Etienne,Left Corner 3,5.0,3.0,60.0,1.8,100.0,9.615384615384617
Tyson Etienne,Mid-Range,1.0,1.0,100.0,2.0,100.0,1.9230769230769231
Tyson Etienne,Restricted Area,6.0,2.0,33.333333333333336,0.6666666666666666,100.0,11.538461538461538
Tyson Etienne,Right Corner 3,9.0,3.0,33.333333333333336,1.0,100.0,17.307692307692307
Tyus Jones,Above the Break 3,252.0,95.0,37.698412698412696,1.130952380952381,80.0,36.896046852122986
Tyus Jones,In The Paint (Non-RA),167.0,74.0,44.31137724550898,0.8862275449101796,28.37837837837838,24.45095168374817
Tyus Jones,Left Corner 3,83.0,44.0,53.01204819277108,1.5903614457831325,100.0,12.152269399707174
Tyus Jones,Mid-Range,58.0,23.0,39.6551724137931,0.7931034482758621,52.17391304347826,8.49194729136164
Tyus Jones,Restricted Area,57.0,43.0,75.43859649122807,1.5087719298245614,51.16279069767442,8.345534407027818
Tyus Jones,Right Corner 3,66.0,27.0,40.90909090909091,1.2272727272727273,92.5925925925926,9.66325036603221
Ulrich Chomche,In The Paint (Non-RA),2.0,1.0,50.0,1.0,100.0,40.0
Ulrich Chomche,Mid-Range,1.0,0.0,0.0,0.0,,20.0
Ulrich Chomche,Restricted Area,2.0,1.0,50.0,1.0,100.0,40.0
Vasilije Micić,Above the Break 3,121.0,44.0,36.36363636363637,1.0909090909090908,52.27272727272727,44.32234432234432
Vasilije Micić,In The Paint (Non-RA),46.0,10.0,21.73913043478261,0.43478260869565216,10.0,16.84981684981685
Vasilije Micić,Left Corner 3,1.0,0.0,0.0,0.0,,0.3663003663003663
Vasilije Micić,Mid-Range,50.0,14.0,28.0,0.56,50.0,18.315018315018314
Vasilije Micić,Restricted Area,52.0,26.0,50.0,1.0,34.61538461538461,19.047619047619047
Vasilije Micić,Right Corner 3,3.0,1.0,33.333333333333336,1.0,100.0,1.098901098901099
Victor Wembanyama,Above the Break 3,370.0,133.0,35.945945945945944,1.0783783783783785,84.9624060150376,43.17386231038506
Victor Wembanyama,Backcourt,6.0,0.0,0.0,0.0,,0.7001166861143524
Victor Wembanyama,In The Paint (Non-RA),105.0,53.0,50.476190476190474,1.0095238095238095,67.9245283018868,12.252042007001167
Victor Wembanyama,Left Corner 3,20.0,5.0,25.0,0.75,100.0,2.3337222870478413
Victor Wembanyama,Mid-Range,142.0,57.0,40.140845070422536,0.8028169014084507,77.19298245614036,16.569428238039674
Victor Wembanyama,Restricted Area,207.0,156.0,75.3623188405797,1.5072463768115942,68.58974358974359,24.154025670945156
Victor Wembanyama,Right Corner 3,7.0,4.0,57.142857142857146,1.7142857142857142,100.0,0.8168028004667445
Vince Williams Jr.,Above the Break 3,65.0,14.0,21.53846153846154,0.6461538461538462,85.71428571428571,38.92215568862276
Vince Williams Jr.,Backcourt,1.0,0.0,0.0,0.0,,0.5988023952095809
Vince Williams Jr.,In The Paint (Non-RA),34.0,18.0,52.94117647058823,1.0588235294117647,66.66666666666667,20.35928143712575
Vince Williams Jr.,Left Corner 3,17.0,8.0,47.05882352941177,1.411764705882353,100.0,10.179640718562874
Vince Williams Jr.,Mid-Range,7.0,4.0,57.142857142857146,1.1428571428571428,50.0,4.191616766467066
Vince Williams Jr.,Restricted Area,31.0,19.0,61.29032258064516,1.2258064516129032,57.89473684210526,18.562874251497004
Vince Williams Jr.,Right Corner 3,12.0,4.0,33.333333333333336,1.0,100.0,7.18562874251497
Vlatko Čančar,Above the Break 3,11.0,2.0,18.181818181818183,0.5454545454545454,100.0,42.30769230769231
Vlatko Čančar,In The Paint (Non-RA),2.0,2.0,100.0,2.0,0.0,7.6923076923076925
Vlatko Čančar,Left Corner 3,1.0,0.0,0.0,0.0,,3.8461538461538463
Vlatko Čančar,Restricted Area,9.0,4.0,44.44444444444444,0.8888888888888888,100.0,34.61538461538461
Vlatko Čančar,Right Corner 3,3.0,2.0,66.66666666666667,2.0,100.0,11.538461538461538
Vít Krejčí,Above the Break 3,160.0,65.0,40.625,1.21875,89.23076923076923,54.794520547945204
Vít Krejčí,In The Paint (Non-RA),37.0,21.0,56.75675675675676,1.135135135135135,47.61904761904762,12.67123287671233
Vít Krejčí,Left Corner 3,24.0,9.0,37.5,1.125,100.0,8.21917808219178
Vít Krejčí,Mid-Range,6.0,3.0,50.0,1.0,66.66666666666667,2.054794520547945
Vít Krejčí,Restricted Area,43.0,31.0,72.09302325581395,1.441860465116279,77.41935483870968,14.726027397260275
Vít Krejčí,Right Corner 3,22.0,16.0,72.72727272727273,2.1818181818181817,100.0,7.534246575342466
Walker Kessler,Above the Break 3,25.0,2.0,8.0,0.24,100.0,5.966587112171838
Walker Kessler,Backcourt,1.0,0.0,0.0,0.0,,0.23866348448687352
Walker Kessler,In The Paint (Non-RA),61.0,35.0,57.377049180327866,1.1475409836065573,77.14285714285714,14.558472553699284
Walker Kessler,Left Corner 3,7.0,4.0,57.142857142857146,1.7142857142857142,100.0,1.6706443914081146
Walker Kessler,Mid-Range,2.0,0.0,0.0,0.0,,0.47732696897374705
Walker Kessler,Restricted Area,322.0,237.0,73.6024844720497,1.4720496894409938,59.49367088607595,76.84964200477327
Walker Kessler,Right Corner 3,1.0,0.0,0.0,0.0,,0.23866348448687352
Wendell Carter Jr.,Above the Break 3,100.0,22.0,22.0,0.66,100.0,20.366598778004075
Wendell Carter Jr.,In The Paint (Non-RA),90.0,37.0,41.111111111111114,0.8222222222222222,91.89189189189189,18.329938900203665
Wendell Carter Jr.,Left Corner 3,37.0,10.0,27.027027027027028,0.8108108108108109,100.0,7.535641547861507
Wendell Carter Jr.,Mid-Range,56.0,22.0,39.285714285714285,0.7857142857142857,81.81818181818181,11.405295315682281
Wendell Carter Jr.,Restricted Area,187.0,130.0,69.5187165775401,1.3903743315508021,70.0,38.085539714867615
Wendell Carter Jr.,Right Corner 3,21.0,5.0,23.80952380952381,0.7142857142857143,100.0,4.276985743380855
Wendell Moore Jr.,Above the Break 3,19.0,5.0,26.31578947368421,0.7894736842105263,80.0,15.079365079365079
Wendell Moore Jr.,In The Paint (Non-RA),20.0,8.0,40.0,0.8,50.0,15.873015873015872
Wendell Moore Jr.,Left Corner 3,10.0,5.0,50.0,1.5,100.0,7.936507936507936
Wendell Moore Jr.,Mid-Range,11.0,4.0,36.36363636363637,0.7272727272727273,75.0,8.73015873015873
Wendell Moore Jr.,Restricted Area,54.0,33.0,61.111111111111114,1.2222222222222223,60.60606060606061,42.857142857142854
Wendell Moore Jr.,Right Corner 3,12.0,4.0,33.333333333333336,1.0,100.0,9.523809523809524
Xavier Tillman,Above the Break 3,19.0,4.0,21.05263157894737,0.631578947368421,100.0,35.84905660377358
Xavier Tillman,In The Paint (Non-RA),10.0,0.0,0.0,0.0,,18.867924528301888
Xavier Tillman,Left Corner 3,8.0,0.0,0.0,0.0,,15.09433962264151
Xavier Tillman,Mid-Range,1.0,1.0,100.0,2.0,100.0,1.8867924528301887
Xavier Tillman,Restricted Area,10.0,7.0,70.0,1.4,28.571428571428573,18.867924528301888
Xavier Tillman,Right Corner 3,5.0,1.0,20.0,0.6,100.0,9.433962264150944
Yuki Kawamura,Above the Break 3,20.0,6.0,30.0,0.9,33.333333333333336,66.66666666666666
Yuki Kawamura,In The Paint (Non-RA),2.0,1.0,50.0,1.0,0.0,6.666666666666667
Yuki Kawamura,Mid-Range,3.0,2.0,66.66666666666667,1.3333333333333333,50.0,10.0
Yuki Kawamura,Restricted Area,2.0,1.0,50.0,1.0,100.0,6.666666666666667
Yuki Kawamura,Right Corner 3,3.0,1.0,33.333333333333336,1.0,100.0,10.0
Yuri Collins,In The Paint (Non-RA),2.0,0.0,0.0,0.0,,66.66666666666666
Yuri Collins,Mid-Range,1.0,1.0,100.0,2.0,0.0,33.33333333333333
Yves Missi,Backcourt,1.0,0.0,0.0,0.0,,0.20325203252032523
Yves Missi,In The Paint (Non-RA),97.0,38.0,39.175257731958766,0.7835051546391752,84.21052631578948,19.715447154471544
Yves Missi,Mid-Range,9.0,4.0,44.44444444444444,0.8888888888888888,100.0,1.8292682926829267
Yves Missi,Restricted Area,385.0,227.0,58.96103896103896,1.1792207792207792,64.31718061674009,78.2520325203252
Zaccharie Risacher,Above the Break 3,198.0,58.0,29.292929292929294,0.8787878787878788,94.82758620689656,25.41720154043646
Zaccharie Risacher,In The Paint (Non-RA),131.0,56.0,42.74809160305343,0.8549618320610687,71.42857142857143,16.816431322207958
Zaccharie Risacher,Left Corner 3,73.0,34.0,46.57534246575342,1.3972602739726028,100.0,9.370988446726573
Zaccharie Risacher,Mid-Range,41.0,16.0,39.02439024390244,0.7804878048780488,56.25,5.263157894736842
Zaccharie Risacher,Restricted Area,263.0,163.0,61.97718631178707,1.2395437262357414,75.4601226993865,33.761232349165596
Zaccharie Risacher,Right Corner 3,73.0,30.0,41.0958904109589,1.2328767123287672,100.0,9.370988446726573
Zach Collins,Above the Break 3,81.0,25.0,30.864197530864196,0.9259259259259259,100.0,26.82119205298013
Zach Collins,Backcourt,1.0,0.0,0.0,0.0,,0.33112582781456956
Zach Collins,In The Paint (Non-RA),66.0,31.0,46.96969696969697,0.9393939393939394,83.87096774193549,21.85430463576159
Zach Collins,Left Corner 3,11.0,4.0,36.36363636363637,1.0909090909090908,100.0,3.642384105960265
Zach Collins,Mid-Range,6.0,3.0,50.0,1.0,100.0,1.9867549668874174
Zach Collins,Restricted Area,123.0,87.0,70.73170731707317,1.4146341463414633,80.45977011494253,40.728476821192054
Zach Collins,Right Corner 3,14.0,3.0,21.428571428571427,0.6428571428571429,100.0,4.635761589403973
Zach Edey,Above the Break 3,36.0,14.0,38.888888888888886,1.1666666666666667,100.0,8.314087759815243
Zach Edey,In The Paint (Non-RA),124.0,49.0,39.516129032258064,0.7903225806451613,67.34693877551021,28.63741339491917
Zach Edey,Left Corner 3,9.0,2.0,22.22222222222222,0.6666666666666666,100.0,2.0785219399538106
Zach Edey,Mid-Range,12.0,3.0,25.0,0.5,66.66666666666667,2.771362586605081
Zach Edey,Restricted Area,245.0,181.0,73.87755102040816,1.4775510204081632,62.430939226519335,56.581986143187066
Zach Edey,Right Corner 3,7.0,2.0,28.571428571428573,0.8571428571428571,100.0,1.6166281755196306
Zach LaVine,Above the Break 3,442.0,195.0,44.11764705882353,1.3235294117647058,48.717948717948715,36.140637775960755
Zach LaVine,In The Paint (Non-RA),131.0,66.0,50.38167938931298,1.0076335877862594,42.42424242424242,10.7113654946852
Zach LaVine,Left Corner 3,50.0,26.0,52.0,1.56,73.07692307692308,4.088307440719542
Zach LaVine,Mid-Range,213.0,85.0,39.906103286384976,0.7981220657276995,29.41176470588235,17.41618969746525
Zach LaVine,Restricted Area,343.0,235.0,68.5131195335277,1.370262390670554,58.723404255319146,28.04578904333606
Zach LaVine,Right Corner 3,44.0,18.0,40.90909090909091,1.2272727272727273,88.88888888888889,3.597710547833197
Zeke Nnaji,Above the Break 3,24.0,8.0,33.333333333333336,1.0,87.5,17.02127659574468
Zeke Nnaji,In The Paint (Non-RA),13.0,3.0,23.076923076923077,0.46153846153846156,100.0,9.219858156028367
Zeke Nnaji,Left Corner 3,12.0,3.0,25.0,0.75,100.0,8.51063829787234
Zeke Nnaji,Mid-Range,6.0,3.0,50.0,1.0,66.66666666666667,4.25531914893617
Zeke Nnaji,Restricted Area,70.0,47.0,67.14285714285714,1.3428571428571427,78.72340425531915,49.645390070921984
Zeke Nnaji,Right Corner 3,16.0,6.0,37.5,1.125,100.0,11.347517730496454
Ziaire Williams,Above the Break 3,171.0,63.0,36.8421052631579,1.105263157894737,96.82539682539682,32.88461538461539
Ziaire Williams,Backcourt,2.0,0.0,0.0,0.0,,0.38461538461538464
Ziaire Williams,In The Paint (Non-RA),51.0,17.0,33.333333333333336,0.6666666666666666,58.8235294117647,9.807692307692308
Ziaire Williams,Left Corner 3,54.0,18.0,33.333333333333336,1.0,100.0,10.384615384615385
Ziaire Williams,Mid-Range,17.0,5.0,29.41176470588235,0.5882352941176471,100.0,3.2692307692307696
Ziaire Williams,Restricted Area,150.0,89.0,59.333333333333336,1.1866666666666668,61.79775280898876,28.846153846153843
Ziaire Williams,Right Corner 3,75.0,22.0,29.333333333333332,0.88,100.0,14.423076923076922
Zion Williamson,Above the Break 3,11.0,3.0,27.272727272727273,0.8181818181818182,66.66666666666667,2.1653543307086616
Zion Williamson,Backcourt,1.0,0.0,0.0,0.0,,0.19685039370078738
Zion Williamson,In The Paint (Non-RA),203.0,102.0,50.24630541871921,1.0049261083743843,48.03921568627451,39.960629921259844
Zion Williamson,Left Corner 3,1.0,0.0,0.0,0.0,,0.19685039370078738
Zion Williamson,Mid-Range,8.0,1.0,12.5,0.25,0.0,1.574803149606299
Zion Williamson,Restricted Area,284.0,182.0,64.08450704225352,1.2816901408450705,45.05494505494506,55.90551181102362
Zyon Pullin,In The Paint (Non-RA),1.0,0.0,0.0,0.0,,100.0
