PLAYER_NAME,fga,fgm,fg_pct,pps,assisted_make_pct,rim_rate,three_rate,efg,rim_a,rim_pct,three_a,three_pct,corner3_a,corner3_pct,games,tov,ast,stl,ftm,fta,pts,ast_tov,ts,orb,drb
A.J. Lawson,190.0,80.0,42.10526315789474,1.0157894736842106,76.25,36.31578947368421,53.1578947368421,50.78947368421053,69.0,56.52173913043478,101.0,32.67326732673268,36.0,30.555555555555557,26.0,15.0,31.0,13.0,43.0,63.0,236.0,2.066666666666667,54.19805254455263,20.0,66.0
AJ Green,424.0,182.0,42.924528301886795,1.224056603773585,91.20879120879121,3.0660377358490565,85.61320754716981,61.20283018867924,13.0,61.53846153846154,363.0,42.69972451790633,112.0,52.67857142857143,73.0,40.0,108.0,37.0,22.0,27.0,541.0,2.7,62.05836468752868,18.0,156.0
AJ Johnson,213.0,82.0,38.497652582159624,0.8826291079812206,57.31707317073171,37.08920187793427,42.25352112676056,44.13145539906103,79.0,56.9620253164557,90.0,26.666666666666668,12.0,41.66666666666667,29.0,35.0,76.0,12.0,32.0,37.0,220.0,2.1714285714285713,47.97627355198883,8.0,51.0
Aaron Gordon,497.0,264.0,53.118712273641854,1.2132796780684105,65.15151515151516,43.25955734406438,34.60764587525151,60.66398390342053,215.0,64.65116279069767,172.0,43.604651162790695,65.0,47.69230769230769,51.0,73.0,164.0,23.0,145.0,179.0,748.0,2.2465753424657535,64.9576212310685,79.0,167.0
Aaron Holiday,268.0,117.0,43.656716417910445,1.1417910447761195,64.95726495726495,8.208955223880597,67.53731343283582,57.08955223880597,22.0,72.72727272727273,181.0,39.77900552486188,36.0,47.22222222222222,60.0,37.0,83.0,19.0,34.0,41.0,340.0,2.2432432432432434,59.432247238148506,13.0,65.0
Aaron Nesmith,379.0,192.0,50.659630606860155,1.2348284960422165,85.41666666666667,26.385224274406333,51.45118733509235,61.74142480211082,100.0,68.0,195.0,43.07692307692308,78.0,50.0,45.0,37.0,54.0,35.0,73.0,80.0,541.0,1.4594594594594594,65.3066151617576,37.0,141.0
Aaron Wiggins,728.0,355.0,48.76373626373626,1.1538461538461537,70.14084507042253,32.967032967032964,46.565934065934066,57.692307692307686,240.0,69.16666666666667,339.0,38.34808259587021,116.0,35.3448275862069,76.0,69.0,134.0,60.0,74.0,89.0,914.0,1.9420289855072463,59.570363418322124,82.0,213.0
Adam Flagler,96.0,25.0,26.041666666666668,0.6666666666666666,72.0,6.25,75.0,33.33333333333333,6.0,66.66666666666666,72.0,19.444444444444446,9.0,0.0,29.0,4.0,12.0,8.0,1.0,2.0,65.0,3.0,33.54665565648225,7.0,20.0
Adama Sanogo,7.0,4.0,57.142857142857146,1.1428571428571428,50.0,71.42857142857143,0.0,57.14285714285714,5.0,60.0,,,,,3.0,1.0,1.0,,,,8.0,1.0,,5.0,1.0
Adem Bona,192.0,135.0,70.3125,1.40625,69.62962962962963,84.89583333333334,0.5208333333333333,70.3125,163.0,73.00613496932516,1.0,0.0,1.0,0.0,53.0,61.0,27.0,26.0,67.0,100.0,337.0,0.4426229508196721,71.39830508474576,92.0,153.0
Ajay Mitchell,184.0,91.0,49.45652173913044,1.1141304347826086,53.84615384615385,29.347826086956523,32.608695652173914,55.70652173913043,54.0,62.96296296296296,60.0,38.333333333333336,18.0,38.88888888888889,36.0,29.0,64.0,25.0,29.0,35.0,234.0,2.206896551724138,58.67602808425275,18.0,49.0
Al Horford,461.0,195.0,42.29934924078091,1.0932754880694142,92.3076923076923,16.48590021691974,68.11279826464208,54.66377440347071,76.0,69.73684210526315,314.0,36.30573248407643,106.0,37.735849056603776,60.0,46.0,128.0,36.0,34.0,38.0,538.0,2.782608695652174,56.309135058193085,78.0,290.0
Alec Burks,271.0,115.0,42.435424354243544,1.1734317343173433,86.08695652173913,7.011070110701106,76.38376383763837,58.671586715867164,19.0,42.10526315789473,207.0,42.51207729468599,103.0,40.77669902912621,49.0,29.0,55.0,28.0,38.0,49.0,356.0,1.896551724137931,60.84222039923435,15.0,109.0
Alex Caruso,314.0,140.0,44.5859872611465,1.0828025477707006,79.28571428571429,34.71337579617834,54.14012738853503,54.14012738853503,109.0,64.22018348623854,170.0,35.294117647058826,63.0,41.269841269841265,54.0,37.0,137.0,87.0,42.0,51.0,382.0,3.7027027027027026,56.77089525621211,38.0,121.0
Alex Ducas,30.0,12.0,40.0,1.1333333333333333,100.0,13.333333333333334,70.0,56.666666666666664,4.0,25.0,21.0,47.61904761904761,9.0,55.55555555555556,18.0,4.0,5.0,5.0,2.0,2.0,36.0,1.25,58.290155440414516,9.0,16.0
Alex Len,63.0,32.0,50.79365079365079,1.0476190476190477,75.0,44.44444444444444,14.285714285714285,52.38095238095239,28.0,60.71428571428571,9.0,22.22222222222222,4.0,25.0,44.0,20.0,38.0,9.0,8.0,17.0,74.0,1.9,52.497162315550504,38.0,57.0
Alex Reese,54.0,26.0,48.148148148148145,1.2407407407407407,84.61538461538461,16.666666666666664,75.92592592592592,62.03703703703704,9.0,100.0,41.0,36.58536585365854,15.0,20.0,15.0,6.0,4.0,10.0,9.0,12.0,76.0,0.6666666666666666,64.1025641025641,9.0,38.0
Alex Sarr,828.0,326.0,39.371980676328505,0.9142512077294686,78.22085889570552,23.18840579710145,41.18357487922705,45.71256038647343,192.0,63.541666666666664,341.0,30.791788856304986,53.0,35.84905660377358,33.0,62.0,84.0,22.0,62.0,87.0,471.0,1.3548387096774193,27.185205707161657,58.0,153.0
Alondes Williams,2.0,2.0,100.0,2.5,50.0,50.0,50.0,125.0,1.0,100.0,1.0,100.0,,,1.0,,1.0,,,,5.0,,,,
Alperen Sengun,1143.0,567.0,49.60629921259842,1.010498687664042,49.029982363315696,42.082239720035,7.874015748031496,50.5249343832021,481.0,64.86486486486487,90.0,23.333333333333332,6.0,33.33333333333333,76.0,194.0,372.0,84.0,296.0,428.0,1451.0,1.9175257731958764,54.494787128564134,260.0,521.0
Amen Thompson,697.0,388.0,55.66714490674318,1.1492109038737446,55.154639175257735,51.21951219512195,13.055954088952653,57.46054519368723,357.0,71.98879551820728,91.0,27.472527472527474,54.0,37.03703703703704,69.0,138.0,265.0,97.0,169.0,247.0,970.0,1.9202898550724639,60.197597060867835,191.0,372.0
Amir Coffey,510.0,240.0,47.05882352941177,1.1392156862745098,80.41666666666667,20.784313725490197,48.431372549019606,56.96078431372549,106.0,65.09433962264151,247.0,40.89068825910931,94.0,45.744680851063826,72.0,45.0,77.0,40.0,115.0,129.0,696.0,1.711111111111111,61.40165149269532,32.0,129.0
Andre Drummond,234.0,117.0,50.0,1.0128205128205128,64.1025641025641,64.95726495726495,8.547008547008547,50.641025641025635,152.0,59.210526315789465,20.0,15.0,8.0,25.0,40.0,55.0,34.0,39.0,56.0,90.0,293.0,0.6181818181818182,53.5453216374269,108.0,201.0
Andre Jackson Jr.,197.0,94.0,47.71573604060914,1.1065989847715736,75.53191489361703,39.59390862944163,38.578680203045685,55.32994923857868,78.0,65.38461538461539,76.0,39.473684210526315,43.0,37.2093023255814,64.0,58.0,83.0,34.0,12.0,24.0,230.0,1.4310344827586208,55.40566583156677,65.0,116.0
Andrew Nembhard,539.0,247.0,45.82560296846011,1.0111317254174397,54.65587044534413,22.07792207792208,32.467532467532465,50.55658627087198,119.0,69.74789915966386,175.0,29.142857142857142,47.0,29.78723404255319,65.0,112.0,326.0,79.0,108.0,136.0,653.0,2.9107142857142856,54.52207601362634,34.0,182.0
Andrew Wiggins,839.0,376.0,44.81525625744934,1.0512514898688916,63.03191489361702,23.12276519666269,41.477949940405246,52.56257449344458,194.0,57.73195876288659,348.0,37.35632183908046,60.0,41.66666666666667,60.0,99.0,158.0,60.0,196.0,257.0,1078.0,1.595959595959596,56.61288967313671,89.0,180.0
Anfernee Simons,1125.0,479.0,42.577777777777776,1.0426666666666666,37.578288100208766,16.62222222222222,52.71111111111111,52.13333333333333,187.0,61.49732620320856,593.0,36.25632377740304,59.0,35.59322033898305,70.0,143.0,336.0,60.0,175.0,194.0,1348.0,2.3496503496503496,55.685911629597804,25.0,164.0
Anthony Black,620.0,262.0,42.25806451612903,0.9451612903225807,53.05343511450382,34.67741935483871,31.451612903225808,47.25806451612903,215.0,57.674418604651166,195.0,31.794871794871792,78.0,39.743589743589745,78.0,139.0,240.0,86.0,150.0,197.0,736.0,1.7266187050359711,52.07448916058187,53.0,178.0
Anthony Davis,910.0,470.0,51.64835164835165,1.0714285714285714,62.5531914893617,36.043956043956044,13.626373626373626,53.57142857142857,328.0,72.2560975609756,124.0,28.225806451612907,11.0,9.090909090909092,51.0,113.0,181.0,59.0,286.0,369.0,1261.0,1.6017699115044248,58.79555373195567,133.0,455.0
Anthony Edwards,1612.0,721.0,44.727047146401986,1.0930521091811414,42.44105409153953,22.51861042183623,50.310173697270464,54.65260545905707,363.0,63.36088154269972,811.0,39.457459926017265,100.0,43.0,79.0,249.0,359.0,91.0,415.0,496.0,2177.0,1.4417670682730923,59.47307456945538,61.0,387.0
Anthony Gill,88.0,43.0,48.86363636363637,1.0909090909090908,69.76744186046511,36.36363636363637,35.22727272727273,54.54545454545454,32.0,62.5,31.0,32.25806451612903,13.0,30.76923076923077,42.0,10.0,16.0,9.0,33.0,50.0,129.0,1.6,58.63636363636363,17.0,48.0
Anton Watson,9.0,4.0,44.44444444444444,0.8888888888888888,75.0,44.44444444444444,11.11111111111111,44.44444444444444,4.0,75.0,1.0,0.0,,,6.0,2.0,2.0,1.0,,,8.0,1.0,,1.0,2.0
Antonio Reeves,248.0,113.0,45.564516129032256,1.1169354838709677,78.76106194690266,22.177419354838708,52.016129032258064,55.846774193548384,55.0,58.18181818181818,129.0,39.53488372093023,47.0,34.04255319148936,43.0,30.0,39.0,21.0,28.0,35.0,305.0,1.3,57.89673500379651,18.0,45.0
Ariel Hukporti,31.0,21.0,67.74193548387096,1.3548387096774193,95.23809523809524,74.19354838709677,0.0,67.74193548387096,23.0,73.91304347826086,,,,,24.0,21.0,11.0,1.0,6.0,13.0,48.0,0.5238095238095238,65.359477124183,14.0,37.0
Armel Traoré,19.0,6.0,31.57894736842105,0.631578947368421,83.33333333333333,52.63157894736842,36.84210526315789,31.57894736842105,10.0,60.0,7.0,0.0,5.0,0.0,3.0,1.0,1.0,,,,4.0,1.0,,1.0,2.0
Ausar Thompson,460.0,246.0,53.47826086956522,1.0934782608695652,63.82113821138211,61.30434782608696,10.652173913043478,54.673913043478265,282.0,67.37588652482269,49.0,22.448979591836736,26.0,26.923076923076923,59.0,80.0,134.0,98.0,91.0,142.0,594.0,1.675,56.844281120808446,111.0,192.0
Austin Reaves,1037.0,477.0,45.998071359691416,1.1128254580520733,55.76519916142558,19.382835101253615,51.205400192864026,55.64127290260367,201.0,69.15422885572139,531.0,37.664783427495294,69.0,46.3768115942029,73.0,177.0,421.0,81.0,321.0,366.0,1475.0,2.378531073446328,61.55887950318855,61.0,268.0
Ayo Dosunmu,449.0,221.0,49.220489977728285,1.1224944320712695,66.0633484162896,42.31625835189309,42.093541202672604,56.12472160356348,190.0,66.3157894736842,189.0,32.804232804232804,77.0,35.064935064935064,46.0,69.0,208.0,43.0,62.0,79.0,566.0,3.0144927536231885,58.50008268562924,26.0,135.0
Bam Adebayo,1113.0,540.0,48.517520215633425,1.041329739442947,64.62962962962963,23.98921832884097,19.85624438454627,52.06648697214735,267.0,70.0374531835206,221.0,35.74660633484163,66.0,45.45454545454545,78.0,161.0,337.0,98.0,250.0,327.0,1409.0,2.093167701863354,56.051492584813175,183.0,561.0
Baylor Scheierman,110.0,39.0,35.45454545454545,0.9454545454545454,79.48717948717949,10.909090909090908,74.54545454545455,47.27272727272727,12.0,66.66666666666666,82.0,31.70731707317073,25.0,32.0,28.0,12.0,33.0,17.0,9.0,12.0,113.0,2.75,49.01110340041638,19.0,46.0
Ben Sheppard,287.0,120.0,41.81184668989547,1.0731707317073171,87.5,20.905923344947734,69.33797909407666,53.65853658536586,60.0,68.33333333333333,199.0,34.17085427135678,118.0,33.89830508474576,63.0,22.0,85.0,38.0,24.0,27.0,332.0,3.8636363636363638,55.5406852248394,44.0,133.0
Ben Simmons,223.0,116.0,52.01793721973094,1.0403587443946187,51.724137931034484,48.87892376681614,0.0,52.01793721973094,109.0,60.550458715596335,,,,,51.0,102.0,285.0,38.0,24.0,33.0,256.0,2.7941176470588234,53.890198720107776,46.0,192.0
Bennedict Mathurin,853.0,391.0,45.838218053927314,1.0316529894490034,61.63682864450128,34.46658851113716,33.76318874560375,51.58264947245017,294.0,61.564625850340136,288.0,34.02777777777778,45.0,40.0,72.0,135.0,136.0,47.0,276.0,332.0,1156.0,1.0074074074074073,57.853224966969606,87.0,295.0
Bilal Coulibaly,624.0,263.0,42.1474358974359,0.9439102564102564,60.456273764258555,31.73076923076923,35.8974358974359,47.19551282051282,198.0,70.2020202020202,224.0,28.125,56.0,33.92857142857143,59.0,125.0,200.0,78.0,138.0,185.0,727.0,1.6,51.53104621491352,89.0,203.0
Bismack Biyombo,114.0,67.0,58.771929824561404,1.1754385964912282,79.1044776119403,51.75438596491229,0.0,58.77192982456141,59.0,71.1864406779661,,,,,27.0,26.0,31.0,16.0,10.0,25.0,144.0,1.1923076923076923,57.599999999999994,43.0,115.0
Blake Wesley,186.0,81.0,43.54838709677419,0.9623655913978495,71.60493827160494,48.924731182795696,31.182795698924732,48.11827956989247,91.0,59.34065934065934,58.0,29.310344827586203,21.0,33.33333333333333,57.0,54.0,114.0,37.0,38.0,61.0,217.0,2.111111111111111,50.977259913550085,17.0,44.0
Bobby Portis,595.0,277.0,46.554621848739494,1.0403361344537816,62.454873646209386,21.51260504201681,29.915966386554622,52.01680672268908,128.0,65.625,178.0,36.51685393258427,48.0,43.75,50.0,57.0,104.0,35.0,61.0,73.0,680.0,1.8245614035087718,54.2160989922184,90.0,321.0
Bobi Klintman,10.0,6.0,60.0,1.4,83.33333333333333,20.0,50.0,70.0,2.0,100.0,5.0,40.0,2.0,50.0,5.0,1.0,7.0,2.0,1.0,2.0,15.0,7.0,68.93382352941177,1.0,6.0
Bogdan Bogdanović,492.0,210.0,42.68292682926829,1.0670731707317074,68.57142857142857,13.821138211382115,58.739837398373986,53.35365853658537,68.0,54.41176470588235,289.0,36.332179930795846,62.0,37.096774193548384,53.0,72.0,144.0,41.0,56.0,64.0,575.0,2.0,55.27145493694249,24.0,133.0
Bol Bol,183.0,96.0,52.459016393442624,1.2240437158469946,89.58333333333333,11.475409836065573,50.81967213114754,61.20218579234973,21.0,80.95238095238095,93.0,34.40860215053764,51.0,35.294117647058826,34.0,20.0,22.0,9.0,20.0,26.0,244.0,1.1,62.74429129808682,20.0,84.0
Bones Hyland,118.0,47.0,39.83050847457627,1.0677966101694916,42.5531914893617,12.711864406779661,69.49152542372882,53.38983050847458,15.0,53.333333333333336,82.0,39.02439024390244,8.0,50.0,23.0,25.0,32.0,18.0,23.0,26.0,149.0,1.28,57.555624227441285,5.0,20.0
Bradley Beal,694.0,345.0,49.711815561959654,1.1412103746397695,62.31884057971015,19.164265129683,38.04034582132565,57.06051873198847,133.0,73.68421052631578,264.0,38.63636363636363,87.0,41.37931034482759,53.0,99.0,195.0,58.0,110.0,137.0,902.0,1.9696969696969697,59.79211963726998,34.0,143.0
Branden Carlson,97.0,43.0,44.329896907216494,1.1134020618556701,76.74418604651163,18.556701030927837,68.04123711340206,55.670103092783506,18.0,77.77777777777779,66.0,33.33333333333333,20.0,35.0,26.0,7.0,14.0,5.0,14.0,18.0,122.0,2.0,58.139534883720934,17.0,37.0
Brandin Podziemski,629.0,280.0,44.51510333863275,1.0731319554848966,67.14285714285714,16.05723370429253,49.12559618441971,53.65659777424483,101.0,66.33663366336634,309.0,37.2168284789644,55.0,40.0,64.0,75.0,220.0,69.0,72.0,95.0,747.0,2.933333333333333,55.67978533094813,65.0,260.0
Brandon Boston,381.0,166.0,43.56955380577428,1.0,60.8433734939759,27.034120734908136,36.74540682414698,50.0,103.0,62.13592233009708,140.0,35.0,32.0,31.25,23.0,21.0,22.0,23.0,29.0,41.0,220.0,1.0476190476190477,27.566158781074577,13.0,47.0
Brandon Clarke,380.0,236.0,62.10526315789474,1.2447368421052631,76.27118644067797,49.21052631578947,4.473684210526316,62.23684210526316,187.0,80.74866310160428,17.0,5.88235294117647,14.0,7.142857142857142,64.0,41.0,66.0,52.0,61.0,87.0,534.0,1.6097560975609757,63.8328392464378,127.0,199.0
Brandon Ingram,333.0,155.0,46.546546546546544,1.06006006006006,52.25806451612903,15.915915915915916,34.53453453453454,53.003003003003,53.0,71.69811320754717,115.0,37.391304347826086,11.0,27.27272727272727,18.0,69.0,93.0,16.0,47.0,55.0,400.0,1.3478260869565217,55.99104143337066,17.0,83.0
Brandon Miller,491.0,198.0,40.32586558044807,1.0183299389002036,66.66666666666667,13.238289205702646,59.67413441955194,50.91649694501018,65.0,67.6923076923077,293.0,35.49488054607509,26.0,30.76923076923077,27.0,76.0,98.0,29.0,68.0,79.0,568.0,1.2894736842105263,54.01704199634815,25.0,106.0
Brandon Williams,188.0,98.0,52.12765957446808,1.1702127659574468,42.857142857142854,42.5531914893617,31.914893617021278,58.51063829787234,80.0,63.74999999999999,60.0,40.0,13.0,46.15384615384615,30.0,39.0,76.0,24.0,55.0,66.0,275.0,1.9487179487179487,63.35237744194618,12.0,46.0
Braxton Key,4.0,0.0,0.0,0.0,,25.0,25.0,0.0,1.0,0.0,1.0,0.0,,,2.0,1.0,,2.0,3.0,6.0,3.0,,22.59036144578313,1.0,1.0
Brice Sensabaugh,599.0,275.0,45.90984974958264,1.1803005008347245,74.18181818181819,10.35058430717863,62.10350584307178,59.01502504173622,62.0,62.903225806451616,372.0,42.204301075268816,121.0,50.413223140495866,71.0,107.0,110.0,46.0,65.0,73.0,772.0,1.02803738317757,61.16111040689568,42.0,168.0
Bronny James,67.0,21.0,31.34328358208955,0.7611940298507462,61.904761904761905,10.44776119402985,47.76119402985074,38.059701492537314,7.0,71.42857142857143,32.0,28.125,8.0,25.0,22.0,13.0,22.0,9.0,11.0,14.0,62.0,1.6923076923076923,42.37288135593221,4.0,14.0
Brook Lopez,774.0,394.0,50.90439276485788,1.197674418604651,82.99492385786802,25.710594315245476,48.19121447028424,59.883720930232556,199.0,77.88944723618091,373.0,37.26541554959786,39.0,56.41025641025641,80.0,84.0,143.0,50.0,114.0,138.0,1041.0,1.7023809523809523,62.356239217941344,113.0,288.0
Bruce Brown,309.0,130.0,42.07119741100323,0.9288025889967637,71.53846153846153,32.038834951456316,26.21359223300971,46.44012944983819,99.0,61.61616161616161,81.0,33.33333333333333,42.0,40.476190476190474,41.0,39.0,84.0,34.0,53.0,65.0,340.0,2.1538461538461537,50.355450236966824,40.0,124.0
Bruno Fernando,49.0,26.0,53.06122448979592,1.0612244897959184,65.38461538461539,69.38775510204081,0.0,53.06122448979592,34.0,64.70588235294117,,,,,17.0,14.0,18.0,4.0,6.0,8.0,58.0,1.2857142857142858,55.21706016755521,20.0,30.0
Bryce McGowens,14.0,4.0,28.571428571428573,0.5714285714285714,75.0,14.285714285714285,28.57142857142857,28.57142857142857,2.0,100.0,4.0,0.0,1.0,0.0,12.0,4.0,2.0,1.0,5.0,6.0,13.0,0.5,39.0625,2.0,1.0
Bub Carrington,748.0,300.0,40.106951871657756,0.9866310160427807,56.666666666666664,12.299465240641712,54.41176470588235,49.331550802139034,92.0,53.2608695652174,407.0,33.90663390663391,63.0,33.33333333333333,44.0,80.0,210.0,26.0,45.0,55.0,468.0,2.625,30.303030303030305,20.0,159.0
Buddy Hield,786.0,328.0,41.73027989821883,1.0928753180661577,81.09756097560975,14.249363867684478,69.8473282442748,54.64376590330788,112.0,65.17857142857143,549.0,36.97632058287796,135.0,38.51851851851852,82.0,91.0,134.0,69.0,53.0,64.0,912.0,1.4725274725274726,56.00864694900266,51.0,213.0
CJ McCollum,1000.0,444.0,44.4,1.059,55.630630630630634,18.7,45.9,52.949999999999996,187.0,62.03208556149733,459.0,37.254901960784316,68.0,35.294117647058826,56.0,106.0,227.0,46.0,124.0,173.0,1183.0,2.141509433962264,54.96598892316843,42.0,170.0
Cade Cunningham,1457.0,684.0,46.94577899794098,1.0411805078929306,30.263157894736842,24.982841455044614,28.689087165408374,52.05902539464653,364.0,56.86813186813187,418.0,35.645933014354064,21.0,38.095238095238095,70.0,309.0,638.0,71.0,313.0,370.0,1830.0,2.0647249190938513,56.48845536485986,56.0,370.0
Caleb Houstan,190.0,80.0,42.10526315789474,1.1789473684210525,97.5,5.7894736842105265,84.21052631578947,58.94736842105262,11.0,54.54545454545454,160.0,40.0,56.0,32.142857142857146,56.0,13.0,35.0,22.0,15.0,17.0,239.0,2.6923076923076925,60.51245695766661,19.0,56.0
Caleb Martin,304.0,129.0,42.43421052631579,0.9703947368421053,58.91472868217054,28.289473684210524,33.881578947368425,48.51973684210527,86.0,58.139534883720934,103.0,35.92233009708738,44.0,47.72727272727273,45.0,56.0,95.0,46.0,61.0,98.0,356.0,1.6964285714285714,51.27909656602904,54.0,124.0
Cam Christie,24.0,7.0,29.166666666666668,0.6666666666666666,71.42857142857143,33.33333333333333,54.166666666666664,33.33333333333333,8.0,50.0,13.0,15.384615384615385,3.0,0.0,11.0,2.0,6.0,5.0,2.0,4.0,18.0,3.0,34.93788819875776,3.0,9.0
Cam Reddish,94.0,38.0,40.42553191489362,0.9468085106382979,68.42105263157895,31.914893617021278,50.0,47.340425531914896,30.0,66.66666666666666,47.0,27.659574468085108,23.0,30.434782608695656,32.0,12.0,22.0,33.0,16.0,26.0,105.0,1.8333333333333333,49.79135053110774,17.0,49.0
Cam Spencer,82.0,34.0,41.46341463414634,1.0609756097560976,91.17647058823529,10.975609756097562,64.63414634146342,53.04878048780488,9.0,66.66666666666666,53.0,35.84905660377358,6.0,33.33333333333333,20.0,6.0,34.0,9.0,19.0,19.0,106.0,5.666666666666667,58.65427180168216,12.0,18.0
Cam Thomas,454.0,199.0,43.83259911894273,1.026431718061674,49.74874371859296,17.62114537444934,42.951541850220266,51.3215859030837,80.0,57.49999999999999,195.0,34.87179487179487,24.0,25.0,25.0,62.0,94.0,15.0,133.0,151.0,599.0,1.5161290322580645,57.54745984167242,15.0,67.0
Cam Whitmore,403.0,179.0,44.416873449131515,1.0496277915632755,59.21787709497207,30.272952853598017,45.40942928039702,52.48138957816377,122.0,63.114754098360656,183.0,35.51912568306011,42.0,40.476190476190474,50.0,46.0,49.0,31.0,54.0,72.0,477.0,1.065217391304348,54.867948835925276,36.0,115.0
Cameron Johnson,747.0,355.0,47.52342704149933,1.1633199464524766,71.26760563380282,22.48995983935743,54.61847389558233,58.16599732262383,168.0,71.42857142857143,408.0,38.970588235294116,93.0,43.01075268817204,57.0,99.0,194.0,53.0,201.0,225.0,1070.0,1.9595959595959596,63.23877068557919,54.0,193.0
Cameron Payne,446.0,179.0,40.134529147982065,1.0112107623318385,48.04469273743017,17.040358744394617,57.399103139013455,50.56053811659192,76.0,47.368421052631575,256.0,36.328125,28.0,32.142857142857146,72.0,52.0,203.0,39.0,49.0,54.0,500.0,3.9038461538461537,53.21866485013624,14.0,89.0
Caris LeVert,599.0,280.0,46.74457429048414,1.1118530884808013,70.0,32.5542570951586,47.412353923205345,55.59265442404006,195.0,64.61538461538461,284.0,37.32394366197183,90.0,42.22222222222222,64.0,76.0,215.0,57.0,110.0,155.0,776.0,2.8289473684210527,58.15347721822541,41.0,162.0
Cason Wallace,489.0,232.0,47.443762781186095,1.100204498977505,69.82758620689656,32.92433537832311,42.535787321063395,55.010224948875255,161.0,65.83850931677019,208.0,35.57692307692308,96.0,33.33333333333333,68.0,59.0,173.0,120.0,30.0,37.0,568.0,2.9322033898305087,56.20645978467385,71.0,158.0
Charles Bassey,117.0,68.0,58.11965811965812,1.1623931623931625,77.94117647058823,69.23076923076923,0.0,58.119658119658126,81.0,61.72839506172839,,,,,33.0,23.0,17.0,14.0,21.0,33.0,157.0,0.7391304347826086,59.68673965936739,55.0,96.0
Chet Holmgren,341.0,167.0,48.97360703812317,1.1085043988269794,73.65269461077844,35.77712609970675,34.01759530791789,55.42521994134897,122.0,72.1311475409836,116.0,37.93103448275862,20.0,45.0,32.0,56.0,63.0,23.0,101.0,134.0,479.0,1.125,59.88098809880989,48.0,209.0
Chris Boucher,370.0,182.0,49.189189189189186,1.172972972972973,77.47252747252747,32.16216216216216,52.16216216216216,58.648648648648646,119.0,72.26890756302521,193.0,36.26943005181347,87.0,39.08045977011494,50.0,29.0,33.0,24.0,68.0,87.0,502.0,1.1379310344827587,61.477417458606844,70.0,154.0
Chris Duarte,26.0,12.0,46.15384615384615,1.1538461538461537,66.66666666666667,30.76923076923077,57.692307692307686,57.692307692307686,8.0,50.0,15.0,40.0,1.0,100.0,15.0,1.0,9.0,,6.0,8.0,36.0,9.0,60.97560975609756,5.0,15.0
Chris Livingston,27.0,9.0,33.333333333333336,0.6666666666666666,55.55555555555556,51.85185185185185,29.629629629629626,33.33333333333333,14.0,57.14285714285714,8.0,0.0,3.0,0.0,18.0,6.0,5.0,5.0,12.0,16.0,30.0,0.8333333333333334,44.06580493537015,10.0,25.0
Chris Paul,583.0,249.0,42.710120068610635,1.0943396226415094,37.34939759036145,2.9159519725557463,63.63636363636363,54.71698113207547,17.0,82.35294117647058,371.0,37.735849056603776,49.0,34.69387755102041,82.0,129.0,605.0,103.0,85.0,92.0,723.0,4.689922480620155,57.9810098158722,33.0,263.0
Christian Braun,821.0,476.0,57.97807551766139,1.2679658952496955,78.57142857142857,52.131546894031665,27.28380024360536,63.398294762484774,428.0,71.49532710280374,224.0,39.732142857142854,74.0,35.13513513513514,79.0,81.0,205.0,85.0,177.0,214.0,1218.0,2.5308641975308643,66.54574063551729,98.0,311.0
Christian Koloko,66.0,40.0,60.60606060606061,1.2121212121212122,82.5,74.24242424242425,6.0606060606060606,60.60606060606061,49.0,71.42857142857143,4.0,0.0,2.0,0.0,34.0,12.0,16.0,8.0,10.0,14.0,90.0,1.3333333333333333,62.36141906873615,34.0,57.0
Chuma Okeke,40.0,20.0,50.0,1.275,75.0,30.0,70.0,63.74999999999999,12.0,75.0,28.0,39.285714285714285,13.0,46.15384615384615,9.0,3.0,15.0,5.0,2.0,3.0,53.0,5.0,64.13359148112295,21.0,26.0
Clint Capela,390.0,218.0,55.8974358974359,1.117948717948718,77.5229357798165,70.76923076923077,0.2564102564102564,55.8974358974359,276.0,62.68115942028986,1.0,0.0,,,55.0,47.0,62.0,34.0,52.0,97.0,488.0,1.3191489361702127,56.392715170564855,174.0,297.0
Coby White,1121.0,508.0,45.31668153434433,1.0990187332738626,51.574803149606296,25.780553077609277,52.09634255129348,54.95093666369313,289.0,64.01384083044984,584.0,36.986301369863014,81.0,38.2716049382716,74.0,177.0,330.0,69.0,277.0,307.0,1509.0,1.8644067796610169,60.067830074517545,25.0,248.0
Cody Martin,325.0,136.0,41.84615384615385,0.9692307692307692,70.58823529411765,28.615384615384613,46.46153846153846,48.46153846153846,93.0,68.81720430107528,151.0,28.47682119205298,81.0,28.39506172839506,53.0,51.0,105.0,56.0,43.0,61.0,358.0,2.0588235294117645,50.875397908140066,53.0,171.0
Cody Williams,257.0,83.0,32.295719844357976,0.7821011673151751,74.6987951807229,14.007782101167315,52.52918287937744,39.10505836575876,36.0,50.0,135.0,25.925925925925924,80.0,25.0,50.0,44.0,59.0,23.0,29.0,40.0,230.0,1.3409090909090908,41.879096868171885,27.0,86.0
Colby Jones,129.0,59.0,45.736434108527135,1.0387596899224807,66.10169491525424,24.031007751937985,37.98449612403101,51.93798449612403,31.0,70.96774193548387,49.0,32.6530612244898,13.0,30.76923076923077,32.0,23.0,44.0,26.0,23.0,35.0,157.0,1.9130434782608696,54.36288088642659,21.0,67.0
Cole Anthony,543.0,230.0,42.3572744014733,0.988950276243094,43.04347826086956,18.41620626151013,40.147329650092075,49.447513812154696,100.0,61.0,218.0,35.321100917431195,34.0,44.11764705882353,67.0,103.0,191.0,45.0,93.0,113.0,630.0,1.854368932038835,53.14482386286949,46.0,158.0
Cole Swider,63.0,22.0,34.92063492063492,0.9365079365079365,90.9090909090909,7.936507936507936,74.60317460317461,46.82539682539682,5.0,20.0,47.0,31.914893617021278,20.0,35.0,10.0,4.0,3.0,4.0,,1.0,59.0,0.75,46.500630517023964,5.0,22.0
Colin Castleton,98.0,46.0,46.93877551020408,0.9591836734693877,69.56521739130434,39.795918367346935,16.3265306122449,47.95918367346938,39.0,69.23076923076923,16.0,12.5,11.0,18.181818181818183,22.0,23.0,28.0,8.0,29.0,38.0,123.0,1.2173913043478262,53.60878661087867,53.0,69.0
Collin Gillespie,158.0,68.0,43.037974683544306,1.1075949367088607,57.35294117647059,15.822784810126583,56.9620253164557,55.379746835443036,25.0,48.0,90.0,43.333333333333336,21.0,52.38095238095239,31.0,17.0,78.0,21.0,19.0,22.0,194.0,4.588235294117647,57.848282442748086,22.0,56.0
Collin Sexton,867.0,416.0,47.98154555940023,1.0865051903114187,45.43269230769231,20.761245674740483,31.257208765859286,54.325259515570934,180.0,62.22222222222222,271.0,40.59040590405904,61.0,45.90163934426229,63.0,160.0,264.0,47.0,217.0,251.0,1159.0,1.65,59.28752660009822,59.0,111.0
Corey Kispert,565.0,255.0,45.13274336283186,1.1150442477876106,86.27450980392157,23.53982300884956,58.4070796460177,55.75221238938053,133.0,68.42105263157895,330.0,36.36363636363637,57.0,36.84210526315789,61.0,64.0,103.0,26.0,75.0,88.0,705.0,1.609375,58.38799443450606,36.0,144.0
Cory Joseph,154.0,62.0,40.25974025974026,1.0584415584415585,69.35483870967742,12.987012987012985,69.48051948051948,52.922077922077925,20.0,50.0,107.0,36.44859813084112,25.0,36.0,49.0,18.0,72.0,26.0,14.0,18.0,177.0,4.0,54.656620553359694,17.0,56.0
Craig Porter Jr.,140.0,72.0,51.42857142857143,1.1785714285714286,58.333333333333336,40.0,34.285714285714285,58.92857142857143,56.0,66.07142857142857,48.0,43.75,13.0,38.46153846153847,46.0,38.0,71.0,17.0,23.0,32.0,188.0,1.868421052631579,61.007268951194185,19.0,48.0
Cui Yongxi,7.0,1.0,14.285714285714286,0.2857142857142857,100.0,42.857142857142854,42.857142857142854,14.285714285714285,3.0,33.33333333333333,3.0,0.0,2.0,0.0,2.0,,,,1.0,2.0,1.0,,6.345177664974619,,
D'Angelo Russell,638.0,249.0,39.0282131661442,0.957680250783699,51.00401606425703,13.166144200626958,56.42633228840125,47.88401253918495,84.0,61.904761904761905,360.0,31.38888888888889,33.0,27.27272727272727,58.0,108.0,297.0,56.0,121.0,145.0,732.0,2.75,52.151610145340555,20.0,142.0
D.J. Carton,7.0,1.0,14.285714285714286,0.2857142857142857,100.0,28.57142857142857,42.857142857142854,14.285714285714285,2.0,50.0,3.0,0.0,1.0,0.0,4.0,4.0,3.0,2.0,1.0,1.0,3.0,0.75,20.161290322580644,0.0,4.0
DaQuan Jeffries,291.0,118.0,40.549828178694156,1.0,83.89830508474576,25.42955326460481,56.3573883161512,50.0,74.0,52.702702702702695,164.0,33.53658536585366,80.0,38.75,47.0,35.0,53.0,26.0,24.0,30.0,315.0,1.5142857142857142,51.77514792899408,38.0,98.0
Daeqwon Plowden,25.0,16.0,64.0,1.64,93.75,28.000000000000004,68.0,82.0,7.0,85.71428571428571,17.0,52.94117647058824,7.0,42.857142857142854,5.0,4.0,2.0,,2.0,2.0,43.0,0.5,83.0757341576507,4.0,7.0
Daishen Nix,1.0,0.0,0.0,0.0,,0.0,100.0,0.0,,,1.0,0.0,1.0,0.0,3.0,4.0,3.0,,1.0,2.0,1.0,0.75,26.595744680851062,0.0,4.0
Dalano Banton,507.0,198.0,39.053254437869825,0.9230769230769231,55.55555555555556,31.755424063116372,43.786982248520715,46.15384615384615,161.0,55.27950310559007,222.0,32.432432432432435,48.0,39.58333333333333,66.0,86.0,160.0,43.0,91.0,125.0,559.0,1.8604651162790697,49.73309608540925,30.0,105.0
Dalen Terry,268.0,120.0,44.776119402985074,1.0335820895522387,72.5,43.656716417910445,38.80597014925373,51.679104477611936,117.0,58.119658119658126,104.0,35.57692307692308,47.0,36.17021276595745,72.0,53.0,97.0,44.0,49.0,69.0,326.0,1.830188679245283,54.63198820217187,38.0,86.0
Dalton Knecht,557.0,257.0,46.14003590664273,1.1526032315978456,83.26848249027238,19.92818671454219,61.04129263913825,57.63016157989228,111.0,75.67567567567568,340.0,37.64705882352941,98.0,43.87755102040816,78.0,37.0,66.0,24.0,64.0,84.0,706.0,1.7837837837837838,59.43161155633375,37.0,179.0
Damian Lillard,992.0,444.0,44.75806451612903,1.09375,34.234234234234236,20.262096774193548,52.82258064516129,54.6875,201.0,60.69651741293532,524.0,37.595419847328245,42.0,40.476190476190474,58.0,162.0,410.0,70.0,362.0,393.0,1447.0,2.5308641975308643,62.107269168698274,29.0,243.0
Damion Baugh,130.0,42.0,32.30769230769231,0.7384615384615385,59.523809523809526,26.153846153846157,43.07692307692308,36.92307692307693,34.0,55.88235294117647,56.0,21.428571428571427,19.0,10.526315789473683,15.0,31.0,56.0,15.0,13.0,15.0,109.0,1.8064516129032258,39.89751098096633,14.0,35.0
Damion Lee,74.0,27.0,36.486486486486484,0.8513513513513513,74.07407407407408,10.81081081081081,50.0,42.567567567567565,8.0,62.5,37.0,24.324324324324326,13.0,30.76923076923077,25.0,10.0,11.0,6.0,20.0,21.0,83.0,1.1,49.85583853916387,3.0,17.0
Daniel Gafford,403.0,283.0,70.22332506203475,1.4044665012406947,72.08480565371025,79.15632754342433,0.0,70.22332506203473,319.0,74.29467084639498,,,,,57.0,66.0,80.0,23.0,135.0,196.0,701.0,1.2121212121212122,71.64173003025101,154.0,233.0
Daniel Theis,129.0,61.0,47.286821705426355,1.0155038759689923,78.68852459016394,41.86046511627907,28.68217054263566,50.775193798449614,54.0,64.81481481481481,37.0,24.324324324324326,9.0,0.0,38.0,25.0,60.0,18.0,31.0,37.0,162.0,2.4,55.75440528634361,44.0,119.0
Daniss Jenkins,10.0,3.0,30.0,0.7,0.0,30.0,70.0,35.0,3.0,66.66666666666666,7.0,14.285714285714285,2.0,0.0,6.0,1.0,3.0,,,2.0,7.0,3.0,32.16911764705882,0.0,2.0
Danté Exum,134.0,64.0,47.76119402985075,1.126865671641791,59.375,32.83582089552239,39.55223880597015,56.343283582089555,44.0,61.36363636363637,53.0,43.39622641509434,17.0,58.82352941176471,20.0,22.0,56.0,12.0,23.0,31.0,174.0,2.5454545454545454,58.92712002167435,4.0,29.0
Dario Šarić,58.0,21.0,36.206896551724135,0.8448275862068966,80.95238095238095,34.48275862068966,44.827586206896555,42.241379310344826,20.0,55.00000000000001,26.0,26.923076923076923,4.0,50.0,16.0,15.0,23.0,7.0,7.0,10.0,56.0,1.5333333333333334,44.871794871794876,14.0,36.0
Dariq Whitehead,96.0,39.0,40.625,1.15625,89.74358974358974,10.416666666666668,77.08333333333334,57.8125,10.0,20.0,74.0,44.5945945945946,20.0,45.0,17.0,15.0,12.0,6.0,3.0,5.0,114.0,0.8,58.044806517311606,4.0,25.0
Darius Garland,1174.0,554.0,47.18909710391823,1.1243611584327087,42.238267148014444,18.05792163543441,45.05962521294719,56.218057921635435,212.0,60.84905660377359,529.0,40.07561436672968,84.0,38.095238095238095,75.0,189.0,506.0,91.0,224.0,255.0,1544.0,2.677248677248677,60.02176955372415,47.0,167.0
David Duke Jr.,14.0,6.0,42.857142857142854,1.0714285714285714,66.66666666666667,35.714285714285715,42.857142857142854,53.57142857142857,5.0,60.0,6.0,50.0,5.0,60.0,6.0,2.0,4.0,1.0,1.0,2.0,16.0,2.0,53.76344086021505,1.0,4.0
David Roddy,125.0,57.0,45.6,1.064,77.19298245614036,25.6,48.8,53.2,32.0,65.625,61.0,31.147540983606557,17.0,41.17647058823529,31.0,22.0,35.0,14.0,20.0,26.0,153.0,1.5909090909090908,56.068601583113455,13.0,71.0
Davion Mitchell,476.0,223.0,46.84873949579832,1.1134453781512605,48.4304932735426,33.193277310924366,44.32773109243697,55.67226890756303,158.0,58.86075949367089,211.0,39.81042654028436,43.0,41.86046511627907,73.0,128.0,363.0,72.0,58.0,84.0,588.0,2.8359375,57.314410480349345,35.0,132.0
Day'Ron Sharpe,317.0,165.0,52.05047318611987,1.0757097791798107,62.42424242424242,59.93690851735016,14.195583596214512,53.785488958990534,190.0,62.10526315789474,45.0,24.444444444444443,13.0,38.46153846153847,50.0,63.0,91.0,41.0,56.0,74.0,397.0,1.4444444444444444,56.785673418011214,148.0,181.0
De'Aaron Fox,1163.0,539.0,46.345657781599314,1.0283748925193466,39.51762523191095,20.894239036973346,32.76010318142734,51.41874462596733,243.0,65.84362139917695,381.0,30.971128608923888,66.0,34.84848484848485,62.0,174.0,392.0,91.0,263.0,318.0,1459.0,2.2528735632183907,55.98962330764744,54.0,244.0
De'Andre Hunter,762.0,358.0,46.981627296587924,1.1456692913385826,75.69832402234637,18.503937007874015,50.91863517060368,57.28346456692913,141.0,61.702127659574465,388.0,40.4639175257732,116.0,37.06896551724138,64.0,82.0,92.0,50.0,215.0,254.0,1088.0,1.1219512195121952,62.259659403039734,44.0,213.0
De'Anthony Melton,54.0,22.0,40.74074074074074,1.0555555555555556,72.72727272727273,16.666666666666664,64.81481481481481,52.77777777777778,9.0,44.44444444444444,35.0,37.142857142857146,4.0,75.0,6.0,10.0,17.0,7.0,5.0,8.0,62.0,1.7,53.89429763560501,6.0,14.0
DeAndre Jordan,140.0,91.0,65.0,1.3,71.42857142857143,79.28571428571428,0.0,65.0,111.0,72.07207207207207,,,,,56.0,40.0,53.0,16.0,27.0,64.0,209.0,1.325,62.143196955280686,84.0,200.0
DeMar DeRozan,1308.0,624.0,47.706422018348626,1.018348623853211,43.26923076923077,9.250764525993883,19.571865443425075,50.917431192660544,121.0,71.900826446281,256.0,32.8125,85.0,36.470588235294116,77.0,105.0,342.0,62.0,378.0,441.0,1710.0,3.257142857142857,56.922585284013735,50.0,246.0
Dean Wade,271.0,112.0,41.32841328413284,1.121771217712177,91.07142857142857,13.284132841328415,81.91881918819189,56.08856088560885,36.0,75.0,222.0,36.03603603603604,91.0,41.75824175824176,59.0,22.0,76.0,42.0,16.0,30.0,320.0,3.4545454545454546,56.29838142153414,51.0,198.0
Deandre Ayton,468.0,265.0,56.623931623931625,1.1452991452991452,74.71698113207547,40.38461538461539,6.837606837606838,57.26495726495726,189.0,74.07407407407408,32.0,18.75,16.0,6.25,40.0,69.0,64.0,31.0,40.0,60.0,576.0,0.927536231884058,58.25242718446603,123.0,283.0
Dejounte Murray,494.0,194.0,39.27125506072875,0.8906882591093117,36.08247422680412,22.267206477732792,35.22267206477733,44.534412955465584,110.0,55.45454545454545,174.0,29.88505747126437,29.0,34.48275862068966,31.0,106.0,228.0,63.0,102.0,124.0,542.0,2.150943396226415,49.4020708764766,17.0,183.0
Delon Wright,131.0,45.0,34.35114503816794,0.8396946564885496,68.88888888888889,27.480916030534353,55.72519083969466,41.98473282442748,36.0,55.55555555555556,73.0,27.397260273972602,21.0,42.857142857142854,37.0,22.0,77.0,35.0,15.0,25.0,125.0,3.5,44.014084507042256,27.0,39.0
Deni Avdija,844.0,402.0,47.6303317535545,1.1007109004739337,57.21393034825871,38.74407582938388,40.52132701421801,55.035545023696685,327.0,65.13761467889908,342.0,36.54970760233918,68.0,30.88235294117647,72.0,196.0,281.0,71.0,290.0,372.0,1219.0,1.433673469387755,60.48547157827882,109.0,412.0
Dennis Schröder,827.0,336.0,40.628778718258765,0.966142684401451,43.75,18.742442563482467,44.86094316807739,48.30713422007255,155.0,56.12903225806451,371.0,34.23180592991914,36.0,50.0,75.0,142.0,404.0,66.0,181.0,216.0,980.0,2.8450704225352115,53.14303067112056,27.0,171.0
Dereck Lively II,191.0,134.0,70.15706806282722,1.4031413612565444,79.1044776119403,69.63350785340315,0.0,70.15706806282722,133.0,77.44360902255639,,,,,36.0,41.0,85.0,20.0,46.0,73.0,314.0,2.073170731707317,70.36572248117605,104.0,166.0
Derrick Jones Jr.,589.0,310.0,52.63157894736842,1.1850594227504245,80.64516129032258,43.97283531409168,37.18166383701188,59.25297113752123,259.0,70.27027027027027,219.0,35.61643835616438,119.0,36.134453781512605,77.0,66.0,60.0,79.0,83.0,118.0,781.0,0.9090909090909091,60.92804094114711,93.0,170.0
Derrick White,959.0,424.0,44.21272158498436,1.1605839416058394,67.9245283018868,10.740354535974973,72.05422314911367,58.02919708029197,103.0,71.84466019417476,691.0,38.35021707670043,123.0,43.08943089430895,76.0,131.0,361.0,72.0,135.0,161.0,1248.0,2.7557251908396947,60.59193661151247,67.0,274.0
Desmond Bane,1018.0,493.0,48.42829076620825,1.1296660117878192,49.49290060851927,24.95088408644401,41.06090373280943,56.483300589390964,254.0,67.71653543307087,418.0,39.23444976076555,83.0,31.32530120481928,69.0,169.0,369.0,80.0,177.0,198.0,1327.0,2.1834319526627217,60.03872882582888,61.0,355.0
Devin Booker,1420.0,654.0,46.056338028169016,1.05,51.07033639143731,14.225352112676056,38.80281690140845,52.5,202.0,68.8118811881188,551.0,33.21234119782214,75.0,34.66666666666667,75.0,220.0,529.0,67.0,432.0,483.0,1923.0,2.4045454545454548,58.89667507901895,76.0,228.0
Devin Carter,127.0,47.0,37.00787401574803,0.8818897637795275,51.06382978723404,22.04724409448819,48.031496062992126,44.09448818897638,28.0,60.71428571428571,61.0,29.508196721311474,16.0,31.25,35.0,18.0,41.0,21.0,26.0,44.0,138.0,2.2777777777777777,47.14402842306641,19.0,57.0
Devin Vassell,889.0,394.0,44.31946006749156,1.064116985376828,67.25888324873097,16.87289088863892,48.25646794150732,53.2058492688414,150.0,62.0,429.0,36.82983682983683,106.0,43.39622641509434,64.0,88.0,183.0,84.0,95.0,120.0,1041.0,2.0795454545454546,55.26651093650457,34.0,221.0
Dillon Brooks,895.0,384.0,42.90502793296089,1.0659217877094973,69.53125,15.418994413407821,52.402234636871505,53.296089385474865,138.0,55.072463768115945,469.0,39.6588486140725,118.0,38.13559322033898,75.0,76.0,128.0,60.0,99.0,122.0,1053.0,1.6842105263157894,55.49816587258085,75.0,199.0
Dillon Jones,133.0,51.0,38.34586466165413,0.8872180451127819,74.50980392156863,31.57894736842105,47.368421052631575,44.3609022556391,42.0,59.523809523809526,63.0,25.396825396825395,14.0,21.428571428571427,48.0,28.0,58.0,16.0,17.0,28.0,135.0,2.0714285714285716,46.449215524360035,30.0,91.0
Domantas Sabonis,893.0,527.0,59.014557670772675,1.2530795072788354,67.36242884250474,53.191489361702125,17.469204927211646,62.65397536394177,475.0,69.47368421052632,156.0,41.66666666666667,8.0,50.0,70.0,202.0,423.0,48.0,218.0,289.0,1337.0,2.094059405940594,65.52893663739022,264.0,705.0
Dominick Barlow,113.0,60.0,53.097345132743364,1.1238938053097345,75.0,46.902654867256636,23.893805309734514,56.19469026548673,53.0,71.69811320754717,27.0,25.925925925925924,22.0,18.181818181818183,33.0,5.0,19.0,9.0,21.0,33.0,148.0,3.8,58.03011292346299,35.0,50.0
Donovan Clingan,334.0,180.0,53.89221556886228,1.1197604790419162,63.333333333333336,71.25748502994011,14.67065868263473,55.98802395209581,238.0,63.4453781512605,49.0,28.57142857142857,5.0,40.0,67.0,72.0,77.0,34.0,62.0,104.0,436.0,1.0694444444444444,57.40467663787655,215.0,310.0
Donovan Mitchell,1320.0,585.0,44.31818181818182,1.062878787878788,34.87179487179487,19.015151515151516,47.95454545454545,53.1439393939394,251.0,60.55776892430279,633.0,36.808846761453395,65.0,46.15384615384615,71.0,149.0,354.0,95.0,298.0,362.0,1701.0,2.3758389261744965,57.49418636093234,57.0,265.0
Donte DiVincenzo,593.0,250.0,42.158516020236085,1.136593591905565,77.2,15.345699831365936,73.86172006745363,56.82967959527825,91.0,58.24175824175825,438.0,39.726027397260275,89.0,42.69662921348314,62.0,99.0,225.0,73.0,49.0,63.0,723.0,2.272727272727273,58.23881943549426,32.0,196.0
Dorian Finney-Smith,435.0,195.0,44.827586206896555,1.193103448275862,89.23076923076923,20.689655172413794,72.183908045977,59.6551724137931,90.0,61.111111111111114,314.0,41.082802547770704,125.0,43.2,63.0,56.0,90.0,58.0,30.0,45.0,549.0,1.6071428571428572,60.35620052770449,79.0,167.0
Doug McDermott,117.0,50.0,42.73504273504273,1.2307692307692308,100.0,6.837606837606838,86.32478632478633,61.53846153846154,8.0,50.0,101.0,43.56435643564357,28.0,46.42857142857143,41.0,6.0,7.0,4.0,3.0,5.0,147.0,1.1666666666666667,61.66107382550335,3.0,19.0
Draymond Green,509.0,216.0,42.43614931237721,1.005893909626719,87.5,24.95088408644401,48.33005893909627,50.29469548133595,127.0,58.26771653543307,246.0,32.52032520325203,101.0,33.663366336633665,68.0,174.0,383.0,99.0,101.0,147.0,613.0,2.2011494252873565,53.42699762934039,74.0,339.0
Drew Eubanks,194.0,115.0,59.27835051546392,1.2010309278350515,78.26086956521739,50.0,3.0927835051546393,60.051546391752574,97.0,71.1340206185567,6.0,50.0,5.0,60.0,58.0,41.0,54.0,12.0,47.0,71.0,280.0,1.3170731707317074,62.15592257147931,60.0,166.0
Drew Peterson,41.0,17.0,41.46341463414634,1.146341463414634,76.47058823529412,12.195121951219512,80.48780487804879,57.3170731707317,5.0,40.0,33.0,39.39393939393939,10.0,30.0,21.0,8.0,13.0,5.0,7.0,9.0,54.0,1.625,60.053380782918154,9.0,31.0
Drew Timme,102.0,45.0,44.11764705882353,0.9705882352941176,75.55555555555556,35.294117647058826,34.31372549019608,48.529411764705884,36.0,58.333333333333336,35.0,25.71428571428571,6.0,33.33333333333333,9.0,15.0,20.0,4.0,10.0,16.0,109.0,1.3333333333333333,49.98165810711665,16.0,48.0
Dru Smith,61.0,31.0,50.81967213114754,1.278688524590164,64.51612903225806,22.950819672131146,49.18032786885246,63.934426229508205,14.0,71.42857142857143,30.0,53.333333333333336,11.0,63.63636363636363,14.0,17.0,23.0,21.0,10.0,13.0,88.0,1.3529411764705883,65.94724220623502,12.0,24.0
Duncan Robinson,663.0,290.0,43.74057315233786,1.1613876319758674,84.13793103448276,14.630467571644044,72.85067873303167,58.06938159879337,97.0,64.94845360824742,483.0,39.33747412008282,99.0,41.41414141414141,74.0,86.0,176.0,40.0,47.0,53.0,817.0,2.046511627906977,59.52034036601002,18.0,149.0
Duop Reath,166.0,70.0,42.16867469879518,1.0481927710843373,71.42857142857143,25.903614457831324,63.85542168674698,52.40963855421686,43.0,74.4186046511628,106.0,32.075471698113205,25.0,32.0,44.0,16.0,26.0,12.0,20.0,22.0,194.0,1.625,55.21402550091074,44.0,48.0
Dwight Powell,61.0,42.0,68.85245901639344,1.4098360655737705,78.57142857142857,80.32786885245902,8.19672131147541,70.49180327868852,49.0,75.51020408163265,5.0,40.0,4.0,50.0,49.0,18.0,55.0,18.0,28.0,43.0,114.0,3.0555555555555554,71.32132132132132,47.0,71.0
Dyson Daniels,923.0,455.0,49.29577464788732,1.0725893824485373,59.120879120879124,34.45287107258938,25.46045503791983,53.62946912242686,318.0,65.40880503144653,235.0,34.04255319148936,57.0,43.859649122807014,76.0,155.0,333.0,229.0,83.0,140.0,1073.0,2.1483870967741936,54.48913264269755,126.0,325.0
E.J. Liddell,15.0,8.0,53.333333333333336,1.2666666666666666,75.0,13.333333333333334,66.66666666666666,63.33333333333333,2.0,100.0,10.0,30.0,,,9.0,2.0,3.0,1.0,2.0,2.0,21.0,1.5,66.12090680100755,3.0,6.0
Elfrid Payton,122.0,40.0,32.78688524590164,0.6639344262295082,20.0,18.852459016393443,4.918032786885246,33.19672131147541,23.0,39.130434782608695,6.0,16.666666666666664,1.0,0.0,24.0,59.0,166.0,24.0,4.0,7.0,85.0,2.8135593220338984,33.97825391749281,15.0,64.0
Elijah Harkless,35.0,11.0,31.428571428571427,0.8285714285714286,81.81818181818181,11.428571428571429,71.42857142857143,41.42857142857143,4.0,75.0,25.0,28.000000000000004,8.0,37.5,10.0,3.0,8.0,10.0,3.0,6.0,32.0,2.6666666666666665,42.507970244420825,9.0,12.0
Emanuel Miller,8.0,4.0,50.0,1.0,75.0,75.0,12.5,50.0,6.0,50.0,1.0,0.0,,,4.0,,2.0,1.0,2.0,2.0,10.0,,56.3063063063063,4.0,4.0
Emoni Bates,38.0,13.0,34.21052631578947,0.9736842105263158,76.92307692307692,10.526315789473683,78.94736842105263,48.68421052631579,4.0,50.0,30.0,36.666666666666664,3.0,66.66666666666666,10.0,2.0,8.0,1.0,,,37.0,4.0,,0.0,7.0
Enrique Freeman,37.0,16.0,43.24324324324324,0.8918918918918919,81.25,59.45945945945946,27.027027027027028,44.5945945945946,22.0,63.63636363636363,10.0,10.0,8.0,12.5,22.0,6.0,9.0,3.0,13.0,19.0,46.0,1.5,50.70546737213404,11.0,19.0
Eric Gordon,204.0,87.0,42.64705882352941,1.1274509803921569,86.20689655172414,18.627450980392158,67.15686274509804,56.372549019607845,38.0,55.26315789473685,137.0,40.87591240875913,19.0,52.63157894736842,39.0,28.0,65.0,26.0,36.0,48.0,266.0,2.3214285714285716,59.079601990049746,8.0,38.0
Evan Mobley,906.0,505.0,55.739514348785875,1.2086092715231789,68.31683168316832,47.682119205298015,25.386313465783665,60.43046357615894,432.0,76.1574074074074,230.0,36.95652173913043,48.0,41.66666666666667,71.0,145.0,226.0,61.0,221.0,305.0,1316.0,1.5586206896551724,63.25706594885598,165.0,493.0
Franz Wagner,1161.0,537.0,46.253229974160206,1.0146425495262705,49.34823091247672,28.42377260981912,30.31869078380706,50.73212747631353,330.0,66.66666666666666,352.0,29.545454545454547,43.0,44.18604651162791,60.0,138.0,284.0,75.0,271.0,311.0,1449.0,2.0579710144927534,55.82352215989644,56.0,285.0
Fred VanVleet,759.0,287.0,37.8129117259552,0.9657444005270093,44.94773519163763,12.25296442687747,60.73781291172595,48.28722002635046,93.0,49.46236559139785,461.0,34.490238611713664,49.0,32.6530612244898,60.0,87.0,333.0,94.0,111.0,136.0,844.0,3.8275862068965516,51.53631967173074,32.0,189.0
GG Jackson,199.0,74.0,37.185929648241206,0.9045226130653267,67.56756756756756,28.643216080402013,47.73869346733669,45.22613065326633,57.0,47.368421052631575,95.0,33.68421052631579,27.0,29.629629629629626,29.0,31.0,29.0,12.0,29.0,40.0,209.0,0.9354838709677419,48.24561403508772,27.0,65.0
Gabe Vincent,420.0,168.0,40.0,1.0595238095238095,77.38095238095238,10.0,73.57142857142858,52.976190476190474,42.0,64.28571428571429,309.0,35.275080906148865,112.0,39.285714285714285,72.0,41.0,98.0,51.0,15.0,21.0,460.0,2.3902439024390243,53.58307706644302,20.0,72.0
Garrett Temple,60.0,18.0,30.0,0.7,72.22222222222223,28.333333333333332,46.666666666666664,35.0,17.0,52.94117647058824,28.0,21.428571428571427,9.0,22.22222222222222,24.0,10.0,31.0,17.0,11.0,12.0,53.0,3.1,40.59436274509804,9.0,20.0
Garrison Mathews,257.0,102.0,39.688715953307394,1.1245136186770428,95.09803921568627,5.058365758754864,84.8249027237354,56.22568093385214,13.0,53.84615384615385,218.0,38.99082568807339,69.0,57.971014492753625,46.0,31.0,60.0,26.0,64.0,78.0,353.0,1.935483870967742,60.58629685569134,13.0,74.0
Gary Harris,133.0,51.0,38.34586466165413,1.037593984962406,86.27450980392157,10.526315789473683,75.93984962406014,51.8796992481203,14.0,64.28571428571429,101.0,35.64356435643564,43.0,37.2093023255814,48.0,17.0,30.0,26.0,7.0,12.0,145.0,1.7647058823529411,52.4298524732427,20.0,44.0
Gary Payton II,298.0,171.0,57.38255033557047,1.2516778523489933,84.7953216374269,47.31543624161073,31.879194630872483,62.58389261744966,141.0,79.43262411347519,95.0,32.631578947368425,54.0,40.74074074074074,62.0,39.0,83.0,52.0,27.0,38.0,400.0,2.128205128205128,63.54855109303508,53.0,132.0
Gary Trent Jr.,657.0,283.0,43.074581430745816,1.1354642313546424,74.91166077738517,8.82800608828006,65.90563165905633,56.77321156773212,58.0,53.44827586206896,433.0,41.570438799076214,107.0,47.66355140186916,74.0,42.0,87.0,72.0,78.0,92.0,824.0,2.0714285714285716,59.06979411596032,20.0,148.0
Georges Niang,620.0,286.0,46.12903225806452,1.1903225806451614,92.3076923076923,16.612903225806452,65.96774193548387,59.51612903225807,103.0,66.01941747572816,409.0,40.58679706601467,161.0,40.993788819875775,79.0,82.0,111.0,28.0,46.0,58.0,784.0,1.353658536585366,60.72623621266576,47.0,224.0
Giannis Antetokounmpo,1319.0,793.0,60.1213040181956,1.2130401819560273,43.00126103404792,56.785443517816525,4.776345716451857,60.65200909780136,749.0,74.89986648865154,63.0,22.22222222222222,3.0,0.0,67.0,206.0,433.0,58.0,436.0,707.0,2036.0,2.1019417475728157,62.45092265410287,146.0,648.0
Goga Bitadze,339.0,207.0,61.06194690265487,1.2300884955752212,68.1159420289855,71.09144542772862,8.259587020648967,61.504424778761056,241.0,72.61410788381743,28.0,10.714285714285714,6.0,0.0,69.0,72.0,137.0,49.0,85.0,133.0,502.0,1.9027777777777777,63.141477158381974,167.0,296.0
Gradey Dick,647.0,265.0,40.958268933539415,0.9953632148377125,86.0377358490566,24.420401854714065,50.38639876352396,49.76816074188562,158.0,52.53164556962025,326.0,34.96932515337423,88.0,34.090909090909086,54.0,83.0,98.0,48.0,133.0,155.0,777.0,1.180722891566265,54.32046979865771,44.0,149.0
Grant Williams,123.0,54.0,43.90243902439025,1.0975609756097562,90.74074074074075,19.51219512195122,60.16260162601627,54.87804878048781,24.0,70.83333333333334,74.0,36.486486486486484,16.0,31.25,16.0,28.0,37.0,18.0,31.0,37.0,166.0,1.3214285714285714,59.59218839747271,18.0,64.0
Grayson Allen,489.0,219.0,44.785276073619634,1.2004089979550103,88.12785388127854,15.132924335378323,71.57464212678937,60.02044989775052,74.0,63.51351351351351,350.0,42.57142857142857,99.0,49.494949494949495,64.0,75.0,137.0,54.0,93.0,114.0,680.0,1.8266666666666667,63.06105794198383,35.0,159.0
Guerschon Yabusele,563.0,282.0,50.08880994671403,1.1865008880994672,82.62411347517731,38.36589698046181,48.66785079928952,59.32504440497336,216.0,71.29629629629629,274.0,37.95620437956204,71.0,35.2112676056338,70.0,87.0,148.0,58.0,100.0,138.0,768.0,1.7011494252873562,61.56608734688642,133.0,261.0
Gui Santos,179.0,82.0,45.81005586592179,1.106145251396648,86.58536585365853,29.05027932960894,57.54189944134078,55.3072625698324,52.0,75.0,103.0,33.00970873786408,39.0,38.46153846153847,56.0,42.0,80.0,25.0,29.0,42.0,227.0,1.9047619047619047,57.4741745999595,72.0,100.0
Harrison Barnes,683.0,347.0,50.805270863836014,1.2445095168374818,76.36887608069165,30.45387994143485,52.7086383601757,62.225475841874086,208.0,65.86538461538461,360.0,43.333333333333336,205.0,47.3170731707317,82.0,50.0,136.0,39.0,161.0,199.0,1011.0,2.72,65.6016403654485,97.0,214.0
Harrison Ingram,4.0,2.0,50.0,1.0,50.0,25.0,25.0,50.0,1.0,100.0,1.0,0.0,,,5.0,1.0,3.0,3.0,,,4.0,3.0,,2.0,7.0
Haywood Highsmith,391.0,179.0,45.78005115089514,1.143222506393862,82.12290502793296,23.785166240409207,59.590792838874684,57.1611253196931,93.0,66.66666666666666,233.0,38.197424892703864,112.0,44.642857142857146,74.0,54.0,112.0,68.0,31.0,43.0,478.0,2.074074074074074,58.304059328649494,71.0,180.0
Herbert Jones,172.0,75.0,43.604651162790695,1.0,78.66666666666667,33.13953488372093,41.86046511627907,50.0,57.0,61.40350877192983,72.0,30.555555555555557,37.0,37.83783783783784,20.0,35.0,65.0,37.0,33.0,40.0,205.0,1.8571428571428572,54.061181434599156,21.0,57.0
Hunter Tyson,120.0,45.0,37.5,0.9416666666666667,80.0,21.666666666666668,61.66666666666667,47.083333333333336,26.0,65.38461538461539,74.0,31.08108108108108,23.0,26.08695652173913,47.0,14.0,20.0,10.0,21.0,28.0,134.0,1.4285714285714286,50.6348246674728,25.0,53.0
Immanuel Quickley,438.0,184.0,42.009132420091326,1.0342465753424657,54.891304347826086,14.61187214611872,51.369863013698634,51.71232876712328,64.0,57.8125,225.0,37.77777777777778,25.0,40.0,33.0,58.0,191.0,23.0,111.0,128.0,564.0,3.293103448275862,57.048066030101964,16.0,101.0
Isaac Jones,83.0,54.0,65.06024096385542,1.3373493975903614,77.77777777777777,55.42168674698795,9.63855421686747,66.86746987951807,46.0,76.08695652173914,8.0,37.5,6.0,50.0,38.0,16.0,12.0,5.0,23.0,36.0,134.0,0.75,67.78632132739781,22.0,35.0
Isaac Okoro,267.0,124.0,46.441947565543074,1.1385767790262171,87.09677419354838,37.07865168539326,56.55430711610487,56.92883895131086,99.0,63.63636363636363,151.0,37.086092715231786,93.0,38.70967741935484,55.0,23.0,68.0,32.0,33.0,46.0,337.0,2.9565217391304346,58.66174627489208,49.0,81.0
Isaiah Collier,555.0,234.0,42.16216216216216,0.918918918918919,39.31623931623932,31.891891891891895,30.45045045045045,45.94594594594595,177.0,65.5367231638418,169.0,24.85207100591716,44.0,34.090909090909086,71.0,208.0,446.0,66.0,105.0,154.0,615.0,2.144230769230769,49.37696704990687,32.0,203.0
Isaiah Crawford,11.0,5.0,45.45454545454545,1.0,80.0,18.181818181818183,45.45454545454545,50.0,2.0,50.0,5.0,20.0,1.0,100.0,10.0,1.0,1.0,1.0,2.0,4.0,13.0,1.0,50.94043887147336,1.0,7.0
Isaiah Hartenstein,480.0,279.0,58.125,1.1625,81.00358422939068,42.291666666666664,3.958333333333333,58.12500000000001,203.0,72.41379310344827,19.0,0.0,3.0,0.0,57.0,96.0,219.0,47.0,79.0,117.0,637.0,2.28125,59.92699631218484,162.0,447.0
Isaiah Jackson,23.0,14.0,60.869565217391305,1.2173913043478262,85.71428571428571,91.30434782608695,0.0,60.86956521739131,21.0,61.904761904761905,,,,,5.0,5.0,5.0,3.0,7.0,14.0,35.0,1.0,60.013717421124824,11.0,17.0
Isaiah Joe,588.0,259.0,44.04761904761905,1.2074829931972788,88.03088803088804,8.503401360544217,79.25170068027211,60.37414965986394,50.0,76.0,466.0,41.201716738197426,89.0,56.17977528089888,74.0,38.0,119.0,48.0,46.0,56.0,756.0,3.1315789473684212,61.7001828153565,41.0,155.0
Isaiah Mobley,7.0,2.0,28.571428571428573,0.7142857142857143,50.0,14.285714285714285,42.857142857142854,35.714285714285715,1.0,100.0,3.0,33.33333333333333,1.0,0.0,1.0,,5.0,1.0,1.0,2.0,6.0,,38.07106598984772,1.0,3.0
Isaiah Stevens,2.0,0.0,0.0,0.0,,0.0,50.0,0.0,,,1.0,0.0,,,2.0,,,1.0,,,0.0,,,0.0,2.0
Isaiah Stewart,315.0,176.0,55.87301587301587,1.1714285714285715,75.56818181818181,57.77777777777777,16.825396825396826,58.57142857142858,182.0,68.13186813186813,53.0,32.075471698113205,9.0,33.33333333333333,72.0,68.0,123.0,28.0,66.0,87.0,435.0,1.8088235294117647,61.565896739130444,129.0,269.0
Isaiah Wong,105.0,41.0,39.04761904761905,0.9047619047619048,51.21951219512195,21.904761904761905,31.428571428571427,45.23809523809524,23.0,39.130434782608695,33.0,39.39393939393939,4.0,25.0,20.0,18.0,28.0,11.0,25.0,34.0,120.0,1.5555555555555556,50.01667222407469,14.0,18.0
Ivica Zubac,942.0,592.0,62.84501061571125,1.256900212314225,70.27027027027027,53.29087048832272,0.0,62.84501061571125,502.0,71.31474103585657,,,,,80.0,127.0,214.0,55.0,156.0,236.0,1340.0,1.68503937007874,64.06333664805325,293.0,710.0
JD Davison,34.0,12.0,35.294117647058826,0.8235294117647058,41.666666666666664,17.647058823529413,52.94117647058824,41.17647058823529,6.0,66.66666666666666,18.0,22.22222222222222,3.0,33.33333333333333,14.0,13.0,13.0,5.0,5.0,7.0,33.0,1.0,44.49838187702266,2.0,11.0
JT Thor,59.0,25.0,42.3728813559322,0.9491525423728814,72.0,28.8135593220339,35.59322033898305,47.45762711864407,17.0,70.58823529411765,21.0,28.57142857142857,11.0,9.090909090909092,20.0,9.0,6.0,8.0,15.0,22.0,71.0,0.6666666666666666,51.68899242865462,20.0,28.0
Ja Morant,889.0,404.0,45.44431946006749,1.0078740157480315,31.93069306930693,29.358830146231725,32.05849268841395,50.39370078740157,261.0,62.83524904214559,285.0,30.87719298245614,53.0,32.075471698113205,50.0,185.0,364.0,61.0,263.0,319.0,1159.0,1.9675675675675677,56.29711665500893,34.0,171.0
Ja'Kobe Walter,393.0,159.0,40.458015267175576,0.9745547073791349,76.1006289308176,28.24427480916031,47.32824427480916,48.72773536895674,111.0,47.74774774774775,186.0,34.946236559139784,58.0,32.758620689655174,52.0,50.0,81.0,43.0,66.0,83.0,449.0,1.62,52.26764760663066,59.0,101.0
Jabari Smith Jr.,566.0,248.0,43.81625441696113,1.0494699646643109,72.58064516129032,21.908127208480565,48.93992932862191,52.473498233215544,124.0,64.51612903225806,277.0,35.37906137184115,65.0,35.38461538461539,57.0,61.0,60.0,25.0,104.0,126.0,698.0,0.9836065573770492,56.15988671472708,104.0,294.0
Jabari Walker,229.0,118.0,51.52838427947598,1.1528384279475983,71.1864406779661,51.96506550218341,31.4410480349345,57.64192139737992,119.0,66.38655462184873,72.0,38.88888888888889,35.0,48.57142857142857,58.0,34.0,38.0,33.0,49.0,71.0,313.0,1.1176470588235294,60.13679680295112,59.0,152.0
Jack McVeigh,17.0,5.0,29.41176470588235,0.8235294117647058,80.0,5.88235294117647,76.47058823529412,41.17647058823529,1.0,0.0,13.0,30.76923076923077,6.0,50.0,8.0,2.0,1.0,,,,14.0,0.5,,2.0,3.0
Jackson Rowe,17.0,8.0,47.05882352941177,1.1176470588235294,100.0,23.52941176470588,58.82352941176471,55.88235294117647,4.0,75.0,10.0,30.0,4.0,50.0,6.0,1.0,4.0,4.0,3.0,6.0,22.0,4.0,56.0081466395112,3.0,8.0
Jacob Toppin,22.0,9.0,40.90909090909091,1.0454545454545454,77.77777777777777,40.909090909090914,45.45454545454545,52.27272727272727,9.0,22.22222222222222,10.0,50.0,6.0,66.66666666666666,12.0,3.0,6.0,2.0,,,23.0,2.0,,3.0,12.0
Jaden Hardy,414.0,180.0,43.47826086956522,1.0531400966183575,55.0,18.84057971014493,47.58454106280193,52.65700483091788,78.0,56.41025641025641,197.0,38.578680203045685,49.0,38.775510204081634,57.0,82.0,81.0,28.0,60.0,86.0,496.0,0.9878048780487805,54.88668555240793,9.0,79.0
Jaden Ivey,413.0,190.0,46.00484261501211,1.0726392251815982,53.1578947368421,31.719128329297817,37.28813559322034,53.63196125907991,131.0,59.541984732824424,154.0,40.909090909090914,33.0,36.36363636363637,30.0,89.0,119.0,28.0,85.0,116.0,528.0,1.3370786516853932,56.891647271786915,40.0,85.0
Jaden McDaniels,834.0,398.0,47.721822541966425,1.0743405275779376,69.59798994974874,29.856115107913666,36.330935251798564,53.71702637889688,249.0,70.68273092369478,303.0,33.003300330033,163.0,31.901840490797547,82.0,95.0,163.0,110.0,104.0,128.0,1000.0,1.7157894736842105,56.159583071255284,130.0,341.0
Jaden Springer,90.0,35.0,38.888888888888886,0.9111111111111111,65.71428571428571,20.0,53.333333333333336,45.55555555555556,18.0,77.77777777777779,48.0,25.0,23.0,17.391304347826086,38.0,16.0,33.0,24.0,27.0,38.0,109.0,2.0625,51.06821589205397,17.0,41.0
Jae Crowder,22.0,7.0,31.818181818181817,0.8181818181818182,85.71428571428571,4.545454545454546,68.18181818181817,40.909090909090914,1.0,100.0,15.0,26.666666666666668,8.0,25.0,9.0,4.0,6.0,3.0,5.0,6.0,23.0,1.5,46.67207792207792,6.0,14.0
Jae'Sean Tate,148.0,70.0,47.2972972972973,1.054054054054054,62.857142857142854,37.16216216216216,31.08108108108108,52.702702702702695,55.0,67.27272727272727,46.0,34.78260869565217,31.0,45.16129032258064,49.0,22.0,47.0,26.0,32.0,47.0,188.0,2.1363636363636362,55.72682001422812,50.0,67.0
Jahmir Young,5.0,4.0,80.0,1.8,0.0,60.0,40.0,90.0,3.0,100.0,2.0,50.0,,,5.0,1.0,6.0,,2.0,2.0,11.0,6.0,93.5374149659864,1.0,2.0
Jaime Jaquez Jr.,462.0,213.0,46.103896103896105,1.0021645021645023,52.11267605633803,41.99134199134199,25.757575757575758,50.10822510822511,194.0,61.34020618556701,119.0,31.092436974789916,64.0,28.125,64.0,98.0,166.0,61.0,107.0,142.0,570.0,1.6938775510204083,54.33953630262355,84.0,206.0
Jake LaRavia,337.0,160.0,47.47774480712166,1.1275964391691395,72.5,32.640949554896146,42.13649851632047,56.37982195845698,110.0,67.27272727272727,142.0,42.25352112676056,38.0,36.84210526315789,66.0,86.0,158.0,62.0,78.0,115.0,458.0,1.8372093023255813,59.08152734778122,88.0,169.0
Jakob Poeltl,579.0,363.0,62.69430051813472,1.2556131260794474,74.65564738292011,53.71329879101899,0.5181347150259068,62.78065630397237,311.0,73.63344051446946,3.0,33.33333333333333,1.0,100.0,43.0,76.0,120.0,50.0,70.0,102.0,597.0,1.5789473684210527,47.845739565301024,127.0,257.0
Jalen Bridges,7.0,2.0,28.571428571428573,0.8571428571428571,100.0,0.0,100.0,42.857142857142854,,,7.0,28.57142857142857,3.0,66.66666666666666,7.0,4.0,,,3.0,4.0,9.0,,51.369863013698634,0.0,4.0
Jalen Brunson,1200.0,585.0,48.75,1.1016666666666666,29.4017094017094,18.833333333333332,33.08333333333333,55.08333333333333,226.0,64.15929203539822,397.0,38.287153652392945,59.0,40.67796610169492,65.0,164.0,475.0,60.0,368.0,448.0,1690.0,2.8963414634146343,60.481562070545124,27.0,159.0
Jalen Duren,546.0,378.0,69.23076923076923,1.3846153846153846,62.43386243386244,79.48717948717949,0.0,69.23076923076923,434.0,72.81105990783409,,,,,78.0,136.0,209.0,54.0,162.0,242.0,918.0,1.536764705882353,70.34698381559588,274.0,529.0
Jalen Green,1437.0,608.0,42.31036882393876,1.0090466249130132,36.8421052631579,24.28670842032011,45.99860821155185,50.45233124565066,349.0,64.18338108882521,661.0,35.400907715582456,74.0,37.83783783783784,82.0,203.0,282.0,71.0,273.0,336.0,1723.0,1.3891625615763548,54.358799626460716,45.0,331.0
Jalen Hood-Schifino,98.0,37.0,37.755102040816325,0.8979591836734694,40.54054054054054,14.285714285714285,46.93877551020408,44.89795918367347,14.0,35.714285714285715,46.0,30.434782608695656,6.0,50.0,14.0,18.0,37.0,5.0,18.0,21.0,106.0,2.0555555555555554,49.421857515852295,3.0,24.0
Jalen Johnson,542.0,271.0,50.0,1.081180811808118,67.89667896678966,40.774907749077485,26.014760147601475,54.05904059040591,221.0,71.94570135746606,141.0,31.20567375886525,44.0,31.818181818181817,36.0,106.0,181.0,56.0,94.0,126.0,680.0,1.7075471698113207,56.90948044991965,63.0,297.0
Jalen Pickett,180.0,77.0,42.77777777777778,1.0777777777777777,58.44155844155844,12.222222222222221,56.111111111111114,53.888888888888886,22.0,72.72727272727273,101.0,39.603960396039604,38.0,44.73684210526316,46.0,24.0,107.0,19.0,6.0,8.0,200.0,4.458333333333333,54.48997384481255,15.0,56.0
Jalen Smith,408.0,190.0,46.568627450980394,1.107843137254902,81.05263157894737,34.55882352941176,54.41176470588235,55.392156862745104,141.0,68.79432624113475,222.0,32.432432432432435,38.0,34.21052631578947,64.0,37.0,65.0,17.0,72.0,89.0,524.0,1.7567567567567568,58.592002862510064,88.0,268.0
Jalen Suggs,481.0,197.0,40.95634095634096,0.9771309771309772,43.14720812182741,17.463617463617464,50.311850311850314,48.85654885654886,84.0,73.80952380952381,242.0,31.40495867768595,36.0,44.44444444444444,35.0,102.0,129.0,51.0,97.0,110.0,567.0,1.2647058823529411,53.55119002644504,23.0,118.0
Jalen Williams,1168.0,565.0,48.37328767123287,1.0736301369863013,47.9646017699115,25.17123287671233,29.10958904109589,53.68150684931506,294.0,66.3265306122449,340.0,36.470588235294116,35.0,37.142857142857146,69.0,150.0,354.0,111.0,236.0,299.0,1490.0,2.36,57.327095324571395,59.0,309.0
Jalen Wilson,620.0,246.0,39.67741935483871,0.9903225806451613,79.67479674796748,23.225806451612904,58.387096774193544,49.516129032258064,144.0,61.80555555555556,362.0,33.70165745856354,113.0,33.6283185840708,79.0,79.0,145.0,40.0,135.0,165.0,749.0,1.8354430379746836,54.07161420733468,75.0,195.0
Jamal Cain,158.0,68.0,43.037974683544306,1.0253164556962024,70.58823529411765,24.050632911392405,50.63291139240506,51.26582278481012,38.0,65.78947368421053,80.0,32.5,39.0,30.76923076923077,34.0,22.0,22.0,23.0,34.0,50.0,196.0,1.0,54.44444444444444,27.0,58.0
Jamal Murray,1121.0,531.0,47.36842105263158,1.0865298840321143,43.12617702448211,19.090098126672615,35.41480820695807,54.32649420160571,214.0,64.48598130841121,397.0,39.29471032745592,40.0,37.5,67.0,138.0,403.0,91.0,218.0,246.0,1436.0,2.920289855072464,58.41007451758811,45.0,215.0
Jamal Shead,504.0,204.0,40.476190476190474,0.9523809523809523,56.86274509803921,21.23015873015873,44.24603174603175,47.61904761904761,107.0,58.87850467289719,223.0,32.28699551569507,35.0,40.0,75.0,117.0,316.0,58.0,53.0,69.0,533.0,2.700854700854701,49.87274496594056,30.0,85.0
Jamaree Bouyea,12.0,6.0,50.0,1.0833333333333333,33.333333333333336,33.33333333333333,41.66666666666667,54.166666666666664,4.0,75.0,5.0,20.0,,,4.0,8.0,10.0,4.0,4.0,6.0,17.0,1.25,58.06010928961748,1.0,4.0
James Harden,1295.0,531.0,41.003861003861005,1.0015444015444015,26.17702448210923,15.83011583011583,51.58301158301158,50.077220077220076,205.0,59.02439024390244,668.0,35.17964071856288,30.0,40.0,79.0,341.0,687.0,118.0,505.0,578.0,1802.0,2.0146627565982405,58.15454521983838,55.0,401.0
James Johnson,11.0,4.0,36.36363636363637,0.7272727272727273,75.0,36.36363636363637,27.27272727272727,36.36363636363637,4.0,75.0,3.0,0.0,,,9.0,4.0,4.0,,,1.0,8.0,1.0,34.96503496503497,0.0,6.0
James Wiseman,4.0,2.0,50.0,1.0,100.0,0.0,25.0,50.0,,,1.0,0.0,,,1.0,,,,2.0,2.0,6.0,,61.47540983606557,0.0,1.0
Jamison Battle,347.0,149.0,42.93948126801153,1.1613832853025936,92.61744966442953,11.815561959654179,74.63976945244957,58.06916426512968,41.0,53.65853658536586,259.0,40.54054054054054,108.0,40.74074074074074,57.0,27.0,53.0,17.0,16.0,18.0,419.0,1.962962962962963,59.027386453285246,37.0,121.0
Jarace Walker,360.0,170.0,47.22222222222222,1.1527777777777777,78.82352941176471,22.5,51.388888888888886,57.638888888888886,81.0,56.79012345679012,185.0,40.54054054054054,46.0,41.30434782608695,74.0,78.0,110.0,54.0,46.0,69.0,461.0,1.4102564102564104,59.04805820268469,25.0,204.0
Jared Butler,453.0,203.0,44.81236203090508,1.0286975717439293,41.37931034482759,23.62030905077263,37.30684326710817,51.434878587196465,107.0,67.28971962616822,169.0,35.50295857988166,38.0,44.73684210526316,59.0,80.0,220.0,42.0,75.0,91.0,541.0,2.75,54.863702742171014,25.0,84.0
Jared McCain,274.0,126.0,45.98540145985402,1.1058394160583942,51.58730158730159,25.547445255474454,48.54014598540146,55.29197080291971,70.0,58.57142857142858,133.0,38.34586466165413,30.0,33.33333333333333,23.0,37.0,60.0,15.0,49.0,56.0,352.0,1.6216216216216217,58.933833377980186,13.0,43.0
Jared Rhoden,87.0,42.0,48.275862068965516,1.103448275862069,71.42857142857143,47.12643678160919,44.827586206896555,55.172413793103445,41.0,68.29268292682927,39.0,30.76923076923077,18.0,44.44444444444444,14.0,9.0,16.0,10.0,22.0,25.0,118.0,1.7777777777777777,60.204081632653065,14.0,28.0
Jaren Jackson Jr.,1213.0,592.0,48.804616652926626,1.0964550700741962,57.432432432432435,16.40560593569662,32.069249793899424,54.82275350370981,199.0,64.321608040201,389.0,37.53213367609254,84.0,39.285714285714285,74.0,153.0,148.0,92.0,311.0,398.0,1641.0,0.9673202614379085,59.10872258882518,92.0,325.0
Jarred Vanderbilt,121.0,59.0,48.760330578512395,1.0495867768595042,74.57627118644068,65.28925619834712,26.446280991735538,52.47933884297521,79.0,60.75949367088608,32.0,28.125,26.0,34.61538461538461,36.0,29.0,41.0,35.0,20.0,36.0,147.0,1.4137931034482758,53.71236480561239,68.0,114.0
Jarrett Allen,640.0,452.0,70.625,1.4125,82.52212389380531,67.03125,0.78125,70.625,429.0,77.15617715617715,5.0,0.0,2.0,0.0,82.0,97.0,158.0,77.0,199.0,277.0,1103.0,1.6288659793814433,72.38672756864598,216.0,581.0
Javonte Green,287.0,123.0,42.857142857142854,1.0174216027874565,77.23577235772358,35.19163763066202,49.12891986062718,50.87108013937283,101.0,63.366336633663366,141.0,32.62411347517731,70.0,31.428571428571427,67.0,32.0,56.0,65.0,55.0,76.0,347.0,1.75,54.144301585320186,59.0,159.0
Jaxson Hayes,223.0,161.0,72.19730941704036,1.4439461883408071,85.71428571428571,80.71748878923766,1.345291479820628,72.19730941704036,180.0,80.55555555555556,3.0,0.0,1.0,0.0,56.0,43.0,58.0,31.0,61.0,98.0,383.0,1.3488372093023255,71.96001803697581,78.0,191.0
Jay Huff,305.0,157.0,51.47540983606557,1.2950819672131149,91.71974522292993,25.901639344262296,65.57377049180327,64.75409836065575,79.0,81.0126582278481,200.0,40.5,50.0,36.0,59.0,34.0,38.0,16.0,44.0,56.0,439.0,1.1176470588235294,66.58779274359908,30.0,99.0
Jaylen Brown,1118.0,518.0,46.33273703041145,1.0304114490161003,46.13899613899614,27.280858676207515,32.021466905187836,51.52057245080501,305.0,67.54098360655738,358.0,32.402234636871505,71.0,43.66197183098591,63.0,162.0,286.0,73.0,246.0,322.0,1398.0,1.7654320987654322,55.490283246538795,82.0,286.0
Jaylen Clark,120.0,56.0,46.666666666666664,1.1166666666666667,73.21428571428571,35.833333333333336,42.5,55.833333333333336,43.0,51.162790697674424,51.0,43.13725490196079,29.0,41.37931034482759,39.0,8.0,26.0,36.0,29.0,37.0,163.0,3.25,59.803346052245374,26.0,27.0
Jaylen Martin,74.0,31.0,41.891891891891895,0.9324324324324325,74.19354838709677,36.486486486486484,31.08108108108108,46.62162162162162,27.0,70.37037037037037,23.0,30.434782608695656,7.0,14.285714285714285,15.0,12.0,17.0,9.0,9.0,10.0,78.0,1.4166666666666667,49.74489795918367,11.0,33.0
Jaylen Nowell,73.0,26.0,35.61643835616438,0.821917808219178,50.0,16.43835616438356,36.986301369863014,41.0958904109589,12.0,50.0,27.0,29.629629629629626,6.0,50.0,8.0,8.0,18.0,1.0,7.0,11.0,67.0,2.25,43.036998972250764,6.0,14.0
Jaylen Sims,28.0,12.0,42.857142857142854,1.0714285714285714,75.0,17.857142857142858,53.57142857142857,53.57142857142857,5.0,80.0,15.0,40.0,3.0,33.33333333333333,6.0,8.0,12.0,3.0,12.0,15.0,42.0,1.5,60.69364161849711,3.0,3.0
Jaylen Wells,676.0,287.0,42.455621301775146,1.0532544378698225,77.70034843205575,16.86390532544379,57.98816568047337,52.662721893491124,114.0,69.2982456140351,392.0,35.204081632653065,154.0,36.36363636363637,79.0,69.0,135.0,44.0,111.0,135.0,823.0,1.9565217391304348,55.95594234430242,87.0,181.0
Jaylin Williams,221.0,97.0,43.89140271493213,1.1538461538461537,84.5360824742268,17.647058823529413,69.23076923076923,57.692307692307686,39.0,64.1025641025641,153.0,39.869281045751634,23.0,60.86956521739131,47.0,35.0,120.0,22.0,23.0,30.0,278.0,3.4285714285714284,59.35098206660974,48.0,214.0
Jaylon Tyson,149.0,64.0,42.95302013422819,0.9932885906040269,59.375,34.22818791946309,38.92617449664429,49.664429530201346,51.0,54.90196078431373,58.0,34.48275862068966,27.0,33.33333333333333,42.0,26.0,44.0,13.0,19.0,24.0,167.0,1.6923076923076923,52.331411381298565,37.0,59.0
Jayson Tatum,1465.0,662.0,45.18771331058021,1.0744027303754267,39.12386706948641,23.344709897610922,49.69283276450512,53.720136518771334,342.0,71.9298245614035,728.0,34.34065934065934,45.0,44.44444444444444,72.0,209.0,431.0,76.0,358.0,440.0,1932.0,2.062200956937799,58.24189075123598,47.0,574.0
Jazian Gortman,23.0,9.0,39.130434782608695,0.9565217391304348,44.44444444444444,17.391304347826086,47.82608695652174,47.82608695652174,4.0,50.0,11.0,36.36363636363637,5.0,40.0,11.0,5.0,6.0,2.0,2.0,4.0,24.0,1.2,48.46526655896607,1.0,4.0
Jeff Dowtin Jr.,230.0,112.0,48.69565217391305,1.0956521739130434,37.5,26.08695652173913,30.434782608695656,54.78260869565217,60.0,58.333333333333336,70.0,40.0,17.0,41.17647058823529,39.0,15.0,78.0,24.0,33.0,45.0,285.0,5.2,57.04563650920736,12.0,48.0
Jeff Green,121.0,61.0,50.413223140495866,1.2479338842975207,73.77049180327869,14.049586776859504,65.28925619834712,62.396694214876035,17.0,76.47058823529412,79.0,36.708860759493675,43.0,37.2093023255814,31.0,9.0,20.0,6.0,21.0,26.0,172.0,2.2222222222222223,64.93506493506493,11.0,47.0
Jerami Grant,574.0,214.0,37.282229965156795,0.9337979094076655,74.29906542056075,25.609756097560975,51.56794425087108,46.68989547038328,147.0,46.25850340136054,296.0,36.486486486486484,115.0,37.391304347826086,47.0,65.0,101.0,41.0,141.0,166.0,677.0,1.5538461538461539,52.315158259149364,26.0,137.0
Jeremiah Robinson-Earl,347.0,158.0,45.53314121037464,1.0720461095100864,79.11392405063292,34.00576368876081,47.262247838616716,53.602305475504316,118.0,64.40677966101694,164.0,34.146341463414636,92.0,43.47826086956522,64.0,51.0,88.0,39.0,46.0,55.0,418.0,1.7254901960784315,56.303879310344826,110.0,205.0
Jeremy Sochan,469.0,251.0,53.518123667377395,1.1300639658848615,76.89243027888446,62.046908315565034,19.402985074626866,56.50319829424307,291.0,68.04123711340206,91.0,30.76923076923077,38.0,28.947368421052634,54.0,84.0,128.0,45.0,87.0,125.0,617.0,1.5238095238095237,58.87404580152672,129.0,226.0
Jericho Sims,71.0,45.0,63.38028169014085,1.267605633802817,80.0,84.50704225352112,0.0,63.38028169014085,60.0,68.33333333333333,,,,,49.0,33.0,33.0,10.0,8.0,13.0,98.0,1.0,63.868613138686136,71.0,126.0
Jett Howard,262.0,98.0,37.404580152671755,0.9580152671755725,72.44897959183673,12.213740458015266,70.99236641221374,47.900763358778626,32.0,71.875,186.0,29.56989247311828,46.0,36.95652173913043,59.0,36.0,44.0,13.0,16.0,23.0,267.0,1.2222222222222223,49.05923857121858,20.0,50.0
Jevon Carter,146.0,55.0,37.67123287671233,0.9931506849315068,69.0909090909091,10.273972602739725,71.91780821917808,49.65753424657534,15.0,53.333333333333336,105.0,33.33333333333333,25.0,40.0,35.0,11.0,40.0,13.0,8.0,10.0,153.0,3.6363636363636362,50.86436170212766,4.0,35.0
Jimmy Butler III,597.0,301.0,50.41876046901172,1.0619765494137354,58.80398671096346,42.54606365159129,17.42043551088777,53.09882747068677,254.0,69.68503937007874,104.0,30.76923076923077,55.0,38.18181818181819,30.0,44.0,178.0,50.0,201.0,231.0,538.0,4.045454545454546,38.50337799152639,69.0,95.0
Jock Landale,152.0,81.0,53.28947368421053,1.138157894736842,66.66666666666667,44.73684210526316,17.105263157894736,56.9078947368421,68.0,64.70588235294117,26.0,42.30769230769231,2.0,0.0,41.0,21.0,37.0,13.0,27.0,40.0,200.0,1.7619047619047619,58.9622641509434,56.0,81.0
Joe Ingles,23.0,6.0,26.08695652173913,0.6521739130434783,100.0,4.3478260869565215,65.21739130434783,32.608695652173914,1.0,0.0,15.0,20.0,2.0,0.0,17.0,9.0,23.0,2.0,,,15.0,2.5555555555555554,,2.0,9.0
Joel Embiid,315.0,140.0,44.44444444444444,0.9619047619047619,60.714285714285715,24.761904761904763,24.444444444444443,48.095238095238095,78.0,62.82051282051282,77.0,29.87012987012987,,,19.0,62.0,85.0,14.0,149.0,169.0,452.0,1.3709677419354838,58.04396959112389,37.0,118.0
John Collins,531.0,280.0,52.73069679849341,1.1657250470809792,71.42857142857143,32.7683615819209,27.87193973634652,58.28625235404896,174.0,67.81609195402298,148.0,39.86486486486486,58.0,43.103448275862064,40.0,103.0,80.0,39.0,139.0,164.0,758.0,0.7766990291262136,62.83573181245441,88.0,237.0
John Konchar,91.0,41.0,45.05494505494506,1.1538461538461537,85.36585365853658,26.373626373626376,68.13186813186813,57.692307692307686,24.0,70.83333333333334,62.0,37.096774193548384,33.0,36.36363636363637,41.0,16.0,42.0,30.0,7.0,8.0,112.0,2.625,59.246720270842154,37.0,114.0
Johnny Davis,78.0,32.0,41.02564102564103,0.9102564102564102,75.0,32.05128205128205,37.17948717948718,45.51282051282051,25.0,64.0,29.0,24.137931034482758,12.0,16.666666666666664,31.0,7.0,11.0,15.0,9.0,15.0,80.0,1.5714285714285714,47.28132387706856,10.0,28.0
Johnny Furphy,92.0,35.0,38.04347826086956,0.9239130434782609,88.57142857142857,33.69565217391305,54.347826086956516,46.19565217391305,31.0,54.83870967741935,50.0,30.0,22.0,36.36363636363637,40.0,12.0,19.0,18.0,18.0,22.0,103.0,1.5833333333333333,50.649095200629425,22.0,48.0
Johnny Juzang,475.0,204.0,42.94736842105263,1.1073684210526316,76.96078431372548,11.368421052631579,66.10526315789474,55.368421052631575,54.0,66.66666666666666,314.0,37.57961783439491,129.0,41.08527131782946,64.0,36.0,68.0,39.0,45.0,53.0,571.0,1.8888888888888888,57.29250280943972,42.0,142.0
Jonas Valančiūnas,627.0,345.0,55.02392344497608,1.1132376395534291,58.26086956521739,41.46730462519936,5.901116427432217,55.661881977671456,260.0,68.07692307692308,37.0,21.62162162162162,3.0,0.0,81.0,120.0,164.0,37.0,145.0,165.0,843.0,1.3666666666666667,60.24871355060034,189.0,436.0
Jonathan Isaac,324.0,134.0,41.358024691358025,0.9475308641975309,67.91044776119404,36.7283950617284,46.60493827160494,47.376543209876544,119.0,64.70588235294117,151.0,25.82781456953642,97.0,30.927835051546392,71.0,33.0,40.0,61.0,73.0,107.0,380.0,1.2121212121212122,51.20189716503181,120.0,194.0
Jonathan Kuminga,568.0,258.0,45.42253521126761,0.9894366197183099,58.52713178294574,30.985915492957744,26.58450704225352,49.471830985915496,176.0,71.5909090909091,151.0,30.4635761589404,46.0,28.26086956521739,47.0,71.0,104.0,38.0,157.0,235.0,719.0,1.4647887323943662,53.544831694965744,56.0,161.0
Jonathan Mogbo,356.0,156.0,43.82022471910113,0.9241573033707865,74.35897435897436,52.80898876404494,19.662921348314608,46.20786516853933,188.0,59.04255319148937,70.0,24.285714285714285,33.0,30.303030303030305,62.0,70.0,146.0,55.0,60.0,82.0,389.0,2.085714285714286,49.607223015711085,109.0,203.0
Jordan Clarkson,493.0,201.0,40.77079107505071,0.9858012170385395,45.27363184079602,11.967545638945234,47.05882352941176,49.290060851926974,59.0,57.6271186440678,232.0,36.206896551724135,26.0,46.15384615384615,37.0,86.0,138.0,31.0,114.0,143.0,600.0,1.6046511627906976,53.96459922290977,25.0,93.0
Jordan Goodwin,144.0,63.0,43.75,1.0555555555555556,66.66666666666667,18.75,47.22222222222222,52.77777777777778,27.0,51.85185185185185,68.0,38.23529411764706,33.0,39.39393939393939,29.0,26.0,42.0,30.0,9.0,11.0,161.0,1.6153846153846154,54.084923407686105,38.0,74.0
Jordan Hawkins,556.0,207.0,37.23021582733813,0.9424460431654677,77.77777777777777,10.431654676258994,59.71223021582733,47.122302158273385,58.0,55.172413793103445,332.0,33.13253012048193,87.0,40.229885057471265,56.0,58.0,66.0,30.0,80.0,98.0,604.0,1.1379310344827587,50.407263987181196,25.0,133.0
Jordan McLaughlin,72.0,31.0,43.05555555555556,1.125,58.064516129032256,13.88888888888889,63.888888888888886,56.25,10.0,60.0,46.0,41.30434782608695,13.0,23.076923076923077,40.0,17.0,51.0,16.0,17.0,22.0,98.0,3.0,59.99020568070519,6.0,24.0
Jordan Miller,134.0,58.0,43.28358208955224,0.9253731343283582,55.172413793103445,43.28358208955223,28.35820895522388,46.26865671641791,58.0,56.896551724137936,38.0,21.052631578947366,13.0,15.384615384615385,32.0,26.0,34.0,17.0,28.0,35.0,152.0,1.3076923076923077,50.870147255689425,23.0,35.0
Jordan Poole,1057.0,457.0,43.23557237464522,1.087038789025544,46.38949671772429,20.908230842005675,58.84578997161779,54.3519394512772,221.0,67.87330316742081,622.0,37.78135048231511,57.0,33.33333333333333,68.0,204.0,302.0,86.0,242.0,274.0,1391.0,1.4803921568627452,59.06280783994022,31.0,171.0
Jordan Walsh,83.0,30.0,36.144578313253014,0.9036144578313253,73.33333333333333,21.686746987951807,66.26506024096386,45.18072289156627,18.0,66.66666666666666,55.0,27.27272727272727,24.0,25.0,48.0,17.0,19.0,12.0,7.0,12.0,82.0,1.1176470588235294,46.443135478024466,23.0,46.0
Jose Alvarado,521.0,204.0,39.15547024952016,0.9961612284069098,55.3921568627451,15.163147792706333,59.309021113243766,49.80806142034549,79.0,54.43037974683544,309.0,35.92233009708738,64.0,35.9375,56.0,86.0,259.0,74.0,60.0,74.0,579.0,3.011627906976744,52.29785389117711,27.0,109.0
Josh Christopher,31.0,11.0,35.483870967741936,0.7741935483870968,63.63636363636363,41.935483870967744,35.483870967741936,38.70967741935484,13.0,53.84615384615385,11.0,18.181818181818183,2.0,0.0,12.0,6.0,8.0,5.0,4.0,6.0,28.0,1.3333333333333333,41.61712247324614,0.0,9.0
Josh Giddey,798.0,371.0,46.49122807017544,1.0614035087719298,54.98652291105121,31.954887218045116,34.83709273182957,53.07017543859649,255.0,57.647058823529406,278.0,37.76978417266187,79.0,39.24050632911392,70.0,202.0,503.0,84.0,175.0,224.0,1022.0,2.49009900990099,56.99562773266709,127.0,439.0
Josh Green,421.0,180.0,42.75534441805225,1.0855106888361046,81.11111111111111,20.902612826603324,58.90736342042755,54.27553444180523,88.0,60.22727272727273,248.0,39.11290322580645,153.0,41.17647058823529,68.0,70.0,108.0,74.0,49.0,72.0,506.0,1.542857142857143,55.88936997437484,56.0,116.0
Josh Hart,770.0,404.0,52.467532467532465,1.1584415584415584,66.58415841584159,45.19480519480519,32.72727272727273,57.92207792207792,348.0,70.6896551724138,252.0,33.33333333333333,66.0,30.303030303030305,77.0,158.0,453.0,119.0,159.0,205.0,1051.0,2.867088607594937,61.09044408277144,162.0,576.0
Josh Minott,90.0,44.0,48.888888888888886,1.1333333333333333,79.54545454545455,43.333333333333336,47.77777777777778,56.666666666666664,39.0,64.1025641025641,43.0,32.55813953488372,26.0,34.61538461538461,42.0,11.0,18.0,15.0,17.0,19.0,119.0,1.6363636363636365,60.492069947132975,12.0,34.0
Josh Okogie,212.0,94.0,44.339622641509436,1.0377358490566038,75.53191489361703,34.43396226415094,43.39622641509434,51.886792452830186,73.0,65.75342465753424,92.0,34.78260869565217,49.0,38.775510204081634,40.0,31.0,33.0,48.0,63.0,85.0,283.0,1.064516129032258,56.73616680032077,45.0,68.0
Josh Richardson,38.0,11.0,28.94736842105263,0.7368421052631579,100.0,10.526315789473683,57.89473684210527,36.84210526315789,4.0,50.0,22.0,27.27272727272727,6.0,16.666666666666664,8.0,8.0,12.0,8.0,4.0,4.0,32.0,1.5,40.24144869215292,6.0,6.0
Jrue Holiday,573.0,254.0,44.32809773123909,1.075043630017452,64.96062992125984,23.036649214659686,53.403141361256544,53.752181500872595,132.0,70.45454545454545,306.0,35.294117647058826,102.0,30.392156862745097,62.0,77.0,239.0,66.0,70.0,77.0,686.0,3.103896103896104,56.51858687055101,76.0,189.0
Julian Champagnie,665.0,276.0,41.50375939849624,1.0977443609022557,88.76811594202898,18.947368421052634,72.18045112781954,54.88721804511278,126.0,63.49206349206349,480.0,37.083333333333336,152.0,40.78947368421053,82.0,74.0,111.0,61.0,85.0,94.0,815.0,1.5,57.690129678917266,67.0,251.0
Julian Phillips,287.0,128.0,44.599303135888505,1.0662020905923344,80.46875,35.88850174216028,53.31010452961672,53.31010452961672,103.0,61.165048543689316,153.0,32.6797385620915,103.0,39.80582524271845,79.0,27.0,39.0,38.0,60.0,76.0,366.0,1.4444444444444444,57.10897515915616,67.0,102.0
Julian Strawther,486.0,210.0,43.20987654320987,1.0576131687242798,80.0,18.31275720164609,55.349794238683124,52.88065843621399,89.0,65.1685393258427,269.0,34.94423791821561,42.0,50.0,64.0,57.0,83.0,39.0,74.0,90.0,588.0,1.456140350877193,55.93607305936072,17.0,124.0
Julius Randle,939.0,455.0,48.45580404685836,1.0841320553780618,54.065934065934066,31.309904153354633,33.43982960596379,54.20660276890309,294.0,70.06802721088435,314.0,34.394904458598724,74.0,29.72972972972973,69.0,196.0,323.0,47.0,270.0,335.0,1288.0,1.6479591836734695,59.27835051546392,144.0,343.0
Justin Champagnie,411.0,210.0,51.09489051094891,1.2019464720194648,71.42857142857143,37.22627737226277,46.95863746958637,60.09732360097324,153.0,72.54901960784314,193.0,38.34196891191709,64.0,35.9375,60.0,54.0,60.0,65.0,50.0,73.0,544.0,1.1111111111111112,61.382921104892574,112.0,238.0
Justin Edwards,378.0,172.0,45.5026455026455,1.0925925925925926,69.76744186046511,24.6031746031746,50.264550264550266,54.629629629629626,93.0,63.44086021505376,190.0,36.31578947368421,50.0,40.0,43.0,49.0,69.0,45.0,32.0,46.0,445.0,1.4081632653061225,55.870831659300926,46.0,102.0
Justin Minaya,21.0,8.0,38.095238095238095,0.8571428571428571,62.5,38.095238095238095,47.61904761904761,42.857142857142854,8.0,50.0,10.0,20.0,3.0,33.33333333333333,13.0,5.0,7.0,6.0,,2.0,18.0,1.4,41.13345521023766,4.0,5.0
Jusuf Nurkić,352.0,168.0,47.72727272727273,1.0454545454545454,73.21428571428571,38.63636363636363,29.829545454545453,52.27272727272727,136.0,62.5,105.0,30.476190476190478,12.0,41.66666666666667,51.0,97.0,115.0,40.0,85.0,128.0,453.0,1.1855670103092784,55.47119905956113,85.0,312.0
KJ Martin,201.0,111.0,55.223880597014926,1.1791044776119404,86.48648648648648,52.23880597014925,28.855721393034827,58.95522388059702,105.0,68.57142857142857,58.0,25.862068965517242,44.0,31.818181818181817,43.0,24.0,48.0,17.0,37.0,47.0,274.0,2.0,61.80079393720678,30.0,95.0
KJ Simpson,301.0,104.0,34.5514950166113,0.8006644518272426,43.26923076923077,20.930232558139537,43.18936877076412,40.033222591362126,63.0,61.904761904761905,130.0,25.384615384615383,19.0,26.31578947368421,36.0,56.0,112.0,34.0,41.0,50.0,282.0,2.0,43.653250773993804,39.0,70.0
Kai Jones,109.0,87.0,79.81651376146789,1.6055045871559632,82.75862068965517,68.80733944954129,4.587155963302752,80.27522935779817,75.0,94.66666666666667,5.0,20.0,1.0,0.0,37.0,18.0,25.0,15.0,23.0,32.0,198.0,1.3888888888888888,80.43548911277219,40.0,84.0
Karl-Anthony Towns,1215.0,639.0,52.592592592592595,1.168724279835391,67.13615023474179,42.30452674897119,27.818930041152264,58.43621399176955,514.0,66.9260700389105,338.0,42.01183431952663,22.0,31.818181818181817,72.0,192.0,222.0,71.0,339.0,409.0,1759.0,1.15625,63.04840282158628,210.0,707.0
Karlo Matković,235.0,135.0,57.4468085106383,1.2382978723404254,77.03703703703704,47.65957446808511,28.085106382978726,61.91489361702127,112.0,75.89285714285714,66.0,31.818181818181817,36.0,36.11111111111111,37.0,39.0,46.0,19.0,34.0,44.0,321.0,1.1794871794871795,63.0995439534518,59.0,141.0
Kawhi Leonard,623.0,310.0,49.75922953451043,1.1203852327447834,49.354838709677416,18.619582664526487,30.497592295345104,56.01926163723917,116.0,72.41379310344827,190.0,41.05263157894737,28.0,39.285714285714285,37.0,72.0,116.0,59.0,98.0,121.0,796.0,1.6111111111111112,58.854844433928776,35.0,183.0
Keaton Wallace,162.0,65.0,40.123456790123456,0.9691358024691358,50.76923076923077,9.876543209876543,50.617283950617285,48.45679012345679,16.0,56.25,82.0,32.926829268292686,10.0,40.0,30.0,33.0,81.0,28.0,11.0,11.0,168.0,2.4545454545454546,50.34763845600575,7.0,43.0
Keegan Murray,820.0,364.0,44.390243902439025,1.075609756097561,79.3956043956044,18.902439024390244,54.75609756097561,53.78048780487805,155.0,77.41935483870968,449.0,34.29844097995546,135.0,37.77777777777778,76.0,60.0,109.0,61.0,60.0,72.0,942.0,1.8166666666666667,55.302461018222814,145.0,360.0
Keion Brooks Jr.,109.0,53.0,48.62385321100918,1.1009174311926606,79.24528301886792,30.275229357798167,39.44954128440367,55.04587155963303,33.0,72.72727272727273,43.0,32.55813953488372,17.0,41.17647058823529,14.0,12.0,13.0,10.0,22.0,30.0,142.0,1.0833333333333333,58.10147299509002,12.0,46.0
Kel'el Ware,464.0,257.0,55.38793103448276,1.1831896551724137,79.37743190661479,49.78448275862069,23.92241379310345,59.15948275862068,231.0,70.12987012987013,111.0,31.53153153153153,21.0,19.047619047619047,63.0,57.0,60.0,39.0,46.0,67.0,595.0,1.0526315789473684,60.286131150198585,116.0,357.0
Keldon Johnson,770.0,371.0,48.18181818181818,1.0766233766233766,69.00269541778975,42.077922077922075,35.58441558441559,53.83116883116883,324.0,66.66666666666666,274.0,31.751824817518248,99.0,27.27272727272727,77.0,77.0,125.0,49.0,150.0,194.0,979.0,1.6233766233766234,57.22736625514403,112.0,257.0
Kelly Olynyk,268.0,134.0,50.0,1.123134328358209,62.6865671641791,41.04477611940299,29.47761194029851,56.156716417910445,110.0,63.63636363636363,79.0,41.77215189873418,10.0,60.0,44.0,76.0,128.0,33.0,83.0,108.0,384.0,1.6842105263157894,60.85192697768763,62.0,144.0
Kelly Oubre Jr.,741.0,348.0,46.963562753036435,1.0350877192982457,62.35632183908046,39.13630229419703,32.65856950067476,51.75438596491229,290.0,66.55172413793103,242.0,29.338842975206614,85.0,35.294117647058826,60.0,80.0,108.0,92.0,139.0,185.0,906.0,1.35,55.08268482490273,97.0,271.0
Kenrich Williams,354.0,171.0,48.30508474576271,1.152542372881356,75.43859649122807,29.09604519774011,48.30508474576271,57.6271186440678,103.0,68.93203883495146,171.0,38.59649122807017,46.0,41.30434782608695,69.0,39.0,97.0,43.0,28.0,39.0,436.0,2.4871794871794872,58.73477745446707,65.0,176.0
Kentavious Caldwell-Pope,544.0,239.0,43.93382352941177,1.0863970588235294,80.75313807531381,13.970588235294118,60.66176470588235,54.31985294117647,76.0,73.68421052631578,330.0,34.24242424242424,119.0,34.45378151260504,77.0,62.0,136.0,99.0,82.0,95.0,673.0,2.193548387096774,57.44281324684193,33.0,136.0
Keon Ellis,464.0,227.0,48.922413793103445,1.2780172413793103,82.81938325991189,13.577586206896552,69.18103448275862,63.900862068965516,63.0,79.36507936507937,321.0,43.30218068535825,108.0,50.0,80.0,71.0,120.0,121.0,73.0,86.0,666.0,1.6901408450704225,66.35581061692969,60.0,151.0
Keon Johnson,779.0,303.0,38.89602053915276,0.9396662387676509,68.31683168316832,28.369704749679077,51.47625160462132,46.98331193838254,221.0,54.29864253393665,401.0,31.421446384039903,122.0,31.967213114754102,79.0,116.0,175.0,82.0,107.0,139.0,839.0,1.5086206896551724,49.93096553037517,63.0,234.0
Keshad Johnson,26.0,18.0,69.23076923076923,1.5,66.66666666666667,69.23076923076923,26.923076923076923,75.0,18.0,83.33333333333334,7.0,42.857142857142854,1.0,0.0,13.0,4.0,4.0,5.0,4.0,9.0,43.0,1.0,71.76234979973297,6.0,21.0
Kessler Edwards,135.0,67.0,49.629629629629626,1.1555555555555554,88.05970149253731,36.2962962962963,40.0,57.77777777777777,49.0,65.3061224489796,54.0,40.74074074074074,28.0,35.714285714285715,31.0,16.0,42.0,19.0,12.0,13.0,168.0,2.625,59.693007390562826,22.0,93.0
Kevin Durant,1124.0,592.0,52.669039145907476,1.195729537366548,55.57432432432432,11.032028469750891,33.096085409252666,59.7864768683274,124.0,79.03225806451613,372.0,43.01075268817204,88.0,50.0,62.0,190.0,263.0,50.0,303.0,361.0,1647.0,1.3842105263157896,64.1935081537838,24.0,351.0
Kevin Huerter,604.0,257.0,42.549668874172184,1.0695364238410596,84.8249027237354,16.721854304635762,64.73509933774835,53.47682119205298,101.0,73.26732673267327,391.0,33.75959079283887,96.0,40.625,69.0,67.0,156.0,66.0,35.0,49.0,681.0,2.328358208955224,54.431229618262044,30.0,175.0
Kevin Knox II,36.0,18.0,50.0,1.1111111111111112,72.22222222222223,27.77777777777778,41.66666666666667,55.55555555555556,10.0,70.0,15.0,26.666666666666668,6.0,16.666666666666664,13.0,4.0,5.0,2.0,6.0,8.0,46.0,1.25,58.19838056680161,7.0,10.0
Kevin Love,115.0,41.0,35.65217391304348,0.9217391304347826,73.17073170731707,23.47826086956522,58.26086956521739,46.08695652173913,27.0,40.74074074074074,67.0,35.82089552238806,14.0,35.714285714285715,23.0,14.0,22.0,15.0,16.0,23.0,122.0,1.5714285714285714,48.75319693094629,22.0,72.0
Kevin McCullar Jr.,7.0,2.0,28.571428571428573,0.5714285714285714,50.0,28.57142857142857,14.285714285714285,28.57142857142857,2.0,100.0,1.0,0.0,,,3.0,,2.0,1.0,2.0,2.0,6.0,,38.07106598984772,0.0,8.0
Kevin Porter Jr.,652.0,293.0,44.938650306748464,0.9831288343558282,30.37542662116041,21.472392638036812,27.14723926380368,49.15644171779141,140.0,62.142857142857146,177.0,31.07344632768362,24.0,41.66666666666667,75.0,136.0,256.0,81.0,130.0,169.0,771.0,1.8823529411764706,53.07285643482571,42.0,236.0
Kevon Looney,278.0,143.0,51.43884892086331,1.0359712230215827,57.34265734265734,66.90647482014388,1.7985611510791366,51.798561151079134,186.0,63.97849462365591,5.0,40.0,2.0,100.0,76.0,39.0,118.0,46.0,56.0,99.0,344.0,3.0256410256410255,53.489239955218316,184.0,278.0
Keyonte George,919.0,359.0,39.06420021762786,0.970620239390642,53.48189415041783,10.990206746463548,55.16866158868336,48.5310119695321,101.0,61.386138613861384,507.0,34.319526627218934,74.0,48.64864864864865,67.0,183.0,377.0,46.0,233.0,285.0,1125.0,2.060109289617486,53.85867483722711,25.0,226.0
Khris Middleton,337.0,160.0,47.47774480712166,1.0919881305637982,50.625,9.495548961424333,39.46587537091988,54.59940652818991,32.0,62.5,133.0,36.09022556390977,22.0,31.818181818181817,37.0,56.0,150.0,35.0,72.0,84.0,440.0,2.6785714285714284,58.82982137126965,13.0,124.0
Killian Hayes,43.0,18.0,41.86046511627907,1.0232558139534884,66.66666666666667,20.930232558139537,48.837209302325576,51.162790697674424,9.0,66.66666666666666,21.0,38.095238095238095,3.0,33.33333333333333,6.0,9.0,31.0,4.0,10.0,12.0,54.0,3.4444444444444446,55.92377796188897,5.0,13.0
Klay Thompson,877.0,361.0,41.163055872291906,1.0695553021664765,84.21052631578948,8.095781071835804,63.055872291904215,53.47776510832383,71.0,67.6056338028169,553.0,39.059674502712475,156.0,38.46153846153847,72.0,88.0,145.0,50.0,67.0,74.0,1005.0,1.6477272727272727,55.24649280971019,45.0,202.0
Kobe Brown,72.0,33.0,45.833333333333336,1.0,63.63636363636363,44.44444444444444,36.11111111111111,50.0,32.0,62.5,26.0,23.076923076923077,6.0,50.0,34.0,12.0,24.0,7.0,5.0,7.0,77.0,2.0,51.278636121470434,19.0,46.0
Kobe Bufkin,47.0,18.0,38.297872340425535,0.851063829787234,55.55555555555556,29.78723404255319,40.42553191489361,42.5531914893617,14.0,50.0,19.0,21.052631578947366,6.0,16.666666666666664,10.0,8.0,17.0,3.0,13.0,18.0,53.0,2.125,48.25200291332848,5.0,16.0
Kris Dunn,437.0,192.0,43.93592677345538,1.0503432494279177,70.3125,20.36613272311213,51.25858123569794,52.517162471395885,89.0,69.66292134831461,224.0,33.482142857142854,112.0,34.82142857142857,74.0,74.0,210.0,128.0,15.0,22.0,474.0,2.8378378378378377,53.05811766812931,53.0,198.0
Kris Murray,279.0,117.0,41.935483870967744,0.9354838709677419,67.52136752136752,44.80286738351255,43.01075268817204,46.774193548387096,125.0,62.4,120.0,22.5,61.0,27.86885245901639,66.0,43.0,68.0,35.0,26.0,57.0,287.0,1.5813953488372092,47.19152854511971,77.0,106.0
Kristaps Porziņģis,574.0,277.0,48.257839721254356,1.1445993031358885,84.83754512635379,21.951219512195124,43.55400696864111,57.22996515679443,126.0,69.04761904761905,250.0,41.199999999999996,17.0,35.294117647058826,42.0,53.0,87.0,31.0,161.0,199.0,818.0,1.6415094339622642,61.82356853497794,68.0,216.0
Kyle Anderson,303.0,142.0,46.864686468646866,1.0198019801980198,57.74647887323944,26.732673267326735,23.1023102310231,50.99009900990099,81.0,70.37037037037037,70.0,35.714285714285715,33.0,42.42424242424242,61.0,37.0,145.0,40.0,48.0,65.0,357.0,3.918918918918919,53.82991556091676,53.0,152.0
Kyle Filipowski,518.0,260.0,50.19305019305019,1.1525096525096525,68.46153846153847,30.115830115830118,42.471042471042466,57.625482625482626,156.0,66.66666666666666,220.0,35.0,77.0,37.66233766233766,71.0,102.0,140.0,48.0,93.0,143.0,690.0,1.3725490196078431,59.388556083453835,109.0,328.0
Kyle Kuzma,848.0,370.0,43.632075471698116,0.9858490566037735,64.5945945945946,27.830188679245282,36.910377358490564,49.29245283018868,236.0,69.91525423728814,313.0,30.670926517571885,85.0,34.11764705882353,65.0,146.0,152.0,36.0,128.0,202.0,964.0,1.0410958904109588,51.44735718555204,54.0,316.0
Kyle Lowry,117.0,41.0,35.042735042735046,0.9487179487179487,85.36585365853658,5.128205128205128,75.21367521367522,47.43589743589743,6.0,66.66666666666666,88.0,32.95454545454545,20.0,35.0,36.0,21.0,96.0,33.0,27.0,33.0,138.0,4.571428571428571,52.46350364963504,11.0,56.0
Kylor Kelley,22.0,14.0,63.63636363636363,1.2727272727272727,85.71428571428571,59.09090909090909,0.0,63.63636363636363,13.0,69.23076923076923,,,,,10.0,4.0,5.0,1.0,6.0,10.0,34.0,1.25,64.39393939393939,12.0,27.0
Kyrie Irving,945.0,447.0,47.301587301587304,1.0984126984126985,42.05816554809844,19.894179894179896,37.98941798941799,54.920634920634924,188.0,67.5531914893617,359.0,40.11142061281337,60.0,50.0,50.0,111.0,231.0,66.0,196.0,214.0,1234.0,2.081081081081081,59.37487971053543,60.0,179.0
Kyshawn George,546.0,203.0,37.17948717948718,0.9523809523809523,76.84729064039409,20.146520146520146,64.83516483516483,47.61904761904761,110.0,57.27272727272727,354.0,32.20338983050847,74.0,35.13513513513514,68.0,97.0,169.0,68.0,70.0,93.0,590.0,1.7422680412371134,50.262386696653714,49.0,236.0
LaMelo Ball,1003.0,406.0,40.47856430707876,0.9880358923230309,40.39408866995074,17.846460618145564,52.64207377866401,49.40179461615155,179.0,53.63128491620112,528.0,33.90151515151515,50.0,32.0,47.0,167.0,346.0,54.0,193.0,229.0,1184.0,2.07185628742515,53.6348481553961,47.0,185.0
Lamar Stevens,63.0,29.0,46.03174603174603,1.0476190476190477,62.06896551724138,30.158730158730158,42.857142857142854,52.38095238095239,19.0,52.63157894736842,27.0,29.629629629629626,10.0,20.0,16.0,10.0,8.0,5.0,8.0,11.0,74.0,0.8,54.540094339622634,4.0,34.0
Landry Shamet,230.0,106.0,46.08695652173913,1.191304347826087,87.73584905660377,15.217391304347828,67.82608695652173,59.56521739130435,35.0,68.57142857142857,156.0,39.743589743589745,64.0,45.3125,50.0,22.0,27.0,23.0,12.0,18.0,286.0,1.2272727272727273,60.10423671822461,11.0,50.0
Larry Nance Jr.,155.0,80.0,51.61290322580645,1.2516129032258065,90.0,30.967741935483872,49.03225806451613,62.58064516129033,48.0,68.75,76.0,44.73684210526316,28.0,46.42857142857143,24.0,16.0,38.0,20.0,9.0,13.0,203.0,2.375,63.153310104529616,23.0,80.0
Lauri Markkanen,700.0,296.0,42.285714285714285,1.042857142857143,81.75675675675676,20.142857142857142,56.99999999999999,52.142857142857146,141.0,63.829787234042556,399.0,34.58646616541353,73.0,41.0958904109589,47.0,66.0,70.0,33.0,162.0,185.0,892.0,1.0606060606060606,57.077041208088055,71.0,206.0
LeBron James,1270.0,651.0,51.25984251968504,1.1425196850393702,45.314900153609834,30.393700787401574,31.181102362204726,57.12598425196851,386.0,74.35233160621762,396.0,37.62626262626262,37.0,35.13513513513514,70.0,260.0,575.0,70.0,259.0,331.0,1710.0,2.2115384615384617,60.396711028227514,72.0,474.0
Leonard Miller,15.0,6.0,40.0,0.8,66.66666666666667,46.666666666666664,33.33333333333333,40.0,7.0,71.42857142857143,5.0,0.0,,,10.0,2.0,,2.0,8.0,8.0,20.0,,53.99568034557235,2.0,8.0
Lester Quinones,78.0,31.0,39.743589743589745,0.9615384615384616,64.51612903225806,25.64102564102564,56.41025641025641,48.07692307692308,20.0,75.0,44.0,29.545454545454547,7.0,28.57142857142857,13.0,14.0,24.0,3.0,11.0,13.0,86.0,1.7142857142857142,51.36168179646441,4.0,15.0
Liam Robbins,8.0,2.0,25.0,0.5,100.0,50.0,25.0,25.0,4.0,25.0,2.0,0.0,,,10.0,6.0,2.0,2.0,5.0,10.0,9.0,0.3333333333333333,36.29032258064516,7.0,5.0
Lindy Waters III,249.0,92.0,36.94779116465863,0.9959839357429718,86.95652173913044,9.236947791164658,74.69879518072288,49.79919678714859,23.0,56.52173913043478,186.0,34.40860215053764,58.0,32.758620689655174,51.0,20.0,52.0,27.0,8.0,11.0,256.0,2.6,50.42546485975418,20.0,90.0
Lonnie Walker IV,212.0,89.0,41.9811320754717,1.0518867924528301,68.53932584269663,18.39622641509434,59.905660377358494,52.594339622641506,39.0,61.53846153846154,127.0,35.43307086614173,19.0,31.57894736842105,20.0,25.0,50.0,10.0,24.0,30.0,247.0,2.0,54.84014209591474,6.0,56.0
Lonzo Ball,243.0,89.0,36.62551440329218,1.008230452674897,79.7752808988764,8.23045267489712,80.24691358024691,50.41152263374485,20.0,55.00000000000001,195.0,34.35897435897436,44.0,38.63636363636363,35.0,41.0,115.0,47.0,22.0,27.0,267.0,2.8048780487804876,52.37758945386064,25.0,93.0
Luguentz Dort,593.0,258.0,43.507588532883645,1.1568296795952782,86.04651162790698,15.851602023608768,69.64586846543001,57.84148397976391,94.0,57.446808510638306,413.0,41.162227602905574,112.0,41.964285714285715,71.0,51.0,115.0,79.0,33.0,46.0,719.0,2.2549019607843137,58.62305133389864,89.0,202.0
Luka Dončić,1025.0,461.0,44.97560975609756,1.0721951219512196,32.971800433839476,15.414634146341463,46.92682926829268,53.609756097560975,158.0,70.88607594936708,481.0,36.7983367983368,25.0,40.0,50.0,179.0,383.0,89.0,309.0,395.0,1408.0,2.1396648044692737,58.72539205872539,40.0,367.0
Luka Garza,105.0,52.0,49.523809523809526,1.0857142857142856,76.92307692307692,36.19047619047619,34.285714285714285,54.285714285714285,38.0,68.42105263157895,36.0,27.77777777777778,3.0,0.0,38.0,12.0,11.0,6.0,24.0,35.0,138.0,0.9166666666666666,57.30897009966777,31.0,23.0
Luke Kennard,431.0,206.0,47.79582366589327,1.2180974477958237,76.2135922330097,10.672853828306264,60.556844547563806,60.90487238979119,46.0,71.73913043478261,261.0,43.29501915708812,66.0,51.515151515151516,65.0,72.0,215.0,50.0,51.0,57.0,576.0,2.986111111111111,63.146816348009125,37.0,145.0
Luke Kornet,280.0,187.0,66.78571428571429,1.3357142857142856,69.5187165775401,80.35714285714286,1.0714285714285714,66.78571428571428,225.0,72.88888888888889,3.0,0.0,1.0,0.0,72.0,31.0,117.0,36.0,67.0,97.0,441.0,3.774193548387097,68.33395314243212,187.0,199.0
Luke Travers,20.0,5.0,25.0,0.5,80.0,55.00000000000001,45.0,25.0,11.0,45.45454545454545,9.0,0.0,5.0,0.0,9.0,8.0,8.0,1.0,2.0,2.0,12.0,1.0,28.73563218390805,8.0,12.0
Mac McClung,2.0,0.0,0.0,0.0,,0.0,50.0,0.0,,,1.0,0.0,,,2.0,,3.0,,,,0.0,,,0.0,1.0
Malachi Flynn,13.0,5.0,38.46153846153846,0.8461538461538461,60.0,15.384615384615385,30.76923076923077,42.30769230769231,2.0,100.0,4.0,25.0,,,3.0,4.0,7.0,3.0,5.0,6.0,16.0,1.75,51.150895140664964,3.0,4.0
Malaki Branham,190.0,87.0,45.78947368421053,1.0947368421052632,67.816091954023,22.105263157894736,44.21052631578947,54.736842105263165,42.0,76.19047619047619,84.0,40.476190476190474,17.0,47.05882352941176,40.0,34.0,38.0,11.0,27.0,33.0,235.0,1.1176470588235294,57.45159397613925,7.0,44.0
Malcolm Brogdon,240.0,104.0,43.333333333333336,0.9333333333333333,45.19230769230769,35.41666666666667,23.333333333333332,46.666666666666664,85.0,64.70588235294117,56.0,28.57142857142857,5.0,40.0,24.0,38.0,98.0,13.0,81.0,92.0,305.0,2.5789473684210527,54.37107815173987,21.0,70.0
Malevy Leons,2.0,0.0,0.0,0.0,,0.0,50.0,0.0,,,1.0,0.0,1.0,0.0,5.0,1.0,1.0,,2.0,4.0,2.0,1.0,26.595744680851062,1.0,2.0
Malik Beasley,1071.0,461.0,43.04388422035481,1.1587301587301588,84.3817787418655,8.309990662931838,71.5219421101774,57.936507936507944,89.0,61.79775280898876,766.0,41.64490861618799,167.0,52.69461077844312,82.0,83.0,139.0,73.0,95.0,140.0,1336.0,1.6746987951807228,58.97933957266467,48.0,167.0
Malik Monk,939.0,412.0,43.87646432374867,1.02555910543131,57.03883495145631,19.701810436634716,45.580404685835994,51.2779552715655,185.0,61.62162162162163,428.0,32.476635514018696,53.0,45.28301886792453,65.0,159.0,362.0,61.0,154.0,178.0,1117.0,2.2767295597484276,54.89914677780836,30.0,213.0
MarJon Beauchamp,65.0,27.0,41.53846153846154,0.9846153846153847,44.44444444444444,23.076923076923077,44.61538461538462,49.23076923076923,15.0,73.33333333333333,29.0,34.48275862068966,10.0,30.0,32.0,15.0,11.0,4.0,15.0,20.0,79.0,0.7333333333333333,53.5230352303523,11.0,33.0
Marcus Bagley,69.0,27.0,39.130434782608695,0.855072463768116,59.25925925925926,43.47826086956522,46.3768115942029,42.7536231884058,30.0,70.0,32.0,15.625,13.0,30.76923076923077,10.0,7.0,10.0,9.0,8.0,10.0,67.0,1.4285714285714286,45.64032697547684,23.0,47.0
Marcus Garrett,27.0,11.0,40.74074074074074,0.9259259259259259,45.45454545454545,18.51851851851852,29.629629629629626,46.2962962962963,5.0,60.0,8.0,37.5,3.0,33.33333333333333,4.0,6.0,13.0,3.0,3.0,4.0,28.0,2.1666666666666665,48.67872044506258,1.0,5.0
Marcus Sasser,296.0,137.0,46.28378378378378,1.1216216216216217,48.90510948905109,15.54054054054054,51.35135135135135,56.08108108108109,46.0,69.56521739130434,152.0,38.15789473684211,23.0,39.130434782608695,54.0,54.0,133.0,37.0,43.0,51.0,375.0,2.462962962962963,58.88079387011682,18.0,51.0
Marcus Smart,257.0,101.0,39.29961089494164,0.9766536964980544,60.396039603960396,10.116731517509727,54.86381322957199,48.83268482490272,26.0,65.38461538461539,141.0,34.751773049645394,40.0,32.5,34.0,54.0,109.0,39.0,54.0,71.0,305.0,2.0185185185185186,52.90729947266167,18.0,54.0
Mark Williams,447.0,270.0,60.40268456375839,1.2080536912751678,80.74074074074075,67.56152125279642,0.8948545861297539,60.40268456375839,302.0,71.19205298013244,4.0,0.0,1.0,0.0,44.0,71.0,109.0,32.0,131.0,163.0,671.0,1.5352112676056338,64.6784392350401,131.0,314.0
Markelle Fultz,67.0,28.0,41.791044776119406,0.8955223880597015,57.142857142857146,7.462686567164178,11.940298507462686,44.776119402985074,5.0,80.0,8.0,50.0,6.0,50.0,21.0,15.0,27.0,10.0,1.0,1.0,61.0,1.8,45.22538552787663,6.0,14.0
Markieff Morris,70.0,21.0,30.0,0.7285714285714285,80.95238095238095,11.428571428571429,51.42857142857142,36.42857142857142,8.0,12.5,36.0,25.0,11.0,9.090909090909092,15.0,5.0,21.0,2.0,5.0,6.0,56.0,4.2,38.54625550660793,3.0,20.0
Marvin Bagley III,106.0,55.0,51.886792452830186,1.0660377358490567,56.36363636363637,55.660377358490564,17.92452830188679,53.301886792452834,59.0,71.1864406779661,19.0,15.789473684210526,6.0,16.666666666666664,30.0,12.0,11.0,9.0,23.0,35.0,136.0,0.9166666666666666,56.01317957166392,37.0,46.0
Mason Jones,18.0,9.0,50.0,1.0555555555555556,55.55555555555556,16.666666666666664,44.44444444444444,52.77777777777778,3.0,100.0,8.0,12.5,1.0,0.0,9.0,1.0,11.0,,4.0,5.0,23.0,11.0,56.93069306930694,2.0,7.0
Mason Plumlee,202.0,125.0,61.881188118811885,1.2376237623762376,77.6,70.79207920792079,1.9801980198019802,61.88118811881188,143.0,76.22377622377621,4.0,0.0,2.0,0.0,74.0,59.0,134.0,33.0,83.0,128.0,333.0,2.2711864406779663,64.45493960978631,117.0,339.0
Matas Buzelis,555.0,252.0,45.4054054054054,1.0810810810810811,80.55555555555556,36.93693693693694,47.927927927927925,54.054054054054056,205.0,59.02439024390244,266.0,36.09022556390977,135.0,36.2962962962963,80.0,74.0,79.0,29.0,88.0,108.0,688.0,1.0675675675675675,57.09354046338711,55.0,223.0
Matisse Thybulle,88.0,42.0,47.72727272727273,1.1931818181818181,78.57142857142857,21.59090909090909,54.54545454545454,59.65909090909091,19.0,68.42105263157895,48.0,43.75,26.0,42.30769230769231,15.0,13.0,28.0,33.0,7.0,15.0,112.0,2.1538461538461537,59.19661733615222,14.0,38.0
Matt Ryan,31.0,10.0,32.25806451612903,0.8387096774193549,100.0,16.129032258064516,61.29032258064516,41.935483870967744,5.0,60.0,19.0,31.57894736842105,8.0,25.0,17.0,3.0,3.0,2.0,2.0,2.0,28.0,1.0,43.91468005018821,0.0,8.0
Max Christie,590.0,252.0,42.71186440677966,1.0491525423728814,76.58730158730158,18.64406779661017,53.22033898305085,52.45762711864407,110.0,74.54545454545455,314.0,36.624203821656046,117.0,38.46153846153847,78.0,88.0,146.0,64.0,130.0,152.0,749.0,1.6590909090909092,57.01193520886616,38.0,220.0
Max Strus,373.0,165.0,44.23592493297587,1.1876675603217157,89.0909090909091,15.81769436997319,78.55227882037534,59.383378016085786,59.0,74.57627118644068,293.0,38.56655290102389,93.0,39.784946236559136,50.0,54.0,158.0,26.0,28.0,34.0,471.0,2.925925925925926,60.70213424064337,53.0,162.0
Maxi Kleber,96.0,37.0,38.541666666666664,0.90625,86.48648648648648,23.958333333333336,51.041666666666664,45.3125,23.0,56.52173913043478,49.0,26.53061224489796,17.0,23.52941176470588,34.0,23.0,43.0,9.0,16.0,21.0,103.0,1.8695652173913044,48.935765868491075,25.0,70.0
Maxwell Lewis,108.0,45.0,41.666666666666664,1.0092592592592593,75.55555555555556,27.77777777777778,46.2962962962963,50.46296296296296,30.0,63.33333333333333,50.0,38.0,20.0,35.0,26.0,14.0,19.0,9.0,7.0,10.0,116.0,1.3571428571428572,51.60142348754449,18.0,37.0
Micah Potter,135.0,57.0,42.22222222222222,1.0740740740740742,84.21052631578948,18.51851851851852,72.5925925925926,53.70370370370371,25.0,76.0,98.0,31.63265306122449,58.0,32.758620689655174,38.0,31.0,31.0,14.0,17.0,20.0,162.0,1.0,56.32823365785813,41.0,121.0
Michael Porter Jr.,1048.0,528.0,50.38167938931298,1.191793893129771,80.68181818181819,27.958015267175572,46.660305343511446,59.58969465648855,293.0,73.72013651877133,489.0,39.46830265848671,63.0,50.79365079365079,77.0,104.0,165.0,50.0,149.0,194.0,1398.0,1.5865384615384615,61.67501941130797,137.0,402.0
Mikal Bridges,1183.0,592.0,50.04226542688081,1.139475908706678,75.8445945945946,20.37193575655114,39.137785291631445,56.9737954353339,241.0,75.51867219917013,463.0,35.42116630669546,219.0,42.465753424657535,82.0,132.0,306.0,75.0,96.0,118.0,1444.0,2.3181818181818183,58.465325689113456,71.0,189.0
Mike Conley,468.0,187.0,39.957264957264954,1.0705128205128205,69.5187165775401,11.965811965811966,66.23931623931624,53.52564102564102,56.0,53.57142857142857,310.0,40.96774193548387,88.0,50.0,71.0,75.0,319.0,79.0,81.0,90.0,582.0,4.253333333333333,57.328605200945624,32.0,149.0
Miles Bridges,1089.0,469.0,43.06703397612488,0.9908172635445363,60.98081023454158,30.303030303030305,41.32231404958678,49.54086317722681,330.0,65.45454545454545,450.0,31.333333333333336,111.0,37.83783783783784,64.0,136.0,248.0,44.0,221.0,254.0,1300.0,1.8235294117647058,54.132382824211334,72.0,409.0
Miles McBride,547.0,222.0,40.58500914076782,1.0219378427787935,60.810810810810814,16.63619744058501,57.038391224862885,51.09689213893967,91.0,50.54945054945055,312.0,36.858974358974365,91.0,37.362637362637365,64.0,41.0,187.0,67.0,52.0,64.0,611.0,4.560975609756097,53.11565477432367,47.0,114.0
Miles Norris,9.0,2.0,22.22222222222222,0.6666666666666666,100.0,11.11111111111111,77.77777777777779,33.33333333333333,1.0,0.0,7.0,28.57142857142857,,,3.0,,,2.0,1.0,2.0,7.0,,35.425101214574894,2.0,7.0
Mitchell Robinson,56.0,37.0,66.07142857142857,1.3214285714285714,37.83783783783784,94.64285714285714,0.0,66.07142857142857,53.0,67.9245283018868,,,,,17.0,10.0,13.0,16.0,13.0,19.0,87.0,1.3,67.58856432566812,52.0,49.0
Mo Bamba,112.0,52.0,46.42857142857143,1.0625,75.0,33.035714285714285,48.214285714285715,53.125,37.0,75.67567567567568,54.0,27.77777777777778,19.0,26.31578947368421,32.0,20.0,18.0,9.0,19.0,27.0,138.0,0.9,55.69906360994511,32.0,112.0
Monté Morris,195.0,83.0,42.56410256410256,1.0102564102564102,62.65060240963855,10.256410256410255,44.1025641025641,50.51282051282051,20.0,65.0,86.0,36.04651162790697,41.0,36.58536585365854,45.0,21.0,73.0,20.0,36.0,42.0,233.0,3.4761904761904763,54.57185684841671,12.0,55.0
Moritz Wagner,249.0,140.0,56.22489959839358,1.2329317269076305,75.0,58.23293172690763,30.120481927710845,61.64658634538153,145.0,68.96551724137932,75.0,36.0,24.0,37.5,30.0,49.0,42.0,24.0,79.0,110.0,386.0,0.8571428571428571,64.89576328177539,40.0,108.0
Moses Brown,49.0,34.0,69.38775510204081,1.3877551020408163,64.70588235294117,69.38775510204081,0.0,69.38775510204081,34.0,85.29411764705883,,,,,11.0,11.0,2.0,6.0,8.0,11.0,76.0,0.18181818181818182,70.57949479940564,12.0,32.0
Moses Moody,568.0,246.0,43.309859154929576,1.0880281690140845,82.11382113821138,19.8943661971831,59.33098591549296,54.401408450704224,113.0,72.56637168141593,337.0,37.388724035608305,128.0,42.96875,74.0,54.0,96.0,59.0,106.0,133.0,724.0,1.7777777777777777,57.77948030390091,52.0,137.0
Mouhamed Gueye,171.0,72.0,42.10526315789474,0.9649122807017544,87.5,35.67251461988304,47.368421052631575,48.24561403508772,61.0,63.934426229508205,81.0,25.925925925925924,49.0,24.489795918367346,33.0,15.0,27.0,28.0,32.0,42.0,197.0,1.8,51.98437829850116,43.0,95.0
Moussa Diabaté,280.0,167.0,59.642857142857146,1.1928571428571428,74.25149700598803,71.42857142857143,2.142857142857143,59.64285714285714,200.0,66.0,6.0,0.0,2.0,0.0,45.0,40.0,38.0,23.0,54.0,87.0,308.0,0.95,48.385069749905746,115.0,164.0
Myles Turner,811.0,390.0,48.08877928483354,1.1541307028360048,90.0,23.05795314426634,48.581997533908755,57.706535141800245,187.0,69.5187165775401,394.0,39.59390862944163,56.0,50.0,72.0,123.0,111.0,54.0,184.0,238.0,1120.0,0.9024390243902439,61.15406456121959,90.0,380.0
N'Faly Dante,13.0,10.0,76.92307692307692,1.5384615384615385,60.0,69.23076923076923,0.0,76.92307692307693,9.0,77.77777777777779,,,,,4.0,2.0,2.0,1.0,4.0,5.0,24.0,1.0,78.94736842105263,6.0,15.0
Nae'Qwan Tomlin,32.0,13.0,40.625,0.875,53.84615384615385,53.125,31.25,43.75,17.0,52.94117647058824,10.0,20.0,1.0,0.0,5.0,2.0,2.0,,8.0,11.0,36.0,1.0,48.85993485342019,9.0,12.0
Naji Marshall,712.0,362.0,50.842696629213485,1.101123595505618,56.9060773480663,29.353932584269664,30.61797752808989,55.0561797752809,209.0,70.81339712918661,218.0,27.522935779816514,106.0,29.245283018867923,69.0,112.0,208.0,70.0,130.0,160.0,914.0,1.8571428571428572,58.41002044989775,75.0,252.0
Nate Williams,62.0,27.0,43.54838709677419,0.967741935483871,70.37037037037037,19.35483870967742,41.935483870967744,48.38709677419355,12.0,75.0,26.0,23.076923076923077,13.0,23.076923076923077,15.0,14.0,9.0,8.0,5.0,8.0,65.0,0.6428571428571429,49.60317460317461,5.0,8.0
Naz Reid,923.0,426.0,46.15384615384615,1.1126760563380282,75.5868544600939,24.160346695557962,50.05417118093174,55.633802816901415,223.0,65.91928251121077,462.0,37.878787878787875,111.0,37.83783783783784,80.0,108.0,181.0,58.0,111.0,143.0,1138.0,1.6759259259259258,57.71259331385914,90.0,386.0
Neemias Queta,203.0,132.0,65.02463054187191,1.3004926108374384,79.54545454545455,71.42857142857143,1.477832512315271,65.02463054187191,145.0,71.03448275862068,3.0,0.0,1.0,0.0,57.0,40.0,45.0,18.0,46.0,61.0,310.0,1.125,67.43821789070658,88.0,147.0
Nic Claxton,568.0,320.0,56.33802816901409,1.1355633802816902,67.8125,56.866197183098585,3.697183098591549,56.77816901408451,323.0,71.51702786377709,21.0,23.809523809523807,8.0,25.0,70.0,87.0,157.0,62.0,79.0,154.0,724.0,1.8045977011494252,56.93972568264755,156.0,358.0
Nick Richards,347.0,205.0,59.07780979827089,1.181556195965418,68.29268292682927,63.40057636887608,0.5763688760806917,59.0778097982709,220.0,70.9090909090909,2.0,0.0,2.0,0.0,57.0,81.0,49.0,14.0,119.0,160.0,529.0,0.6049382716049383,63.36847149017729,148.0,317.0
Nick Smith Jr.,568.0,222.0,39.08450704225352,0.9647887323943662,58.55855855855856,7.922535211267606,53.87323943661971,48.23943661971831,45.0,57.77777777777777,306.0,33.98692810457516,64.0,35.9375,59.0,82.0,145.0,17.0,43.0,46.0,591.0,1.7682926829268293,50.234598123215015,13.0,114.0
Nickeil Alexander-Walker,616.0,270.0,43.83116883116883,1.1055194805194806,80.74074074074075,19.967532467532468,60.064935064935064,55.27597402597403,123.0,63.41463414634146,370.0,38.108108108108105,137.0,47.44525547445255,82.0,99.0,223.0,50.0,92.0,118.0,773.0,2.2525252525252526,57.866211522338006,54.0,211.0
Nicolas Batum,238.0,104.0,43.69747899159664,1.2436974789915967,91.34615384615384,8.823529411764707,85.29411764705883,62.18487394957983,21.0,57.14285714285714,203.0,43.34975369458128,102.0,46.07843137254902,78.0,34.0,84.0,52.0,17.0,21.0,313.0,2.4705882352941178,63.29881896133311,47.0,171.0
Nikola Jokić,1364.0,786.0,57.624633431085044,1.2536656891495601,68.95674300254453,31.59824046920821,24.266862170087975,62.683284457478,431.0,71.92575406032483,331.0,41.69184290030212,15.0,53.333333333333336,70.0,230.0,716.0,127.0,361.0,451.0,2071.0,3.1130434782608694,66.2745449425258,196.0,688.0
Nikola Jović,377.0,172.0,45.62334217506631,1.1193633952254642,78.48837209302326,23.607427055702917,55.702917771883286,55.96816976127321,89.0,68.53932584269663,210.0,37.142857142857146,80.0,47.5,46.0,60.0,131.0,38.0,72.0,87.0,494.0,2.183333333333333,59.47794259294934,26.0,153.0
Nikola Vučević,1038.0,550.0,52.98651252408478,1.1840077071290944,81.27272727272727,26.300578034682083,30.924855491329478,59.200385356454724,273.0,65.93406593406593,321.0,40.18691588785047,27.0,40.74074074074074,73.0,119.0,256.0,61.0,120.0,149.0,1349.0,2.1512605042016806,61.12037406212622,176.0,556.0
Noah Clowney,372.0,133.0,35.75268817204301,0.9489247311827957,86.46616541353383,16.397849462365592,70.16129032258065,47.446236559139784,61.0,57.377049180327866,261.0,33.33333333333333,69.0,34.78260869565217,46.0,46.0,40.0,24.0,67.0,80.0,420.0,0.8695652173913043,51.57170923379175,42.0,137.0
Norman Powell,945.0,457.0,48.35978835978836,1.1566137566137566,67.6148796498906,26.031746031746035,45.29100529100529,57.830687830687836,246.0,65.04065040650406,428.0,41.822429906542055,66.0,39.39393939393939,60.0,108.0,125.0,73.0,213.0,265.0,1306.0,1.1574074074074074,61.510926902788256,21.0,169.0
OG Anunoby,1027.0,489.0,47.614410905550145,1.1187925998052581,79.14110429447852,37.9746835443038,44.7906523855891,55.93962999026291,390.0,65.64102564102564,460.0,37.173913043478265,216.0,37.96296296296296,74.0,102.0,164.0,110.0,183.0,226.0,1332.0,1.607843137254902,59.1243208692873,97.0,260.0
Obi Toppin,599.0,317.0,52.92153589315526,1.2420701168614356,82.96529968454259,34.05676126878131,50.25041736227045,62.10350584307178,204.0,78.43137254901961,301.0,36.544850498338874,120.0,45.0,79.0,68.0,128.0,46.0,89.0,114.0,833.0,1.8823529411764706,64.15983732823958,56.0,262.0
Ochai Agbaji,534.0,266.0,49.81273408239701,1.1853932584269662,85.71428571428571,41.38576779026217,47.37827715355805,59.269662921348306,221.0,65.61085972850678,253.0,39.920948616600796,144.0,40.97222222222222,64.0,54.0,98.0,58.0,34.0,48.0,667.0,1.8148148148148149,60.07710044675025,61.0,180.0
Olivier-Maxence Prosper,174.0,70.0,40.229885057471265,0.8735632183908046,70.0,43.103448275862064,29.310344827586203,43.67816091954023,75.0,60.0,51.0,23.52941176470588,35.0,25.71428571428571,47.0,14.0,40.0,26.0,49.0,76.0,201.0,2.857142857142857,48.4477439259545,44.0,81.0
Onyeka Okongwu,684.0,388.0,56.72514619883041,1.2046783625730995,79.63917525773196,54.824561403508774,21.637426900584796,60.23391812865497,375.0,70.13333333333334,148.0,32.432432432432435,81.0,34.5679012345679,74.0,90.0,168.0,69.0,164.0,216.0,988.0,1.8666666666666667,63.41137810638735,219.0,439.0
Orlando Robinson,261.0,116.0,44.44444444444444,0.9540229885057471,70.6896551724138,39.84674329501915,19.923371647509576,47.701149425287355,104.0,58.65384615384615,52.0,32.69230769230769,7.0,28.57142857142857,43.0,49.0,77.0,17.0,54.0,70.0,303.0,1.5714285714285714,51.91912268677176,89.0,131.0
Oscar Tshiebwe,70.0,42.0,60.0,1.2,59.523809523809526,50.0,0.0,60.0,35.0,71.42857142857143,,,,,14.0,10.0,9.0,13.0,23.0,31.0,107.0,0.9,63.96461023433764,46.0,76.0
Oshae Brissett,39.0,19.0,48.717948717948715,1.1282051282051282,63.1578947368421,35.8974358974359,46.15384615384615,56.41025641025641,14.0,64.28571428571429,18.0,33.33333333333333,6.0,33.33333333333333,6.0,8.0,4.0,4.0,8.0,14.0,52.0,0.5,57.57307351638619,7.0,15.0
Oso Ighodaro,187.0,113.0,60.42780748663102,1.2085561497326203,85.84070796460178,43.85026737967914,1.06951871657754,60.42780748663101,82.0,80.48780487804879,2.0,0.0,,,59.0,39.0,71.0,28.0,29.0,50.0,255.0,1.8205128205128205,61.004784688995215,67.0,155.0
Ousmane Dieng,125.0,54.0,43.2,1.048,81.48148148148148,23.200000000000003,56.8,52.400000000000006,29.0,65.51724137931035,71.0,32.3943661971831,22.0,31.818181818181817,36.0,18.0,31.0,17.0,11.0,16.0,142.0,1.7222222222222223,53.771584368373226,18.0,63.0
P.J. Tucker,7.0,3.0,42.857142857142854,1.2857142857142858,100.0,0.0,85.71428571428571,64.28571428571429,,,6.0,50.0,5.0,60.0,2.0,1.0,,1.0,,,9.0,,,4.0,4.0
P.J. Washington,665.0,301.0,45.26315789473684,1.0421052631578946,63.78737541528239,28.270676691729324,35.93984962406015,52.10526315789473,188.0,66.48936170212765,239.0,38.07531380753138,85.0,37.64705882352941,57.0,118.0,131.0,63.0,143.0,198.0,836.0,1.1101694915254237,55.57623783438813,82.0,359.0
PJ Dozier,3.0,2.0,66.66666666666667,2.0,100.0,0.0,100.0,100.0,,,3.0,66.66666666666666,1.0,100.0,5.0,1.0,5.0,1.0,1.0,6.0,7.0,5.0,62.056737588652474,1.0,4.0
PJ Hall,24.0,14.0,58.333333333333336,1.25,85.71428571428571,45.83333333333333,33.33333333333333,62.5,11.0,72.72727272727273,8.0,25.0,,,17.0,2.0,4.0,,3.0,4.0,33.0,2.0,64.0527950310559,6.0,16.0
Pacôme Dadiet,31.0,10.0,32.25806451612903,0.8387096774193549,100.0,12.903225806451612,61.29032258064516,41.935483870967744,4.0,50.0,19.0,31.57894736842105,8.0,12.5,13.0,3.0,5.0,1.0,4.0,5.0,23.0,1.6666666666666667,34.63855421686747,3.0,14.0
Paolo Banchero,911.0,412.0,45.22502744237102,1.0,40.29126213592233,26.5642151481888,29.857299670691546,50.0,242.0,66.11570247933885,272.0,31.985294117647058,26.0,26.923076923076923,47.0,136.0,219.0,36.0,280.0,385.0,1191.0,1.6102941176470589,55.11847463902257,51.0,294.0
Pascal Siakam,1182.0,613.0,51.86125211505922,1.143824027072758,66.88417618270799,28.934010152284262,27.411167512690355,57.1912013536379,342.0,72.80701754385966,324.0,38.88888888888889,97.0,40.20618556701031,78.0,109.0,263.0,70.0,226.0,308.0,1578.0,2.4128440366972477,59.88523893375432,133.0,407.0
Pat Connaughton,177.0,83.0,46.89265536723164,1.0847457627118644,75.90361445783132,38.4180790960452,45.76271186440678,54.23728813559322,68.0,63.23529411764706,81.0,32.098765432098766,20.0,20.0,40.0,24.0,70.0,9.0,24.0,31.0,216.0,2.9166666666666665,56.65127989928662,19.0,90.0
Pat Spencer,101.0,41.0,40.59405940594059,0.8613861386138614,60.97560975609756,30.693069306930692,21.782178217821784,43.06930693069307,31.0,48.38709677419355,22.0,22.727272727272727,3.0,33.33333333333333,33.0,18.0,48.0,14.0,11.0,15.0,98.0,2.6666666666666665,45.539033457249076,15.0,31.0
Patrick Baldwin Jr.,35.0,19.0,54.285714285714285,1.457142857142857,94.73684210526316,28.57142857142857,65.71428571428571,72.85714285714285,10.0,60.0,23.0,56.52173913043478,4.0,75.0,20.0,5.0,3.0,3.0,2.0,4.0,53.0,0.6,72.0892274211099,5.0,20.0
Patrick Williams,516.0,205.0,39.72868217054263,0.9806201550387597,74.14634146341463,23.643410852713178,52.71317829457365,49.031007751937985,122.0,50.0,272.0,35.294117647058826,61.0,37.704918032786885,63.0,86.0,124.0,48.0,60.0,83.0,566.0,1.441860465116279,51.21986534424094,43.0,194.0
Patty Mills,96.0,36.0,37.5,1.0208333333333333,69.44444444444444,5.208333333333334,78.125,51.041666666666664,5.0,60.0,75.0,34.66666666666667,12.0,50.0,25.0,17.0,26.0,13.0,13.0,14.0,111.0,1.5294117647058822,54.326546593578705,4.0,18.0
Paul George,570.0,245.0,42.98245614035088,1.0280701754385966,42.857142857142854,14.035087719298245,47.01754385964912,51.40350877192983,80.0,73.75,268.0,35.82089552238806,49.0,28.57142857142857,41.0,106.0,178.0,75.0,79.0,97.0,665.0,1.679245283018868,54.26976561989946,24.0,195.0
Paul Reed,142.0,72.0,50.70422535211268,1.0704225352112675,72.22222222222223,45.774647887323944,19.718309859154928,53.52112676056338,65.0,69.23076923076923,28.0,28.57142857142857,5.0,20.0,44.0,26.0,44.0,39.0,32.0,42.0,184.0,1.6923076923076923,57.32801595214357,40.0,83.0
Payton Pritchard,866.0,409.0,47.22863741339492,1.2390300230946882,59.41320293398533,15.011547344110854,72.2863741339492,61.95150115473441,130.0,75.38461538461539,626.0,40.73482428115016,104.0,46.15384615384615,80.0,83.0,279.0,70.0,71.0,84.0,1144.0,3.36144578313253,63.34721360857623,102.0,205.0
Pelle Larsson,203.0,89.0,43.8423645320197,1.0344827586206897,85.3932584269663,39.40886699507389,46.79802955665024,51.724137931034484,80.0,60.0,95.0,33.68421052631579,33.0,39.39393939393939,51.0,24.0,65.0,32.0,41.0,61.0,251.0,2.7083333333333335,54.603202227636615,28.0,64.0
Pete Nance,32.0,14.0,43.75,1.15625,92.85714285714286,15.625,75.0,57.8125,5.0,80.0,24.0,37.5,2.0,50.0,10.0,4.0,10.0,2.0,1.0,2.0,38.0,2.5,57.78588807785887,5.0,16.0
Peyton Watson,428.0,204.0,47.66355140186916,1.0654205607476634,84.31372549019608,45.5607476635514,31.775700934579437,53.271028037383175,195.0,63.589743589743584,136.0,35.294117647058826,76.0,44.73684210526316,68.0,56.0,94.0,48.0,95.0,137.0,551.0,1.6785714285714286,56.422544441713775,46.0,186.0
Phillip Wheeler,21.0,3.0,14.285714285714286,0.2857142857142857,33.333333333333336,52.38095238095239,47.61904761904761,14.285714285714285,11.0,27.27272727272727,10.0,0.0,3.0,0.0,5.0,1.0,2.0,1.0,2.0,2.0,8.0,2.0,18.281535648994517,2.0,6.0
Precious Achiuwa,327.0,164.0,50.15290519877676,1.033639143730887,71.34146341463415,58.71559633027523,11.009174311926607,51.681957186544345,192.0,61.979166666666664,36.0,27.77777777777778,28.0,28.57142857142857,57.0,45.0,55.0,47.0,41.0,69.0,379.0,1.2222222222222223,53.027759122453546,101.0,216.0
Quentin Grimes,823.0,384.0,46.658566221142166,1.1300121506682868,58.854166666666664,27.703523693803163,51.1543134872418,56.50060753341434,228.0,68.42105263157895,421.0,38.47980997624703,101.0,48.51485148514851,75.0,141.0,228.0,74.0,162.0,214.0,1092.0,1.6170212765957446,59.531597540232895,58.0,265.0
Quenton Jackson,122.0,58.0,47.540983606557376,1.0737704918032787,65.51724137931035,52.459016393442624,32.78688524590164,53.68852459016394,64.0,57.8125,40.0,37.5,13.0,30.76923076923077,25.0,16.0,53.0,21.0,31.0,40.0,162.0,3.3125,58.02292263610316,14.0,30.0
Quincy Olivari,5.0,1.0,20.0,0.6,100.0,0.0,100.0,30.0,,,5.0,20.0,1.0,0.0,2.0,1.0,1.0,,,,3.0,1.0,,,
Quinten Post,274.0,123.0,44.89051094890511,1.1642335766423357,92.6829268292683,18.97810218978102,65.32846715328468,58.21167883211679,52.0,50.0,179.0,40.78212290502793,49.0,42.857142857142854,42.0,33.0,56.0,16.0,21.0,27.0,340.0,1.696969696969697,59.46551000419756,34.0,113.0
RJ Barrett,982.0,460.0,46.84317718940937,1.0458248472505092,56.73913043478261,41.03869653767821,31.160896130346234,52.29124236252546,403.0,60.7940446650124,306.0,34.967320261437905,71.0,40.845070422535215,58.0,165.0,314.0,46.0,196.0,311.0,1223.0,1.903030303030303,54.65482106467413,61.0,305.0
RayJ Dennis,33.0,11.0,33.333333333333336,0.8484848484848485,45.45454545454545,6.0606060606060606,63.63636363636363,42.42424242424242,2.0,100.0,21.0,28.57142857142857,3.0,0.0,10.0,5.0,14.0,7.0,2.0,2.0,30.0,2.8,44.27390791027154,2.0,10.0
Rayan Rupert,142.0,58.0,40.84507042253521,0.9295774647887324,60.3448275862069,30.985915492957744,41.54929577464789,46.478873239436616,44.0,56.81818181818182,59.0,27.11864406779661,23.0,39.130434782608695,45.0,30.0,25.0,16.0,23.0,30.0,155.0,0.8333333333333334,49.935567010309285,26.0,43.0
Reece Beekman,107.0,35.0,32.71028037383178,0.719626168224299,57.142857142857146,35.51401869158878,37.38317757009346,35.981308411214954,38.0,55.26315789473685,40.0,17.5,16.0,25.0,33.0,21.0,63.0,33.0,16.0,21.0,93.0,3.0,40.00344115622849,13.0,26.0
Reed Sheppard,239.0,84.0,35.14644351464435,0.9037656903765691,61.904761904761905,10.0418410041841,59.41422594142259,45.18828451882845,24.0,62.5,142.0,33.80281690140845,24.0,25.0,52.0,37.0,75.0,35.0,13.0,16.0,229.0,2.027027027027027,46.537148431149404,16.0,62.0
Reggie Jackson,133.0,52.0,39.097744360902254,0.9699248120300752,61.53846153846154,14.285714285714285,55.639097744360896,48.49624060150376,19.0,57.89473684210527,74.0,33.78378378378378,15.0,40.0,31.0,17.0,45.0,16.0,7.0,9.0,136.0,2.6470588235294117,49.64953271028037,8.0,34.0
Richaun Holmes,139.0,90.0,64.74820143884892,1.2949640287769784,63.333333333333336,70.50359712230215,2.158273381294964,64.74820143884892,98.0,74.48979591836735,3.0,0.0,2.0,0.0,31.0,21.0,42.0,9.0,50.0,60.0,230.0,2.0,69.52841596130592,62.0,115.0
Ricky Council IV,463.0,177.0,38.22894168466523,0.8833693304535637,64.40677966101696,28.725701943844495,46.00431965442765,44.16846652267819,133.0,60.150375939849624,213.0,25.821596244131456,44.0,40.909090909090914,71.0,52.0,97.0,32.0,123.0,153.0,532.0,1.8653846153846154,50.158394931362196,51.0,162.0
Riley Minix,1.0,0.0,0.0,0.0,,0.0,100.0,0.0,,,1.0,0.0,,,1.0,,,,,,0.0,,,0.0,2.0
Rob Dillingham,211.0,93.0,44.07582938388626,1.0,35.483870967741936,27.96208530805687,35.07109004739337,50.0,59.0,62.71186440677966,74.0,33.78378378378378,12.0,50.0,45.0,53.0,98.0,20.0,8.0,15.0,219.0,1.849056603773585,50.32169117647059,12.0,38.0
Robert Williams III,78.0,50.0,64.1025641025641,1.294871794871795,76.0,76.92307692307693,3.8461538461538463,64.74358974358975,60.0,75.0,3.0,33.33333333333333,2.0,50.0,20.0,17.0,21.0,13.0,15.0,17.0,116.0,1.2352941176470589,67.85212915301825,35.0,83.0
Ron Harper Jr.,8.0,1.0,12.5,0.25,100.0,12.5,75.0,12.5,1.0,0.0,6.0,0.0,3.0,0.0,1.0,,2.0,,2.0,2.0,4.0,,22.52252252252252,4.0,3.0
Ronald Holland II,416.0,197.0,47.35576923076923,1.0336538461538463,67.00507614213198,37.980769230769226,36.29807692307692,51.682692307692314,158.0,66.45569620253164,151.0,23.841059602649008,75.0,20.0,81.0,72.0,82.0,49.0,92.0,122.0,522.0,1.1388888888888888,55.56974961676035,40.0,178.0
Royce O'Neale,570.0,241.0,42.280701754385966,1.1596491228070176,89.6265560165975,11.578947368421053,77.36842105263158,57.98245614035088,66.0,63.63636363636363,441.0,40.58956916099773,112.0,50.89285714285714,75.0,65.0,163.0,67.0,19.0,26.0,680.0,2.5076923076923077,58.475509080902576,52.0,296.0
Rudy Gobert,510.0,341.0,66.86274509803921,1.3372549019607842,70.67448680351906,83.72549019607844,0.0,66.86274509803921,427.0,75.64402810304449,,,,,72.0,89.0,127.0,56.0,184.0,273.0,866.0,1.4269662921348314,68.71706976448931,263.0,520.0
Rui Hachimura,576.0,293.0,50.86805555555556,1.1944444444444444,86.68941979522184,32.63888888888889,42.88194444444444,59.72222222222222,188.0,71.27659574468085,247.0,41.29554655870445,110.0,44.54545454545455,59.0,49.0,83.0,45.0,87.0,113.0,775.0,1.6938775510204083,61.92865818576999,78.0,216.0
Russell Westbrook,831.0,373.0,44.88567990373045,1.0108303249097472,53.35120643431635,38.86883273164862,35.018050541516246,50.54151624548736,323.0,64.39628482972137,291.0,32.302405498281786,106.0,42.45283018867924,75.0,242.0,457.0,106.0,154.0,233.0,994.0,1.8884297520661157,53.239352129574094,101.0,268.0
Ryan Dunn,477.0,205.0,42.9769392033543,1.0314465408805031,84.8780487804878,20.754716981132077,55.34591194968554,51.57232704402516,99.0,70.70707070707071,264.0,31.060606060606062,154.0,33.116883116883116,73.0,40.0,57.0,44.0,19.0,39.0,511.0,1.425,51.70390157034158,91.0,175.0
Ryan Rollins,271.0,132.0,48.708487084870846,1.154981549815498,56.06060606060606,26.56826568265683,44.28044280442804,57.7490774907749,72.0,66.66666666666666,120.0,40.833333333333336,52.0,48.07692307692308,55.0,53.0,104.0,42.0,36.0,45.0,349.0,1.9622641509433962,60.006877579092155,21.0,87.0
Sam Hauser,474.0,214.0,45.14767932489451,1.2531645569620253,92.05607476635514,6.751054852320674,84.17721518987342,62.65822784810127,32.0,71.875,399.0,41.60401002506266,113.0,45.13274336283185,71.0,23.0,64.0,41.0,11.0,11.0,605.0,2.782608695652174,63.17350263135913,44.0,180.0
Sam Merrill,424.0,172.0,40.56603773584906,1.134433962264151,95.34883720930233,8.962264150943396,86.79245283018868,56.72169811320755,38.0,71.05263157894737,368.0,37.22826086956522,84.0,39.285714285714285,71.0,35.0,108.0,53.0,28.0,29.0,509.0,3.085714285714286,58.26998809414782,38.0,119.0
Sandro Mamukelashvili,281.0,141.0,50.1779359430605,1.217081850533808,80.85106382978724,29.8932384341637,57.29537366548043,60.854092526690394,84.0,76.19047619047619,161.0,37.267080745341616,35.0,28.57142857142857,60.0,26.0,48.0,22.0,43.0,58.0,385.0,1.8461538461538463,62.80177476184262,62.0,125.0
Santi Aldama,648.0,313.0,48.30246913580247,1.1512345679012346,76.6773162939297,24.074074074074073,50.308641975308646,57.56172839506173,156.0,73.07692307692307,326.0,36.809815950920246,90.0,40.0,65.0,71.0,188.0,52.0,65.0,94.0,811.0,2.647887323943662,58.8226761053731,95.0,322.0
Scoot Henderson,685.0,287.0,41.8978102189781,0.9912408759124087,44.250871080139376,30.072992700729927,43.35766423357664,49.56204379562044,206.0,55.33980582524271,297.0,35.35353535353536,45.0,40.0,66.0,177.0,335.0,68.0,158.0,206.0,837.0,1.8926553672316384,53.955443246867105,52.0,146.0
Scottie Barnes,1063.0,474.0,44.590780809031045,0.9633113828786454,49.78902953586498,26.62276575729069,26.340545625587957,48.16556914393227,283.0,64.66431095406361,280.0,27.142857142857142,41.0,34.146341463414636,65.0,185.0,378.0,93.0,228.0,302.0,1252.0,2.0432432432432432,52.346389269826396,109.0,393.0
Scotty Pippen Jr.,594.0,285.0,47.97979797979798,1.106060606060606,64.56140350877193,32.659932659932664,36.868686868686865,55.3030303030303,194.0,61.855670103092784,219.0,39.726027397260275,47.0,51.06382978723404,79.0,138.0,347.0,103.0,122.0,171.0,779.0,2.5144927536231885,58.20034666188513,64.0,194.0
Seth Curry,343.0,164.0,47.8134110787172,1.1982507288629738,71.95121951219512,9.329446064139942,53.06122448979592,59.91253644314869,32.0,75.0,182.0,45.604395604395606,59.0,54.23728813559322,68.0,32.0,60.0,27.0,33.0,39.0,444.0,1.875,61.63927143491781,24.0,89.0
Shaedon Sharpe,1104.0,499.0,45.19927536231884,1.0371376811594204,49.699398797595194,26.6304347826087,42.7536231884058,51.85688405797102,294.0,71.08843537414967,472.0,31.14406779661017,84.0,35.714285714285715,72.0,150.0,198.0,62.0,190.0,242.0,1335.0,1.32,55.14341418280352,68.0,256.0
Shai Gilgeous-Alexander,1656.0,860.0,51.932367149758456,1.1370772946859904,23.837209302325583,25.483091787439616,26.268115942028984,56.85386473429952,422.0,69.66824644549763,435.0,37.47126436781609,15.0,33.33333333333333,76.0,183.0,486.0,131.0,601.0,669.0,2484.0,2.6557377049180326,63.68055128284009,67.0,311.0
Shake Milton,254.0,115.0,45.275590551181104,1.0551181102362204,57.391304347826086,21.653543307086615,41.732283464566926,52.75590551181102,55.0,61.81818181818181,106.0,35.84905660377358,36.0,33.33333333333333,53.0,40.0,102.0,25.0,47.0,59.0,315.0,2.55,56.25803686240892,31.0,73.0
Sidy Cissoko,30.0,13.0,43.333333333333336,0.9666666666666667,76.92307692307692,26.666666666666668,43.333333333333336,48.333333333333336,8.0,75.0,13.0,23.076923076923077,5.0,40.0,18.0,11.0,15.0,2.0,3.0,9.0,32.0,1.3636363636363635,47.11425206124852,8.0,13.0
Simone Fontecchio,373.0,150.0,40.21447721179624,1.0080428954423593,82.66666666666667,21.179624664879356,60.85790884718498,50.402144772117964,79.0,58.22784810126582,227.0,33.480176211453745,85.0,28.235294117647058,75.0,54.0,65.0,31.0,70.0,84.0,446.0,1.2037037037037037,54.39555078544248,52.0,163.0
Skal Labissiere,4.0,2.0,50.0,1.25,100.0,0.0,25.0,62.5,,,1.0,100.0,,,3.0,,1.0,,,,5.0,,,1.0,2.0
Spencer Dinwiddie,682.0,284.0,41.64222873900293,0.9926686217008798,34.15492957746479,17.888563049853374,47.80058651026393,49.63343108504399,122.0,58.19672131147541,326.0,33.43558282208589,63.0,41.269841269841265,78.0,102.0,349.0,70.0,195.0,243.0,872.0,3.4215686274509802,55.265426152208086,18.0,191.0
Spencer Jones,34.0,11.0,32.35294117647059,0.6764705882352942,90.9090909090909,20.588235294117645,50.0,33.82352941176471,7.0,57.14285714285714,17.0,5.88235294117647,11.0,0.0,17.0,5.0,5.0,5.0,3.0,3.0,26.0,1.0,36.80634201585504,8.0,9.0
Stanley Umude,26.0,5.0,19.23076923076923,0.5,80.0,11.538461538461538,57.692307692307686,25.0,3.0,66.66666666666666,15.0,20.0,10.0,20.0,16.0,3.0,4.0,3.0,2.0,4.0,15.0,1.3333333333333333,27.017291066282418,4.0,13.0
Stephen Curry,1258.0,564.0,44.83306836248013,1.143879173290938,60.283687943262414,12.87758346581876,62.32114467408585,57.1939586645469,162.0,64.19753086419753,784.0,39.66836734693878,85.0,48.23529411764706,70.0,200.0,421.0,80.0,279.0,299.0,1718.0,2.105,61.81812947983535,40.0,269.0
Stephon Castle,988.0,423.0,42.81376518218624,0.9524291497975709,53.427895981087474,37.14574898785425,33.70445344129555,47.621457489878544,367.0,62.67029972752044,333.0,28.52852852852853,50.0,34.0,81.0,177.0,332.0,74.0,249.0,344.0,1190.0,1.8757062146892656,52.22230023873051,88.0,207.0
Steven Adams,167.0,91.0,54.49101796407186,1.089820359281437,45.05494505494506,67.66467065868264,1.1976047904191618,54.49101796407185,113.0,61.94690265486725,2.0,0.0,,,58.0,54.0,66.0,22.0,43.0,93.0,225.0,1.2222222222222223,54.10734898037707,162.0,161.0
Svi Mykhailiuk,302.0,118.0,39.0728476821192,1.0132450331125828,61.86440677966102,11.920529801324504,67.21854304635761,50.66225165562914,36.0,55.55555555555556,203.0,34.48275862068966,51.0,35.294117647058826,37.0,52.0,76.0,19.0,28.0,35.0,334.0,1.4615384615384615,52.614996849401386,22.0,68.0
T.J. McConnell,624.0,324.0,51.92307692307692,1.0625,40.4320987654321,31.25,7.852564102564102,53.125,195.0,64.61538461538461,49.0,30.612244897959183,16.0,37.5,79.0,109.0,351.0,83.0,57.0,77.0,720.0,3.220183486238532,54.72122575545693,44.0,149.0
Taj Gibson,95.0,47.0,49.473684210526315,1.0,63.829787234042556,63.1578947368421,2.1052631578947367,50.0,60.0,55.00000000000001,2.0,50.0,2.0,50.0,35.0,25.0,21.0,9.0,12.0,20.0,107.0,0.84,51.541425818882466,51.0,69.0
Talen Horton-Tucker,291.0,133.0,45.70446735395189,1.0549828178694158,51.12781954887218,43.986254295532646,41.92439862542955,52.749140893470795,128.0,57.03125,122.0,33.60655737704918,27.0,40.74074074074074,55.0,40.0,83.0,21.0,72.0,98.0,379.0,2.075,56.71614988626841,19.0,81.0
Tari Eason,559.0,272.0,48.658318425760285,1.0858676207513416,63.60294117647059,43.112701252236135,32.91592128801431,54.29338103756708,241.0,66.80497925311202,184.0,34.23913043478261,71.0,36.61971830985916,57.0,65.0,83.0,97.0,79.0,104.0,686.0,1.2769230769230768,56.71671406839077,128.0,234.0
Taurean Prince,514.0,235.0,45.719844357976655,1.2003891050583657,90.63829787234043,19.26070038910506,65.1750972762646,60.019455252918284,99.0,58.58585858585859,335.0,43.88059701492537,173.0,45.08670520231214,80.0,82.0,155.0,76.0,39.0,48.0,656.0,1.8902439024390243,61.29466287935416,35.0,253.0
Taylor Hendricks,18.0,4.0,22.22222222222222,0.6111111111111112,100.0,11.11111111111111,66.66666666666666,30.555555555555557,2.0,50.0,12.0,25.0,7.0,42.857142857142854,3.0,2.0,2.0,5.0,3.0,4.0,14.0,1.0,35.425101214574894,5.0,10.0
Tazé Moore,10.0,2.0,20.0,0.5,50.0,20.0,40.0,25.0,2.0,50.0,4.0,25.0,,,,,,,,,,,,,
Terance Mann,413.0,205.0,49.63680387409201,1.1380145278450364,67.3170731707317,30.508474576271187,39.46731234866828,56.90072639225182,126.0,72.22222222222221,163.0,36.809815950920246,78.0,42.30769230769231,67.0,47.0,121.0,47.0,47.0,68.0,517.0,2.574468085106383,58.362684006141066,68.0,131.0
Terence Davis,2.0,0.0,0.0,0.0,,0.0,50.0,0.0,,,1.0,0.0,,,1.0,,1.0,,,,0.0,,,0.0,1.0
Terrence Shannon Jr.,114.0,55.0,48.24561403508772,1.0614035087719298,87.27272727272727,42.10526315789473,27.192982456140353,53.07017543859649,48.0,68.75,31.0,35.483870967741936,21.0,38.095238095238095,30.0,15.0,32.0,7.0,17.0,21.0,138.0,2.1333333333333333,55.988315481986376,10.0,37.0
Terry Rozier,635.0,248.0,39.05511811023622,0.9244094488188976,58.46774193548387,22.677165354330707,48.503937007874015,46.22047244094488,144.0,56.94444444444444,308.0,29.545454545454547,139.0,27.33812949640288,64.0,78.0,167.0,37.0,92.0,108.0,679.0,2.141025641025641,49.742132098693084,44.0,194.0
Terry Taylor,1.0,0.0,0.0,0.0,,0.0,0.0,0.0,,,,,,,2.0,,2.0,,,,0.0,,,1.0,0.0
Thomas Bryant,321.0,163.0,50.77881619937695,1.1651090342679127,76.07361963190183,38.940809968847354,46.10591900311526,58.25545171339564,125.0,67.2,148.0,32.432432432432435,53.0,41.509433962264154,66.0,30.0,53.0,28.0,55.0,64.0,429.0,1.7666666666666666,61.43315385496621,82.0,168.0
Tidjane Salaün,345.0,114.0,33.04347826086956,0.8289855072463768,76.3157894736842,22.318840579710145,59.42028985507246,41.449275362318836,77.0,57.14285714285714,205.0,28.292682926829265,46.0,34.78260869565217,55.0,51.0,63.0,26.0,63.0,90.0,328.0,1.2352941176470589,42.64170566822673,64.0,195.0
Tim Hardaway Jr.,680.0,276.0,40.588235294117645,1.0588235294117647,88.04347826086956,10.735294117647058,67.20588235294119,52.94117647058824,73.0,68.4931506849315,457.0,36.76148796498906,113.0,38.05309734513274,77.0,48.0,123.0,38.0,124.0,145.0,844.0,2.5625,56.73568163484808,18.0,165.0
Tobias Harris,805.0,384.0,47.701863354037265,1.067080745341615,63.28125,21.987577639751553,32.79503105590062,53.35403726708074,177.0,73.44632768361582,264.0,34.46969696969697,122.0,38.52459016393443,73.0,85.0,162.0,74.0,143.0,166.0,1002.0,1.9058823529411764,57.058903922372565,65.0,367.0
Tolu Smith,9.0,6.0,66.66666666666667,1.3333333333333333,66.66666666666667,100.0,0.0,66.66666666666666,9.0,66.66666666666666,,,,,1.0,2.0,,,2.0,3.0,14.0,,67.82945736434108,4.0,4.0
Tony Bradley,45.0,29.0,64.44444444444444,1.3111111111111111,75.86206896551724,68.88888888888889,6.666666666666667,65.55555555555556,31.0,64.51612903225806,3.0,33.33333333333333,3.0,33.33333333333333,12.0,5.0,6.0,2.0,2.0,6.0,61.0,1.2,64.02183039462636,18.0,24.0
Torrey Craig,90.0,38.0,42.22222222222222,1.1111111111111112,86.84210526315789,16.666666666666664,73.33333333333333,55.55555555555556,15.0,66.66666666666666,66.0,36.36363636363637,29.0,31.03448275862069,26.0,8.0,17.0,8.0,8.0,12.0,108.0,2.125,56.67506297229219,27.0,46.0
Tosan Evbuomwan,220.0,94.0,42.72727272727273,0.9636363636363636,67.02127659574468,29.09090909090909,35.0,48.18181818181818,64.0,67.1875,77.0,31.16883116883117,34.0,29.411764705882355,28.0,39.0,55.0,24.0,55.0,73.0,267.0,1.4102564102564104,52.95097572584484,32.0,88.0
Toumani Camara,716.0,328.0,45.81005586592179,1.1047486033519553,78.04878048780488,35.614525139664806,50.27932960893855,55.237430167597765,255.0,62.35294117647059,360.0,37.5,161.0,35.40372670807454,78.0,109.0,175.0,116.0,91.0,126.0,882.0,1.6055045871559632,57.165819765633096,170.0,276.0
Trae Young,1376.0,566.0,41.133720930232556,0.9811046511627907,28.975265017667844,15.915697674418606,46.656976744186046,49.05523255813954,219.0,52.51141552511416,642.0,33.95638629283489,51.0,43.13725490196079,76.0,355.0,880.0,91.0,491.0,561.0,1841.0,2.4788732394366195,56.721549875526854,36.0,200.0
Trayce Jackson-Davis,302.0,174.0,57.615894039735096,1.1523178807947019,79.88505747126437,70.86092715231787,0.9933774834437087,57.615894039735096,214.0,68.22429906542055,3.0,0.0,2.0,0.0,61.0,45.0,104.0,23.0,59.0,102.0,407.0,2.311111111111111,58.66582103321033,121.0,188.0
Tre Jones,238.0,128.0,53.78151260504202,1.1554621848739495,58.59375,44.537815126050425,20.168067226890756,57.773109243697476,106.0,67.9245283018868,48.0,39.58333333333333,24.0,45.83333333333333,46.0,35.0,192.0,37.0,55.0,67.0,330.0,5.485714285714286,61.686855091969484,31.0,85.0
Tre Mann,161.0,70.0,43.47826086956522,1.0186335403726707,30.0,32.298136645962735,37.267080745341616,50.931677018633536,52.0,44.230769230769226,60.0,40.0,15.0,40.0,13.0,25.0,39.0,7.0,19.0,21.0,183.0,1.56,53.74765037593985,12.0,26.0
Trendon Watford,350.0,164.0,46.857142857142854,1.02,46.951219512195124,37.42857142857143,25.142857142857146,51.0,131.0,60.30534351145038,88.0,32.95454545454545,24.0,29.166666666666668,44.0,83.0,115.0,27.0,93.0,122.0,450.0,1.3855421686746987,55.7372175980975,36.0,123.0
Trentyn Flowers,11.0,4.0,36.36363636363637,0.7272727272727273,50.0,45.45454545454545,18.181818181818183,36.36363636363637,5.0,40.0,2.0,0.0,1.0,0.0,4.0,1.0,,,3.0,3.0,11.0,,44.64285714285714,1.0,3.0
Trevelin Queen,147.0,56.0,38.095238095238095,0.9115646258503401,67.85714285714286,31.292517006802722,52.38095238095239,45.57823129251701,46.0,58.69565217391305,77.0,28.57142857142857,19.0,42.10526315789473,30.0,22.0,38.0,31.0,18.0,21.0,152.0,1.7272727272727273,48.64311315924219,26.0,28.0
Trey Alexander,41.0,13.0,31.70731707317073,0.7073170731707317,69.23076923076923,14.634146341463413,41.46341463414634,35.36585365853659,6.0,33.33333333333333,17.0,17.647058823529413,5.0,40.0,18.0,5.0,11.0,2.0,3.0,4.0,32.0,2.2,37.41814780168382,1.0,11.0
Trey Jemison III,74.0,41.0,55.4054054054054,1.1081081081081081,75.60975609756098,64.86486486486487,0.0,55.4054054054054,48.0,68.75,,,,,36.0,24.0,16.0,9.0,13.0,33.0,95.0,0.6666666666666666,53.66018978761862,44.0,61.0
Trey Lyles,374.0,157.0,41.97860962566845,1.0561497326203209,89.80891719745223,23.796791443850267,63.63636363636363,52.80748663101604,89.0,64.04494382022472,238.0,34.03361344537815,75.0,37.333333333333336,69.0,39.0,82.0,41.0,56.0,80.0,451.0,2.1025641025641026,55.10752688172044,80.0,235.0
Trey Murphy III,839.0,381.0,45.411203814064365,1.096543504171633,75.59055118110236,25.26817640047676,52.20500595947557,54.82717520858165,212.0,70.28301886792453,438.0,36.07305936073059,73.0,46.57534246575342,53.0,103.0,188.0,56.0,204.0,230.0,1124.0,1.825242718446602,59.77451606041267,46.0,221.0
Tristan Thompson,71.0,31.0,43.66197183098591,0.8732394366197183,70.96774193548387,52.112676056338024,4.225352112676056,43.66197183098591,37.0,56.75675675675676,3.0,0.0,1.0,0.0,39.0,14.0,24.0,2.0,7.0,30.0,69.0,1.7142857142857142,40.973871733966746,32.0,102.0
Tristan Vukcevic,242.0,120.0,49.586776859504134,1.1487603305785123,85.83333333333333,24.793388429752067,42.14876033057851,57.438016528925615,60.0,75.0,102.0,37.254901960784316,12.0,33.33333333333333,35.0,42.0,39.0,11.0,52.0,67.0,330.0,0.9285714285714286,60.777957860615885,26.0,104.0
Tristan da Silva,483.0,199.0,41.200828157349896,0.989648033126294,74.87437185929649,26.501035196687372,49.4824016563147,49.4824016563147,128.0,58.59375,239.0,33.47280334728033,97.0,36.08247422680412,74.0,56.0,113.0,33.0,55.0,63.0,533.0,2.017857142857143,52.1812343358396,73.0,171.0
Tristen Newton,8.0,1.0,12.5,0.25,0.0,12.5,37.5,12.5,1.0,100.0,3.0,0.0,,,7.0,2.0,2.0,1.0,1.0,1.0,3.0,1.0,17.77251184834123,2.0,2.0
Ty Jerome,618.0,319.0,51.61812297734628,1.2119741100323624,43.8871473354232,14.724919093851133,40.93851132686084,60.59870550161812,91.0,53.84615384615385,253.0,43.873517786561266,39.0,48.717948717948715,70.0,92.0,237.0,78.0,129.0,148.0,878.0,2.5760869565217392,64.26396533551937,50.0,123.0
TyTy Washington Jr.,45.0,14.0,31.11111111111111,0.7111111111111111,71.42857142857143,2.2222222222222223,46.666666666666664,35.55555555555556,1.0,100.0,21.0,19.047619047619047,8.0,25.0,13.0,3.0,16.0,3.0,3.0,6.0,35.0,5.333333333333333,36.733837111670866,4.0,9.0
Tyler Herro,1378.0,651.0,47.24238026124819,1.1269956458635704,52.22734254992319,16.545718432510885,48.62119013062409,56.34978229317852,228.0,65.35087719298247,670.0,37.46268656716418,81.0,45.67901234567901,77.0,198.0,424.0,69.0,287.0,327.0,1840.0,2.1414141414141414,60.4515467710989,35.0,364.0
Tyler Kolek,82.0,27.0,32.926829268292686,0.8292682926829268,62.96296296296296,18.29268292682927,57.3170731707317,41.46341463414634,15.0,40.0,47.0,29.78723404255319,11.0,36.36363636363637,38.0,18.0,70.0,12.0,13.0,17.0,81.0,3.888888888888889,45.26151095216808,8.0,19.0
Tyler Smith,50.0,24.0,48.0,1.22,87.5,24.0,60.0,61.0,12.0,66.66666666666666,30.0,43.333333333333336,10.0,40.0,21.0,8.0,4.0,3.0,6.0,8.0,67.0,0.5,62.59342301943198,6.0,19.0
Tyrese Haliburton,1006.0,476.0,47.31610337972167,1.1630218687872764,45.378151260504204,13.021868787276341,55.864811133200796,58.15109343936382,131.0,71.7557251908397,562.0,38.79003558718861,44.0,43.18181818181818,73.0,120.0,673.0,105.0,189.0,222.0,1359.0,5.608333333333333,61.566758480719045,42.0,216.0
Tyrese Martin,465.0,189.0,40.645161290322584,1.0258064516129033,74.07407407407408,16.989247311827956,60.64516129032258,51.29032258064517,79.0,69.62025316455697,282.0,35.1063829787234,92.0,39.130434782608695,59.0,74.0,122.0,34.0,46.0,58.0,523.0,1.6486486486486487,53.310772241702686,58.0,159.0
Tyrese Maxey,1091.0,477.0,43.72135655362053,1.0219981668194318,36.897274633123686,29.23923006416132,43.81301558203483,51.09990834097159,319.0,58.93416927899686,478.0,33.68200836820084,45.0,31.11111111111111,52.0,124.0,317.0,91.0,254.0,289.0,1369.0,2.556451612903226,56.19130491889407,15.0,159.0
Tyson Etienne,52.0,17.0,32.69230769230769,0.9038461538461539,100.0,11.538461538461538,84.61538461538461,45.19230769230769,6.0,33.33333333333333,44.0,29.545454545454547,14.0,42.857142857142854,7.0,8.0,12.0,3.0,8.0,10.0,55.0,1.5,48.758865248226954,3.0,6.0
Tyus Jones,683.0,306.0,44.80234260614934,1.1390922401171304,65.359477124183,8.345534407027818,58.711566617862374,56.95461200585652,57.0,75.43859649122807,401.0,41.39650872817955,149.0,47.651006711409394,81.0,91.0,429.0,69.0,51.0,57.0,829.0,4.714285714285714,58.538583210936615,40.0,156.0
Ulrich Chomche,5.0,2.0,40.0,0.8,100.0,40.0,0.0,40.0,2.0,50.0,,,,,7.0,2.0,2.0,,1.0,2.0,5.0,1.0,42.51700680272109,4.0,4.0
Vasilije Micić,273.0,95.0,34.798534798534796,0.8608058608058609,43.1578947368421,19.047619047619047,45.78754578754579,43.040293040293044,52.0,50.0,125.0,36.0,4.0,25.0,39.0,77.0,128.0,15.0,34.0,41.0,269.0,1.6623376623376624,46.21357888949972,20.0,69.0
Victor Wembanyama,857.0,408.0,47.60793465577596,1.117852975495916,75.73529411764706,24.154025670945156,47.024504084014005,55.892648774795795,207.0,75.36231884057972,403.0,35.235732009925556,27.0,33.33333333333333,46.0,149.0,168.0,52.0,158.0,189.0,1116.0,1.1275167785234899,59.35159972770593,83.0,424.0
Vince Williams Jr.,167.0,67.0,40.119760479041915,0.9580838323353293,73.13432835820896,18.562874251497004,56.886227544910184,47.90419161676647,31.0,61.29032258064516,95.0,27.368421052631582,29.0,41.37931034482759,27.0,33.0,55.0,12.0,19.0,24.0,179.0,1.6666666666666667,50.40549673349853,22.0,76.0
Vlatko Čančar,26.0,10.0,38.46153846153846,0.9230769230769231,80.0,34.61538461538461,57.692307692307686,46.15384615384615,9.0,44.44444444444444,15.0,26.666666666666668,4.0,50.0,11.0,11.0,9.0,3.0,,,24.0,0.8181818181818182,,6.0,26.0
Vít Krejčí,292.0,145.0,49.657534246575345,1.3013698630136987,82.06896551724138,14.726027397260275,70.54794520547945,65.06849315068493,43.0,72.09302325581395,206.0,43.689320388349515,46.0,54.347826086956516,52.0,46.0,143.0,33.0,28.0,38.0,394.0,3.108695652173913,63.81186835967867,21.0,130.0
Walker Kessler,419.0,278.0,66.34844868735084,1.3412887828162292,62.589928057553955,76.84964200477327,8.1145584725537,67.06443914081146,322.0,73.6024844720497,34.0,17.647058823529413,8.0,50.0,58.0,86.0,97.0,36.0,79.0,152.0,641.0,1.127906976744186,65.96278916604923,264.0,443.0
Wendell Carter Jr.,491.0,226.0,46.02851323828921,0.9959266802443992,79.64601769911505,38.085539714867615,32.17922606924644,49.79633401221996,187.0,69.5187165775401,158.0,23.417721518987342,58.0,25.862068965517242,68.0,77.0,134.0,52.0,129.0,175.0,618.0,1.7402597402597402,54.401408450704224,151.0,342.0
Wendell Moore Jr.,126.0,59.0,46.82539682539682,1.0476190476190477,67.79661016949153,42.857142857142854,32.53968253968254,52.38095238095239,54.0,61.111111111111114,41.0,34.146341463414636,22.0,40.909090909090914,31.0,27.0,42.0,20.0,18.0,22.0,150.0,1.5555555555555556,55.277122641509436,30.0,65.0
Xavier Tillman,53.0,13.0,24.528301886792452,0.5849056603773585,61.53846153846154,18.867924528301888,60.37735849056604,29.245283018867923,10.0,70.0,32.0,15.625,13.0,7.6923076923076925,31.0,14.0,7.0,11.0,3.0,4.0,34.0,0.5,31.044558071585097,10.0,33.0
Yuki Kawamura,30.0,11.0,36.666666666666664,0.9666666666666667,45.45454545454545,6.666666666666667,76.66666666666667,48.333333333333336,2.0,50.0,23.0,30.434782608695656,3.0,33.33333333333333,15.0,5.0,19.0,2.0,7.0,9.0,36.0,3.8,53.003533568904594,0.0,12.0
Yuri Collins,3.0,1.0,33.333333333333336,0.6666666666666666,0.0,0.0,0.0,33.33333333333333,,,,,,,2.0,,4.0,2.0,,,2.0,,,2.0,1.0
Yves Missi,492.0,269.0,54.67479674796748,1.0934959349593496,67.65799256505576,78.2520325203252,0.20325203252032523,54.67479674796748,385.0,58.96103896103896,1.0,0.0,,,73.0,82.0,99.0,37.0,127.0,204.0,665.0,1.2073170731707317,57.15415291529153,251.0,347.0
Zaccharie Risacher,779.0,357.0,45.82798459563543,1.0731707317073171,81.5126050420168,33.761232349165596,44.1591784338896,53.65853658536586,263.0,61.97718631178707,344.0,35.46511627906977,146.0,43.83561643835616,75.0,92.0,92.0,52.0,106.0,149.0,942.0,1.0,55.76868428530833,85.0,182.0
Zach Collins,302.0,153.0,50.66225165562914,1.119205298013245,85.62091503267973,40.728476821192054,35.099337748344375,55.960264900662246,123.0,70.73170731707317,106.0,30.18867924528302,25.0,28.000000000000004,64.0,60.0,111.0,29.0,69.0,78.0,407.0,1.85,60.50784966698382,102.0,186.0
Zach Edey,433.0,251.0,57.967667436489606,1.2009237875288683,66.13545816733068,56.581986143187066,12.009237875288683,60.046189376443415,245.0,73.87755102040816,52.0,34.61538461538461,16.0,25.0,66.0,88.0,65.0,36.0,90.0,127.0,610.0,0.7386363636363636,62.38749795450826,229.0,316.0
Zach LaVine,1223.0,625.0,51.103843008994275,1.2174979558462797,51.36,28.04578904333606,43.82665576451349,60.87489779231399,343.0,68.5131195335277,536.0,44.58955223880597,94.0,46.808510638297875,74.0,208.0,310.0,58.0,235.0,285.0,1724.0,1.4903846153846154,63.92761791753189,23.0,292.0
Zeke Nnaji,141.0,70.0,49.645390070921984,1.1134751773049645,82.85714285714286,49.645390070921984,36.87943262411347,55.673758865248224,70.0,67.14285714285714,52.0,32.69230769230769,28.0,32.142857142857146,54.0,14.0,23.0,25.0,27.0,44.0,184.0,1.6428571428571428,57.37091544025941,32.0,57.0
Ziaire Williams,520.0,214.0,41.15384615384615,1.021153846153846,79.90654205607477,28.846153846153843,58.07692307692308,51.05769230769231,150.0,59.333333333333336,302.0,34.105960264900666,129.0,31.007751937984494,63.0,67.0,84.0,62.0,101.0,123.0,632.0,1.2537313432835822,55.040758029680205,61.0,224.0
Zion Williamson,508.0,288.0,56.69291338582677,1.139763779527559,46.18055555555556,55.90551181102362,2.559055118110236,56.98818897637795,284.0,64.08450704225352,13.0,23.076923076923077,1.0,0.0,30.0,90.0,159.0,37.0,158.0,241.0,737.0,1.7666666666666666,60.01237704384079,76.0,139.0
Zyon Pullin,1.0,0.0,0.0,0.0,,0.0,0.0,0.0,,,,,,,1.0,,,,,,0.0,,,,
